Tutorial Group,Student ID,School,Name,Gender,CGPA,Assigned_Group,Vector_Displacement
G-1,2818,CoB (NBS),Oliver Tan,Male,4.09,G-1-1,0.420401
G-1,3838,EEE,Aarti Nair,Female,4.05,G-1-1,0.860483
G-1,71,SoH,Savannah Taylor,Female,4.19,G-1-1,1.060756
G-1,5703,SPMS,Karen Lee,Female,4.12,G-1-1,1.180424
G-1,1841,MAE,Jett Morales,Male,4.12,G-1-1,1.260424
G-1,4563,WKW SCI,Anjali Patel,Female,4.01,G-1-2,0.260693
G-1,4520,EEE,Henry Foster,Male,4.11,G-1-2,1.020408
G-1,1271,SSS,Priya Singh,Female,4.17,G-1-2,1.060621
G-1,235,CCDS,Ming Zhang,Male,4.06,G-1-2,1.220451
G-1,5708,SoH,Ananya Ramesh,Male,4.2,G-1-2,1.220836
G-1,809,CoB (NBS),Nisha Das,Female,4.26,G-1-3,0.261481
G-1,3148,EEE,Gabriel Young,Male,3.88,G-1-3,1.022259
G-1,4479,CCDS,Amelia Kim,Female,4.11,G-1-3,1.060408
G-1,4820,CoE,Meera Singh,Female,4.22,G-1-3,1.141019
G-1,588,MAE,Lucas Walker,Male,4.06,G-1-3,1.260451
G-1,567,CoB (NBS),Isabella Thompson,Female,4.03,G-1-4,0.260572
G-1,2091,EEE,Adlan Bin Rahman,Male,4.2,G-1-4,1.020836
G-1,659,SSS,Maria Ivanovna,Female,4.2,G-1-4,1.060836
G-1,3989,WKW SCI,Anthony Liu,Male,4.15,G-1-4,0.420518
G-1,2353,SBS,Karen Wong,Female,3.95,G-1-4,1.221248
G-1,1075,CoB (NBS),Felix Yip,Male,4.08,G-1-5,0.42041
G-1,3930,EEE,Xun Wei,Female,4.18,G-1-5,0.860685
G-1,2650,SoH,Nurul Shafika,Female,4.09,G-1-5,1.060401
G-1,4338,SPMS,Sana Jain,Female,4.22,G-1-5,1.181019
G-1,1645,CoE,Zachary Wu,Male,3.93,G-1-5,1.301497
G-1,1383,CoB (NBS),Areeba Khan,Female,4.19,G-1-6,0.260756
G-1,527,EEE,Mohit Desai,Male,4.06,G-1-6,1.020451
G-1,75,CCDS,Sakina Ahmed,Female,4.03,G-1-6,1.060572
G-1,1555,MAE,Prerna Gupta,Female,4.04,G-1-6,1.100524
G-1,1417,CoE,Darren Lee,Male,4.12,G-1-6,1.300424
G-1,5477,SoH,Vikram Desai,Male,4.09,G-1-7,1.220401
G-1,2115,EEE,Anya Kumar,Female,4.03,G-1-7,0.860572
G-1,162,SSS,Lila Patel,Female,4.07,G-1-7,1.060426
G-1,592,MSE,Zara Chang,Female,4.11,G-1-7,1.220408
G-1,2776,CCEB,Siddharth Nair,Male,4.14,G-1-7,1.380479
G-1,2326,CoB (NBS),Vivi Dwi,Female,3.95,G-1-8,0.261248
G-1,3628,EEE,Omer Ahmed,Male,4.06,G-1-8,1.020451
G-1,2417,SSS,Truong Minh Chau,Female,3.88,G-1-8,1.062259
G-1,5002,CCDS,Aarav Singh,Male,4.02,G-1-8,1.220629
G-1,3861,ASE,Layla Torres,Female,4.52,G-1-8,1.227605
G-1,288,CoB (NBS),Ajay Verma,Male,4.01,G-1-9,0.420693
G-1,2151,EEE,Mei Hong,Female,4.02,G-1-9,0.860629
G-1,2069,SSS,Kathy Lau,Female,4.48,G-1-9,1.066311
G-1,5119,ADM,Nhung Vu,Female,4.04,G-1-9,1.220524
G-1,1329,NIE,Nguyen Van Sam,Male,3.85,G-1-9,1.382813
G-1,2230,CoB (NBS),Harlow Wang,Female,4.18,G-1-10,0.260685
G-1,4576,EEE,Jie Zhang,Male,4.03,G-1-10,1.020572
G-1,4402,CCDS,Grace Turner,Female,4.08,G-1-10,1.06041
G-1,945,MAE,Han Li,Female,4.1,G-1-10,1.100401
G-1,4657,SoH,Oleg Petrovich,Male,4,G-1-10,1.220766
G-2,5750,WKW SCI,Chunhua,Female,3.9,G-2-1,0.205023
G-2,1726,CCEB,Lara Li,Female,4.2,G-2-1,0.964096
G-2,1428,MAE,Selena Tan,Female,4.17,G-2-1,1.083865
G-2,1877,CCDS,Zhengrong,Male,4.2,G-2-1,1.204096
G-2,764,CEE,Ahmad Ramlie,Male,4.02,G-2-1,1.323788
G-2,3611,CCDS,Sofia Chandra,Female,4.22,G-2-2,0.924291
G-2,3636,CCEB,Nadia Iqbal,Female,4.16,G-2-2,0.963804
G-2,1965,SBS,Stella Bryant,Female,3.88,G-2-2,1.085341
G-2,4392,EEE,Nathaniel Adams,Male,4.2,G-2-2,1.284096
G-2,248,SSS,Winston Villanueva,Male,4.03,G-2-2,1.323737
G-2,3527,WKW SCI,Eli Walker,Male,4.19,G-2-3,0.484011
G-2,1814,CCEB,Mingjing,Female,4.05,G-2-3,0.96366
G-2,321,SoH,Anya Chua,Female,4.01,G-2-3,1.083847
G-2,3615,MSE,Shalini Pillai,Female,4.22,G-2-3,1.084291
G-2,3026,NIE,David Ho,Male,4,G-2-3,1.403914
G-2,5080,CoB (NBS),Mira Lin,Female,4.15,G-2-4,0.203751
G-2,4759,CCEB,Xiu Li,Female,4.03,G-2-4,0.963737
G-2,4851,SSS,Fatima Rani,Female,4.09,G-2-4,1.0436
G-2,5103,CCDS,Ki-Hoon Kim,Male,4.03,G-2-4,1.203737
G-2,3533,CEE,Izzat Bin Ibrahim,Male,4.15,G-2-4,1.323751
G-2,3523,WKW SCI,Haroon Ali,Male,3.95,G-2-5,0.484368
G-2,5226,CCEB,Patricia Wong,Female,4.18,G-2-5,0.963934
G-2,2712,SBS,Mei Zhao,Female,4.12,G-2-5,1.083639
G-2,4123,NIE,Nguyen Thi Phuong,Female,4.03,G-2-5,1.123737
G-2,2788,MSE,Carter Moore,Male,4.17,G-2-5,1.363865
G-2,1765,CCDS,Aadhya Sharma,Female,4.01,G-2-6,0.923847
G-2,3926,EEE,Gisela Tan,Female,4.19,G-2-6,1.004011
G-2,5996,MAE,Fatima Yusof,Female,4.19,G-2-6,1.084011
G-2,3568,ASE,Tanya Sharma,Female,4.03,G-2-6,1.163737
G-2,5073,SoH,Quinn Lee,Male,4.01,G-2-6,1.363847
G-2,2611,CoB (NBS),Yang Zhang,Male,4.07,G-2-7,0.483614
G-2,2052,EEE,Layla Collins,Female,4.05,G-2-7,1.00366
G-2,5371,SBS,Lina Binti Ali,Female,4.19,G-2-7,1.084011
G-2,4558,MAE,Shirley Tan,Female,4.06,G-2-7,1.083633
G-2,3501,SoH,Derek Adams,Male,4.05,G-2-7,1.36366
G-2,2547,CCDS,Lila Zhao,Female,4.01,G-2-8,0.923847
G-2,4624,EEE,Tina Tan,Female,4.03,G-2-8,1.003737
G-2,5994,MSE,Zain Qureshi,Female,4.11,G-2-8,1.083618
G-2,1455,ADM,Sophia Koh,Female,4.15,G-2-8,1.163751
G-2,2473,SPMS,Jasper Lim,Male,4.12,G-2-8,1.443639
G-2,3212,CoB (NBS),Priya Gupta,Female,4.07,G-2-9,0.203614
G-2,460,CCDS,Brianna Johnson,Female,4.1,G-2-9,0.923605
G-2,5802,CEE,Addison Chen,Female,4.03,G-2-9,1.043737
G-2,586,EEE,Isaiah Turner,Male,4.18,G-2-9,1.283934
G-2,4453,SSS,Jesse Bennett,Male,4.03,G-2-9,1.323737
G-2,229,CoB (NBS),Lana Turner,Female,4.17,G-2-10,0.203865
G-2,3882,CCEB,Yoshiko Mori,Female,4.03,G-2-10,0.963737
G-2,4738,SSS,Hanafi Bin Mohd,Female,4.05,G-2-10,1.04366
G-2,1130,CCDS,Yuri Chekhov,Male,4.03,G-2-10,1.203737
G-2,4006,CEE,Ali Abubakar,Male,4.12,G-2-10,1.323639
G-3,1054,WKW SCI,Zeeshan Iqbal,Male,4.06,G-3-1,0.338081
G-3,3045,EEE,Jing Xuan,Female,4.03,G-3-1,1.018225
G-3,1648,MAE,Benjamin Hernandez,Male,4.79,G-3-1,1.076769
G-3,341,CCDS,Cecilia Chen,Female,4.03,G-3-1,1.098225
G-3,1242,CCEB,Qing Li,Female,4.01,G-3-1,1.258361
G-3,3612,CoB (NBS),Maya Zhang,Female,3.9,G-3-2,0.339681
G-3,4764,EEE,Evelyn Wong,Female,3.85,G-3-2,1.020601
G-3,1782,CCDS,Harvey Smith,Male,4.05,G-3-2,1.098121
G-3,3028,CEE,Hunter Green,Male,4.97,G-3-2,1.127929
G-3,3237,SPMS,Tomi Budi,Male,4.05,G-3-2,1.258121
G-3,4981,EEE,Aditi Bhatia,Female,4.1,G-3-3,1.018001
G-3,5781,MAE,Hina Bhatia,Female,4.15,G-3-3,1.058081
G-3,1474,CEE,Riya Shah,Female,4.09,G-3-3,1.098009
G-3,2098,SoH,Zhen Yu,Male,4.09,G-3-3,1.218009
G-3,5580,SSS,Wei Fang,Male,4.12,G-3-3,1.258009
G-3,5187,CoB (NBS),Rita Rani,Female,4.05,G-3-4,0.338121
G-3,5730,EEE,Qing Zhao,Male,4.11,G-3-4,1.018001
G-3,2061,CCDS,Leo Li,Male,4.15,G-3-4,1.098081
G-3,585,SoH,Naina Kapoor,Female,4.12,G-3-4,1.218009
G-3,584,CCEB,Ella Cheung,Female,4.1,G-3-4,1.258001
G-3,26,WKW SCI,Autumn Diaz,Female,4.03,G-3-5,0.338225
G-3,3296,MAE,Christian Ward,Male,4.11,G-3-5,1.058001
G-3,3409,CCDS,Milo Tan,Male,4.17,G-3-5,1.098169
G-3,1693,SoH,Jasmine Sari,Female,4.05,G-3-5,1.218121
G-3,310,SSS,Zeeshan Bukhari,Female,4.17,G-3-5,1.258169
G-3,3418,CoB (NBS),Kobe Alexander,Male,4.02,G-3-6,0.338289
G-3,5989,EEE,Rachel Ong,Female,3.96,G-3-6,1.018841
G-3,2764,CEE,Maya Patel,Female,4.09,G-3-6,1.098009
G-3,2746,CoE,Xuan Zhang,Male,4.2,G-3-6,1.218361
G-3,2121,MSE,Jianli,Male,4.2,G-3-6,1.258361
G-3,5842,EEE,Harvey Tan,Male,4.1,G-3-7,1.018001
G-3,2680,MAE,Nida Waseem,Female,4,G-3-7,1.058441
G-3,3152,CEE,Lily Zhou,Female,4.2,G-3-7,1.098361
G-3,4723,CoE,Asher Brown,Male,4.15,G-3-7,1.218081
G-3,3740,ADM,Zuri Lin,Female,4.02,G-3-7,1.298289
G-3,3414,CoB (NBS),Keng Tan,Male,4.15,G-3-8,0.338081
G-3,668,EEE,Riya Desai,Female,4.08,G-3-8,1.018025
G-3,3569,MAE,Neha Sharma,Female,3.86,G-3-8,1.060401
G-3,4291,CEE,Ethan Lee,Male,4.02,G-3-8,1.098289
G-3,1144,MSE,Gabriel Wood,Male,4.22,G-3-8,1.258529
G-3,3405,CoB (NBS),Nadia Noor,Female,4.03,G-3-9,0.338225
G-3,3463,MAE,Felix Tsang,Male,4,G-3-9,1.058441
G-3,2701,CEE,Nguyen Van Tam,Male,4.18,G-3-9,1.098225
G-3,2124,CCDS,Keith Tan,Male,3.96,G-3-9,1.098841
G-3,650,SPMS,Olivia Goh,Female,4.15,G-3-9,1.258081
G-3,5379,WKW SCI,Gita Saputra,Female,4.15,G-3-10,0.338081
G-3,2119,EEE,Khairul Anuar Bin Mohd,Male,4.05,G-3-10,1.018121
G-3,1947,MAE,Keira Lee,Female,3.94,G-3-10,1.059089
G-3,1314,CCDS,Nashit Bhatia,Male,4.22,G-3-10,1.098529
G-3,1710,CoE,Mansoor Aslam,Male,3.95,G-3-10,1.218961
G-4,3925,CoB (NBS),Sophia Mitchell,Female,4.07,G-4-1,0.168403
G-4,1830,WKW SCI,Fiona Yeo,Female,4.21,G-4-1,0.169086
G-4,3236,CCDS,Xiu Fen,Female,4.11,G-4-1,0.968438
G-4,3431,CCEB,Dylan Ward,Male,4.15,G-4-1,1.248602
G-4,5401,EEE,David Hughes,Male,4.15,G-4-1,1.288602
G-4,1619,CoB (NBS),Aiden Turner,Male,4,G-4-2,0.52865
G-4,3674,CCDS,Xiaoping,Female,4.1,G-4-2,0.968418
G-4,5568,LKCMedicine,Sophie Fox,Female,4.08,G-4-2,1.0884
G-4,2802,ADM,Nina Baker,Female,4.12,G-4-2,1.128467
G-4,791,CEE,Arvind Rao,Male,4.15,G-4-2,1.488602
G-4,865,CoB (NBS),Meera Bansal,Female,3.97,G-4-3,0.168875
G-4,1930,EEE,Gracie Scott,Female,4.22,G-4-3,0.929195
G-4,5625,MAE,Nora Pineda,Female,3.92,G-4-3,1.009411
G-4,4700,SBS,Ruby Kwan,Female,4.16,G-4-3,1.088662
G-4,2727,SoH,Kieran Ross,Male,4.18,G-4-3,1.408808
G-4,1101,CoB (NBS),Nozomi Takahashi,Female,4.26,G-4-4,0.16971
G-4,430,EEE,Lan Huang,Female,4.05,G-4-4,0.928434
G-4,345,CoE,Hana Tan,Female,4.09,G-4-4,1.048405
G-4,3500,ASE,Sania Bukhari,Female,4.04,G-4-4,1.128461
G-4,842,SSS,Santiago De Leon,Male,4.01,G-4-4,1.40859
G-4,5979,CoB (NBS),Parvati Chatterjee,Female,4.09,G-4-5,0.168405
G-4,2775,CCEB,Zainab Farooq,Female,4.15,G-4-5,0.888602
G-4,1991,CCDS,Emily Tan,Female,4.03,G-4-5,0.968496
G-4,3155,EEE,Luca Wu,Male,4.02,G-4-5,1.288539
G-4,4944,SoH,William Harris,Male,4.12,G-4-5,1.408467
G-4,5644,CoB (NBS),Fatimah Abdullah,Female,4.15,G-4-6,0.168602
G-4,3600,CCEB,Ming Li Tan,Female,3.85,G-4-6,0.890498
G-4,2107,MAE,Cathy Ng,Female,4.08,G-4-6,1.0084
G-4,5413,LKCMedicine,Nurul Hafiza,Female,4.2,G-4-6,1.088986
G-4,1302,SoH,Zachary Nelson,Male,4.12,G-4-6,1.408467
G-4,1162,CoB (NBS),Eryan,Female,4.2,G-4-7,0.168986
G-4,4671,EEE,Juliati Wibowo,Female,4,G-4-7,0.92865
G-4,3831,SSS,Molly Chen,Female,4.03,G-4-7,1.048496
G-4,1899,SBS,Charlotte Tsai,Female,4.14,G-4-7,1.088549
G-4,5450,CoE,Emilio Garcia,Male,4.03,G-4-7,1.408496
G-4,1535,CoB (NBS),Sofia Khan,Female,4.02,G-4-8,0.168539
G-4,67,CCEB,Laura Tan,Female,3.95,G-4-8,0.889066
G-4,3498,MAE,Lina Tan,Female,4.11,G-4-8,1.008438
G-4,4046,CCEB,Kiran Patel,Male,4.17,G-4-8,1.248731
G-4,2985,CCDS,Elias Carter,Male,4.14,G-4-8,1.328549
G-4,4163,CoB (NBS),Esther Lee,Female,4.12,G-4-9,0.168467
G-4,3371,CCEB,Dapeng,Female,3.95,G-4-9,0.889066
G-4,3949,MAE,Pooja Verma,Female,4.22,G-4-9,1.009195
G-4,4605,CCEB,Derek Yang,Male,4.1,G-4-9,1.248418
G-4,1734,CCDS,Dmitry Orlov,Male,3.9,G-4-9,1.329682
G-4,3073,WKW SCI,Charles Robinson,Male,4,G-4-10,0.52865
G-4,2391,EEE,Sanya Mehta,Female,4.02,G-4-10,0.928539
G-4,3159,SSS,Rongwei,Female,3.95,G-4-10,1.049066
G-4,1184,MSE,Aaliyah Morgan,Female,4.2,G-4-10,1.128986
G-4,2341,CoE,Elan Shah,Male,3.85,G-4-10,1.410498
G-5,999,CoE,Marcus Turner,Male,3.88,G-5-1,1.399165
G-5,3227,EEE,Savannah Hayes,Female,3.9,G-5-1,0.878865
G-5,385,SPMS,Rhea Joshi,Female,4.2,G-5-1,1.038197
G-5,192,SSS,Layla Chen,Female,4.21,G-5-1,1.078299
G-5,5458,CCDS,Tian Gao,Male,4.48,G-5-1,1.204071
G-5,564,CoB (NBS),Qi Wang,Female,4.25,G-5-2,0.198786
G-5,554,EEE,Sophie Zhou,Female,4.11,G-5-2,0.877641
G-5,5290,MSE,Tanya Qureshi,Female,3.95,G-5-2,1.078253
G-5,1018,CCEB,Aria Morales,Female,4.26,G-5-2,1.078928
G-5,4931,SPMS,Lucas White,Male,4.06,G-5-2,1.317613
G-5,3798,CoB (NBS),Hassan Bin Yusof,Male,4,G-5-3,0.477842
G-5,3231,CCDS,Xiaofang,Female,4.15,G-5-3,0.917809
G-5,1922,CCEB,Ananya Choudhury,Female,4.03,G-5-3,1.077691
G-5,2825,SoH,Tatiana Morozova,Female,4.11,G-5-3,1.157641
G-5,4472,CoB (NBS),Ying Chen,Female,4.22,G-5-3,0.198409
G-5,2025,CoB (NBS),Xue Rui,Female,3.8,G-5-4,0.200687
G-5,1952,EEE,Riya Ali,Female,4.15,G-5-4,0.877809
G-5,4569,MSE,Rina Sato,Female,4.19,G-5-4,1.078104
G-5,5788,CoE,Samantha Taylor,Female,4.16,G-5-4,1.11787
G-5,5912,MAE,Dorian Wu,Male,4.14,G-5-4,1.397755
G-5,5658,CoB (NBS),Nisha Tan,Female,4.21,G-5-5,0.198299
G-5,614,EEE,Naomi Tanaka,Female,3.9,G-5-5,0.878865
G-5,1048,SPMS,Imogen Butler,Female,4.14,G-5-5,1.037755
G-5,2316,EEE,Exiang,Male,3.95,G-5-5,1.158253
G-5,1674,CCDS,Liam Reyes,Male,4.14,G-5-5,1.197755
G-5,1387,WKW SCI,Elijah Clark,Male,4.04,G-5-6,0.477657
G-5,2028,EEE,Harlow Diaz,Female,4.12,G-5-6,0.877671
G-5,1246,SSS,Yue Zhang,Female,4.07,G-5-6,1.077602
G-5,5047,MAE,Victoria Ward,Female,4,G-5-6,1.117842
G-5,4333,MSE,Anthony Parker,Male,4.1,G-5-6,1.35762
G-5,4766,CoB (NBS),Dylan Kim,Male,4.16,G-5-7,0.47787
G-5,3341,CCDS,Olive Li,Female,4.01,G-5-7,0.917784
G-5,1784,CCEB,Nadia Chai,Female,4.03,G-5-7,1.077691
G-5,2961,SBS,Danying,Female,4.05,G-5-7,1.157631
G-5,1976,NIE,Christopher Harris,Male,4.05,G-5-7,1.437631
G-5,5445,CoB (NBS),Samuel Huang,Male,4.19,G-5-8,0.478104
G-5,2383,CCDS,Rebecca Lee,Female,4.05,G-5-8,0.917631
G-5,5732,SSS,Michelle Kwan,Female,4.18,G-5-8,1.078018
G-5,975,ADM,Anushka Desai,Female,3.96,G-5-8,1.158155
G-5,3226,ASE,Aarav Patel,Male,3.9,G-5-8,1.438865
G-5,776,CoB (NBS),Suhana Roy,Female,4.2,G-5-9,0.198197
G-5,938,CoB (NBS),Ryan Hall,Male,3.88,G-5-9,0.479165
G-5,5755,CCDS,Katherine Lim,Female,3.88,G-5-9,0.919165
G-5,2309,EEE,Dmitri Andreev,Male,4.03,G-5-9,1.157691
G-5,2801,SPMS,Dorian Wu,Male,4.22,G-5-9,1.318409
G-5,5044,CoB (NBS),Shu Zhang,Female,4.01,G-5-10,0.197784
G-5,2171,WKW SCI,Gavin Carter,Male,3.94,G-5-10,0.47836
G-5,1336,CCDS,Wendy Wong,Female,4.18,G-5-10,0.918018
G-5,5026,EEE,Jamal Bin Rahman,Male,4.1,G-5-10,1.15762
G-5,4015,LKCMedicine,Priya Rao,Female,3.95,G-5-10,1.158253
G-6,4343,CoB (NBS),Suresh Nair,Male,3.91,G-6-1,0.43662
G-6,4419,SoH,Lianhua,Female,3.85,G-6-1,0.997668
G-6,206,MSE,Hannah Binti Ahmad,Female,4,G-6-1,1.115587
G-6,4516,LKCMedicine,Claire Ng,Female,4.79,G-6-1,1.214332
G-6,974,CoE,Dylan Ong,Male,4.1,G-6-1,1.3952
G-6,2265,CoB (NBS),Ranjit Singh,Male,4.03,G-6-2,0.435387
G-6,1827,SoH,Miranda Chang,Female,4.02,G-6-2,0.995446
G-6,798,SPMS,Jade Wibowo,Female,4.2,G-6-2,1.115613
G-6,5567,SBS,Mira Zhao,Female,4.26,G-6-2,1.156245
G-6,2422,CEE,Cameron Yang,Male,4.08,G-6-2,1.355214
G-6,5985,CoB (NBS),Elijah Huang,Male,4.03,G-6-3,0.435387
G-6,2939,SoH,Isha Patel,Female,4.04,G-6-3,0.995336
G-6,3079,EEE,Khalid Bin Mohd,Male,4.25,G-6-3,1.076119
G-6,1177,CCEB,Anum Malik,Female,4.22,G-6-3,1.155791
G-6,5167,CEE,Asher Edwards,Male,4.02,G-6-3,1.355446
G-6,4345,CoB (NBS),Clara Tan,Female,3.95,G-6-4,0.236081
G-6,4182,EEE,Meera Rao,Female,4.26,G-6-4,0.876245
G-6,2402,EEE,Gabriel Howard,Male,4.09,G-6-4,1.075203
G-6,3915,SSS,Abigail Nelson,Female,4.06,G-6-4,1.155259
G-6,1124,CCDS,Yuri Lebedev,Male,4.17,G-6-4,1.235405
G-6,5070,CoB (NBS),Alyssa Wong,Female,4.18,G-6-5,0.235466
G-6,4430,EEE,Vicky Tan,Female,4.22,G-6-5,0.875791
G-6,4322,CCDS,Lily Zhao,Female,4.22,G-6-5,1.035791
G-6,3891,NIE,Sarah Robinson,Female,3.9,G-6-5,1.116775
G-6,1716,SPMS,Rajesh Iyer,Male,4,G-6-5,1.315587
G-6,3098,CoB (NBS),Aadhya Patel,Female,4.19,G-6-6,0.235536
G-6,2455,EEE,Yuki Hoshino,Female,4.22,G-6-6,0.875791
G-6,416,EEE,Li Wei Tan,Male,4,G-6-6,1.075587
G-6,2774,SSS,Maya Brown,Female,3.95,G-6-6,1.156081
G-6,5113,CCDS,Brady Yang,Male,4.15,G-6-6,1.235307
G-6,4257,WKW SCI,Yasmine Tan,Female,4.14,G-6-7,0.235269
G-6,4311,EEE,Umi Lestari,Female,4.05,G-6-7,0.875294
G-6,1951,CCDS,Madison Clark,Female,4.03,G-6-7,1.035387
G-6,3538,SoH,Elliot Wong,Male,4.19,G-6-7,1.195536
G-6,2090,MSE,Emilio Cruz,Male,4.09,G-6-7,1.315203
G-6,2938,CoB (NBS),Siti Mariam,Female,4.02,G-6-8,0.235446
G-6,1427,EEE,Rhea Tan,Female,4.22,G-6-8,0.875791
G-6,1967,CCDS,Angela Zhou,Female,4.19,G-6-8,1.035536
G-6,1654,NIE,Riya Singh,Female,3.92,G-6-8,1.116473
G-6,5426,SPMS,Henry Ramirez,Male,4.14,G-6-8,1.315269
G-6,2748,CoB (NBS),Brayden Lewis,Male,4.09,G-6-9,0.435203
G-6,1641,SoH,Harper Hall,Female,4.12,G-6-9,0.995219
G-6,1154,EEE,Wei Chen,Male,4,G-6-9,1.075587
G-6,1310,CCEB,Pauline Fung,Female,4.18,G-6-9,1.155466
G-6,4590,NIE,Kendall Yang,Male,4.01,G-6-9,1.315513
G-6,2883,WKW SCI,Ryo Tanaka,Male,4.01,G-6-10,0.435513
G-6,2971,SoH,Diana Ng,Female,3.98,G-6-10,0.995761
G-6,4390,MSE,Aubrey Carter,Female,4.02,G-6-10,1.115446
G-6,1610,MAE,Puja Nair,Female,4.11,G-6-10,1.195205
G-6,3285,SBS,Kian Wei Lim,Male,4.05,G-6-10,1.355294
G-7,2755,CoB (NBS),Bingwen,Male,4.52,G-7-1,0.307734
G-7,4320,EEE,Bilal Hussain,Male,4.01,G-7-1,0.940668
G-7,5243,CCEB,Soo-Yeon Lee,Female,4.02,G-7-1,1.140606
G-7,328,MAE,Evelyn Kelly,Female,4.26,G-7-1,1.141532
G-7,4197,MSE,Eli Tan,Male,3.89,G-7-1,1.262029
G-7,433,CoB (NBS),Priscilla Tan,Female,3.88,G-7-2,0.382194
G-7,4772,EEE,Anish Bhatia,Male,4.35,G-7-2,0.943067
G-7,4318,SoH,Hassan Malik,Male,4.05,G-7-2,1.14047
G-7,2113,CCDS,Sofia Martinez,Female,4.08,G-7-2,1.220406
G-7,2263,SBS,Indriani Wulandari,Female,4.25,G-7-2,1.261401
G-7,690,EEE,Hikaru Kuroda,Male,4.12,G-7-3,0.940432
G-7,2463,CCEB,Harsh Kumar,Male,4.19,G-7-3,1.060786
G-7,2967,CCDS,Oscar Lim,Male,4.11,G-7-3,1.140413
G-7,1357,SoH,Isabella Clark,Female,4.04,G-7-3,1.220507
G-7,3298,SSS,Xena Kwan,Female,4.14,G-7-3,1.300493
G-7,3924,CoB (NBS),Ayesha Shirin,Female,4.02,G-7-4,0.380606
G-7,2498,EEE,Ahmad bin Ali,Male,4.18,G-7-4,0.940711
G-7,5102,CCEB,Ursula Scott,Female,4.07,G-7-4,1.140419
G-7,3805,NIE,Charlie Wong,Male,4.15,G-7-4,1.180535
G-7,5077,SPMS,Neha Joshi,Female,4.17,G-7-4,1.260645
G-7,135,CoB (NBS),Waleed Iqbal,Male,4.21,G-7-5,0.300959
G-7,4351,EEE,Zoe Parker,Female,4.18,G-7-5,1.020711
G-7,984,MAE,Siti Aminah,Female,3.95,G-7-5,1.141204
G-7,5622,CCDS,Derek Johnson,Male,3.9,G-7-5,1.141871
G-7,2057,ADM,Noah Huang,Male,4.2,G-7-5,1.220868
G-7,550,EEE,Yong Jie,Male,4.15,G-7-6,0.940535
G-7,3624,MAE,Minh Tran,Male,3.9,G-7-6,1.061871
G-7,927,CCEB,Sofia Patel,Female,4.13,G-7-6,1.140458
G-7,4853,SBS,Andre Green,Male,4.03,G-7-6,1.180553
G-7,4184,SSS,Yun Chen,Female,4.2,G-7-6,1.300868
G-7,88,CoB (NBS),Addison Yang,Female,4.09,G-7-7,0.3804
G-7,1074,EEE,Matthew Lee,Male,4.02,G-7-7,0.940606
G-7,3257,MAE,Aria Khan,Female,4.14,G-7-7,1.140493
G-7,1116,NIE,Hunter Powell,Male,4.14,G-7-7,1.180493
G-7,4601,SPMS,Rosa Martinez,Female,4,G-7-7,1.260737
G-7,4398,EEE,Aiden Smith,Male,4.12,G-7-8,0.940432
G-7,5729,CCEB,Aiman Bin Azman,Male,4.1,G-7-8,1.060403
G-7,2655,MAE,Vera Yip,Female,4.14,G-7-8,1.140493
G-7,3407,CCDS,Ariana Tsai,Female,4.03,G-7-8,1.220553
G-7,1462,SBS,Yvonne Reyes,Female,3.9,G-7-8,1.261871
G-7,5145,EEE,Isaiah Lee,Male,4.03,G-7-9,0.940553
G-7,73,SoH,Daniel Robinson,Male,4.08,G-7-9,1.140406
G-7,5193,SoH,Min-Seok Lee,Male,4.22,G-7-9,1.141057
G-7,5822,SPMS,Daniel Patel,Male,3.88,G-7-9,1.182194
G-7,2211,CEE,Rita Chan,Female,4.07,G-7-9,1.340419
G-7,2159,CoB (NBS),Shinji Yoshida,Male,3.91,G-7-10,0.301722
G-7,955,CCEB,Devika Mehta,Female,4.1,G-7-10,1.140403
G-7,4279,MAE,Yuan Yi,Female,4.3,G-7-10,1.142134
G-7,2472,NIE,Cheng Wei,Male,4.08,G-7-10,1.180406
G-7,3448,ADM,Yoshinori Yamashita,Male,3.89,G-7-10,1.222029
G-8,5387,CoB (NBS),Tian Wei,Female,4.02,G-8-1,0.278999
G-8,5883,CCDS,Kira Tanaka,Female,4.04,G-8-1,0.918902
G-8,3068,EEE,Rafiq Bin Zain,Male,4.2,G-8-1,1.079279
G-8,3623,SoH,Zane Carter,Male,4.12,G-8-1,1.238835
G-8,5334,MAE,Souta Watanabe,Male,4.04,G-8-1,1.278902
G-8,1708,CoB (NBS),Mason Hughes,Male,3.89,G-8-2,0.40041
G-8,4942,EEE,Cindy Wong,Female,4.2,G-8-2,0.959279
G-8,4774,CCEB,Zara Rahman,Female,4.03,G-8-2,1.118947
G-8,2711,MSE,Anushka Verma,Female,4.25,G-8-2,1.199816
G-8,4548,CoE,Michael Young,Male,4.19,G-8-2,1.279195
G-8,5860,CoB (NBS),Wei Chen,Female,4.05,G-8-3,0.278866
G-8,4048,CCDS,Dmitry Petrov,Male,4.14,G-8-3,1.038898
G-8,3948,EEE,Harry Ho,Male,4.12,G-8-3,1.078835
G-8,2496,CoE,Ayla Wong,Female,4.04,G-8-3,1.158902
G-8,3368,SoH,Nathan Adams,Male,4.18,G-8-3,1.23912
G-8,2339,WKW SCI,Laila Ali,Female,4.04,G-8-4,0.278902
G-8,5111,EEE,Yuki Takeda,Female,3.92,G-8-4,0.959964
G-8,1497,CCDS,Jacob Robinson,Male,4.48,G-8-4,1.044865
G-8,5265,MAE,Aria Singh,Female,3.95,G-8-4,1.159591
G-8,5031,CEE,Dominic Li,Male,4.14,G-8-4,1.278898
G-8,5515,CoB (NBS),Seung-Jin Han,Male,4.02,G-8-5,0.398999
G-8,786,CCDS,Neha Iyer,Female,4.05,G-8-5,0.918866
G-8,917,SoH,Lara Cruz,Female,4.07,G-8-5,1.118817
G-8,3897,LKCMedicine,Alena Chang,Female,4.15,G-8-5,1.238941
G-8,1673,MSE,Levi Parker,Male,4.14,G-8-5,1.318898
G-8,3514,CoB (NBS),Michael Zhang,Male,4.11,G-8-6,0.398815
G-8,4893,CCDS,Fatima Tan,Female,3.86,G-8-6,0.920927
G-8,2188,CCEB,Suki Wang,Female,4.12,G-8-6,1.118835
G-8,2785,CEE,Angela Tan,Female,4.14,G-8-6,1.158898
G-8,179,MAE,Liam Hill,Male,4.19,G-8-6,1.279195
G-8,3898,CoB (NBS),Mila Reed,Female,4.19,G-8-7,0.279195
G-8,2374,CCDS,Thao Le,Male,4.12,G-8-7,1.038835
G-8,2591,EEE,Liu Hong,Male,4.17,G-8-7,1.079052
G-8,4208,CEE,Mia Morgan,Female,4.01,G-8-7,1.15906
G-8,4889,SSS,Wendy Au,Female,3.92,G-8-7,1.239964
G-8,593,CCDS,Poppy Cahyani,Female,4.1,G-8-8,0.918804
G-8,4709,EEE,Avery Li,Female,4.04,G-8-8,0.958902
G-8,5529,SoH,Jane Smith,Female,4.02,G-8-8,1.118999
G-8,4717,ASE,Dara Cheng,Female,4.04,G-8-8,1.238902
G-8,1904,SPMS,Kyle Wang,Male,4.2,G-8-8,1.359279
G-8,4643,WKW SCI,Kiran Rane,Female,4.12,G-8-9,0.278835
G-8,2979,CCDS,Aidan Foster,Male,4.05,G-8-9,1.038866
G-8,1267,EEE,Joshua White,Male,4.09,G-8-9,1.0788
G-8,542,CoE,Mei Wang,Female,4.11,G-8-9,1.158815
G-8,5537,CCEB,Aminah Binte,Male,4.02,G-8-9,1.238999
G-8,4527,CoB (NBS),Jade Chang,Female,4.18,G-8-10,0.27912
G-8,2387,CCDS,Sofia Chen,Female,4.18,G-8-10,0.91912
G-8,4580,EEE,Landon Lim,Male,4.03,G-8-10,1.078947
G-8,2694,CCEB,Cheng Li,Male,4.14,G-8-10,1.238898
G-8,4334,SBS,Amara Belle,Female,3.91,G-8-10,1.240105
G-9,4428,WKW SCI,Tanvi Sinha,Female,4.18,G-9-1,0.307202
G-9,3033,EEE,Aayush Gupta,Male,4.2,G-9-1,0.947378
G-9,5312,SoH,Ying Wang,Female,4,G-9-1,1.147055
G-9,4658,CCDS,Naman Singh,Male,4.19,G-9-1,1.187286
G-9,4086,MSE,Rafael Gonzalez,Male,4.04,G-9-1,1.266863
G-9,2974,CoB (NBS),Lian Zhang,Female,4.1,G-9-2,0.306816
G-9,2976,EEE,Lucas Ramirez,Male,4.06,G-9-2,0.946816
G-9,688,NIE,Farah Rahman,Female,4.01,G-9-2,1.106995
G-9,563,SoH,Kiran Mehta,Male,4.14,G-9-2,1.186945
G-9,5140,CCEB,Tania Noor,Female,4.18,G-9-2,1.227202
G-9,4016,CoB (NBS),Anika Sharma,Female,4.08,G-9-3,0.3068
G-9,3357,CoB (NBS),Darren Lee,Male,3.9,G-9-3,0.348093
G-9,1451,EEE,Kieran Kim,Male,4.48,G-9-3,0.953206
G-9,173,SPMS,Chandni Kapoor,Female,3.88,G-9-3,1.188397
G-9,605,CCEB,Soo-Jung Kim,Female,4.14,G-9-3,1.226945
G-9,1441,CoB (NBS),Quiana Villanueva,Female,3.88,G-9-4,0.308397
G-9,737,EEE,Lena Chen,Female,4.22,G-9-4,0.907586
G-9,4112,NIE,Jin-Ho Park,Male,4.3,G-9-4,1.14874
G-9,3899,MAE,Mimi Binti Rahman,Female,4,G-9-4,1.187055
G-9,2642,SBS,Liam Tan,Male,4.06,G-9-4,1.306816
G-9,5939,CoB (NBS),Sharon Goh,Female,3.9,G-9-5,0.308093
G-9,706,EEE,Amir Ali,Male,4.22,G-9-5,0.947586
G-9,5224,SoH,Nancy Tan,Female,4.12,G-9-5,1.146865
G-9,3799,SPMS,Eli Brown,Male,4.03,G-9-5,1.226899
G-9,4014,SSS,Nisha Patel,Female,4.14,G-9-5,1.266945
G-9,119,CoB (NBS),Evangeline Rivera,Female,4.02,G-9-6,0.306943
G-9,55,EEE,Aarav Kumar,Male,4.19,G-9-6,0.947286
G-9,866,NIE,Adeline Ng,Female,4.15,G-9-6,1.106997
G-9,3460,SoH,Arif Hussain,Male,4.01,G-9-6,1.186995
G-9,2991,CEE,Yuri Li,Male,4.03,G-9-6,1.266899
G-9,2158,CoB (NBS),Na Li,Female,4.15,G-9-7,0.306997
G-9,959,EEE,Henry Clark,Male,4.04,G-9-7,0.946863
G-9,4012,NIE,Umar Faisal,Male,4.05,G-9-7,1.146836
G-9,5028,MAE,Peizhen,Female,4.05,G-9-7,1.186836
G-9,807,MSE,Andre Green,Male,4.09,G-9-7,1.266804
G-9,1890,CoB (NBS),Ravi Kumar,Male,4.09,G-9-8,0.346804
G-9,780,EEE,Aurora Chang,Female,4.02,G-9-8,0.906943
G-9,1158,CCDS,Bryan Villanueva,Male,4.08,G-9-8,1.1868
G-9,1020,CEE,Lillian Wu,Female,4.02,G-9-8,1.226943
G-9,4953,ASE,Fumiko Yamashita,Female,4.09,G-9-8,1.266804
G-9,4991,CoB (NBS),Felicia Cheung,Female,4.08,G-9-9,0.3068
G-9,536,EEE,Nicolas Xu,Male,4.08,G-9-9,0.9468
G-9,1284,NIE,Katherine Sari,Female,4.05,G-9-9,1.106836
G-9,2632,CCDS,Faisal Noor,Male,4.14,G-9-9,1.186945
G-9,3465,SPMS,Rohan Nair,Male,3.94,G-9-9,1.227582
G-9,1052,CoB (NBS),Riley Parker,Male,4.08,G-9-10,0.3468
G-9,1095,EEE,Hannah Li,Female,4.06,G-9-10,0.906816
G-9,2350,CCDS,Violet Wang,Female,4,G-9-10,1.147055
G-9,1718,MAE,Lily Cheng,Female,4.12,G-9-10,1.186865
G-9,3673,LKCMedicine,Parker Li,Male,3.91,G-9-10,1.307953
G-10,3395,CoB (NBS),Michael Miller,Male,3.95,G-10-1,0.322729
G-10,5856,MAE,Sophie Cheung,Female,4.2,G-10-1,0.921869
G-10,2857,SoH,Tianming,Female,4.2,G-10-1,1.161869
G-10,4477,SPMS,Yuzhi,Male,4.25,G-10-1,1.202297
G-10,3111,CEE,Marco Garcia,Male,4.04,G-10-1,1.281843
G-10,3794,CoB (NBS),Christopher Miller,Male,4.17,G-10-2,0.321708
G-10,3364,MAE,Rhea Kapoor,Female,4,G-10-2,0.922157
G-10,4077,SoH,Yasir Ahmad,Male,4.52,G-10-2,1.128064
G-10,2631,CCDS,Kiara Lin,Female,4.06,G-10-2,1.201735
G-10,2405,ASE,Soo-Young Kim,Female,3.88,G-10-2,1.283866
G-10,4108,MAE,Rizan Bin Ahmad,Male,4.11,G-10-3,0.881603
G-10,565,SoH,Isaiah Scott,Male,4.15,G-10-3,1.121641
G-10,16,EEE,Tatum Flores,Female,4.2,G-10-3,1.161869
G-10,3189,CCEB,Rhea Lee,Female,4.07,G-10-3,1.241692
G-10,5420,NIE,Nina Patil,Female,4.1,G-10-3,1.321613
G-10,223,MAE,Jaxon Hall,Male,4.12,G-10-4,0.8816
G-10,3388,EEE,Zaki Bin Ibrahim,Male,4,G-10-4,1.122157
G-10,403,SoH,Hae-Jin Lee,Female,4.52,G-10-4,1.168064
G-10,2515,CoE,Tanya Lee,Female,4.04,G-10-4,1.241843
G-10,2581,ASE,Alyssa Green,Female,3.94,G-10-4,1.282867
G-10,5734,MAE,Hassan Malik,Male,4.03,G-10-5,0.88191
G-10,2253,EEE,Dante Wu,Male,4.18,G-10-5,1.121754
G-10,2031,CCDS,Kendrick Alvarado,Male,4.18,G-10-5,1.161754
G-10,1139,SPMS,Nurul Aini Binti Ahmad,Female,4.2,G-10-5,1.241869
G-10,3963,SSS,Yasmine Villanueva,Female,4.02,G-10-5,1.321984
G-10,516,ADM,Tao Liu,Male,4.05,G-10-6,1.281785
G-10,4308,MAE,Sho Nakajima,Male,4.27,G-10-6,0.882524
G-10,611,SPMS,Hendra Mulyana,Male,4.1,G-10-6,1.201613
G-10,3841,SBS,Benjamin Turner,Male,4.06,G-10-6,1.241735
G-10,5121,MSE,Ximena Fernandez,Female,4.12,G-10-6,1.3216
G-10,4020,CoB (NBS),Leo Xu,Male,4.12,G-10-7,0.3216
G-10,298,MAE,Freya Chen,Female,4.09,G-10-7,0.921631
G-10,5624,EEE,Cheng Zhang,Male,4.11,G-10-7,1.121603
G-10,3499,CCDS,Kira Yamada,Female,4.26,G-10-7,1.202407
G-10,5122,CCEB,Kerry Lim,Female,4.01,G-10-7,1.242067
G-10,435,WKW SCI,Kiran Farooq,Female,4.15,G-10-8,0.361641
G-10,3329,MAE,Adrian Castillo,Male,4.07,G-10-8,0.881692
G-10,3732,CCDS,Liam Jones,Male,4.2,G-10-8,1.161869
G-10,171,CCEB,Nina Bennett,Female,4.08,G-10-8,1.241658
G-10,375,SBS,Kaya Chang,Female,4.05,G-10-8,1.281785
G-10,4588,CoB (NBS),Paula Wong,Female,4.06,G-10-9,0.361735
G-10,2863,MAE,Will Chen,Male,4.23,G-10-9,0.882102
G-10,3843,EEE,Mia Zhang,Female,4.18,G-10-9,1.161754
G-10,3903,CoE,Xiao Chen,Male,3.86,G-10-9,1.204263
G-10,1468,MAE,Ming Wei,Male,4.19,G-10-9,0.881807
G-10,5695,WKW SCI,Rhys Tan,Male,4.06,G-10-10,0.321735
G-10,594,MAE,Ananya Singh,Female,4.2,G-10-10,0.921869
G-10,560,SoH,Ayesha Javed,Female,4.09,G-10-10,1.161631
G-10,2255,CoE,Xander Cook,Male,4.1,G-10-10,1.201613
G-10,3051,LKCMedicine,Hunter Wilson,Male,4.06,G-10-10,1.281735
G-11,4866,CoB (NBS),Richa Agarwal,Female,3.97,G-11-1,0.292818
G-11,1505,EEE,Wesley Turner,Male,4.09,G-11-1,0.932413
G-11,5396,CCDS,Alison Wong,Female,4,G-11-1,1.092609
G-11,5744,SSS,Tania Kurnia,Female,4.3,G-11-1,1.174476
G-11,342,CCEB,Ethan Ong,Male,4.08,G-11-1,1.292402
G-11,5844,CoB (NBS),Chloe Hu,Female,4.03,G-11-2,0.292471
G-11,1759,CoB (NBS),Kunal Tan,Male,3.8,G-11-2,0.375364
G-11,972,EEE,Dylan Anderson,Male,4.25,G-11-2,0.933665
G-11,796,SSS,Tanvi Agarwal,Female,4.2,G-11-2,1.173053
G-11,268,ADM,Nora Zhang,Female,4.16,G-11-2,1.212708
G-11,4587,CoB (NBS),Ying Zhao,Female,3.91,G-11-3,0.293452
G-11,5386,EEE,Arun Singh,Male,4.06,G-11-3,0.932406
G-11,5747,MAE,Cleo Wang,Female,4.17,G-11-3,1.132783
G-11,5491,CCDS,Caleb Murphy,Male,4.05,G-11-3,1.17242
G-11,4712,CoE,Neha Kapoor,Female,4.2,G-11-3,1.213053
G-11,4450,CoB (NBS),Charlotte Martin,Female,4.01,G-11-4,0.292555
G-11,1955,EEE,William Carter,Male,4.1,G-11-4,0.932431
G-11,5714,CoB (NBS),Alondra Santos,Female,4.08,G-11-4,0.292402
G-11,1996,SSS,Daya Kumari,Female,3.9,G-11-4,1.173586
G-11,5408,CEE,Peiyu,Male,4.3,G-11-4,1.254476
G-11,3687,CoB (NBS),Noah Wilson,Male,4.05,G-11-5,0.37242
G-11,2300,EEE,Liang Mei,Female,4.12,G-11-5,0.852491
G-11,4266,MAE,Dewi Astuti,Female,3.9,G-11-5,1.133586
G-11,1377,ADM,Nguyen Hoang Khoa,Female,4.14,G-11-5,1.212584
G-11,1156,SBS,Hugo Huang,Male,4.17,G-11-5,1.292783
G-11,5889,WKW SCI,Tyler Moore,Male,4.02,G-11-6,0.372509
G-11,5846,EEE,Tara Kumar,Female,4.01,G-11-6,0.852555
G-11,5936,MAE,Lian Liu,Female,4,G-11-6,1.132609
G-11,3869,CCDS,Sebastian Mitchell,Male,4.04,G-11-6,1.172441
G-11,5697,MSE,Aisha Fitria,Female,4.3,G-11-6,1.254476
G-11,5452,CCDS,Zainab Rahman,Female,4.15,G-11-7,1.092642
G-11,4299,CoB (NBS),Seth Lim,Male,4.22,G-11-7,0.373274
G-11,3974,EEE,Zhao Rui,Male,4.17,G-11-7,0.932783
G-11,1288,CEE,Elena Vladimirovna,Female,3.87,G-11-7,1.174035
G-11,4041,SBS,Nina Butler,Female,3.91,G-11-7,1.213452
G-11,1183,WKW SCI,Tian Yi,Male,4,G-11-8,0.372609
G-11,4216,EEE,Jacob Howard,Male,4.03,G-11-8,0.932471
G-11,4595,EEE,Jovian Tan,Male,4.22,G-11-8,0.933274
G-11,5628,CCEB,Riya Khan,Female,4.04,G-11-8,1.212441
G-11,1017,NIE,Ethan Lee,Male,4.02,G-11-8,1.332509
G-11,312,CoB (NBS),William Lim,Male,4.01,G-11-9,0.372555
G-11,624,EEE,Kelly Lim,Female,3.96,G-11-9,0.852904
G-11,4974,CEE,Peilin,Female,4.05,G-11-9,1.17242
G-11,4128,CoE,Ella Johnson,Female,4.12,G-11-9,1.212491
G-11,1852,SPMS,Jin Lee,Male,4.15,G-11-9,1.292642
G-11,2918,CoB (NBS),Julian Tan,Male,4.03,G-11-10,0.372471
G-11,3381,EEE,Sana Ali,Female,4.15,G-11-10,0.852642
G-11,635,MAE,Charlotte Thomas,Female,3.9,G-11-10,1.133586
G-11,639,CCDS,Erqi,Male,4,G-11-10,1.172609
G-11,3651,SPMS,Chengwei,Male,4.2,G-11-10,1.293053
G-12,742,SBS,Skye Huang,Female,4.19,G-12-1,1.074613
G-12,5988,SoH,Ranya Lim,Female,4,G-12-1,1.074948
G-12,2781,CCDS,Nitesh Singh,Male,4.52,G-12-1,1.120896
G-12,4042,SSS,Fatima Zainal,Female,3.88,G-12-1,1.156647
G-12,3021,CoE,Keegan Li,Male,4.19,G-12-1,1.234613
G-12,4355,SBS,Penny Lim,Female,4,G-12-2,1.074948
G-12,897,SoH,Miriam Alvarado,Female,4.19,G-12-2,1.074613
G-12,3066,CCDS,Yui Yamamoto,Female,4.25,G-12-2,1.075108
G-12,3591,EEE,Kenshin Hayashi,Male,4.22,G-12-2,1.154824
G-12,5034,CoE,Aarav Sinha,Male,4.1,G-12-2,1.234412
G-12,3475,SBS,Sofia Ali,Female,4.2,G-12-3,1.074676
G-12,4951,EEE,Freya Li,Female,4.01,G-12-3,1.114858
G-12,3634,MAE,Budi Santoso,Male,4.14,G-12-3,1.154421
G-12,3354,CEE,Rakesh Nair,Male,4.11,G-12-3,1.234402
G-12,3547,SPMS,Jin-Woo Seo,Male,4.2,G-12-3,1.234676
G-12,3581,CoB (NBS),Anaya Mehta,Female,4.02,G-12-4,0.314776
G-12,1608,SBS,Ian Alonzo,Male,4.06,G-12-4,1.11453
G-12,2129,MAE,Scarlett Gonzalez,Female,4.27,G-12-4,1.115336
G-12,4118,EEE,Huang Wei,Male,4.19,G-12-4,1.154613
G-12,1465,CEE,Liam Yip,Male,4.08,G-12-4,1.234455
G-12,4348,CoB (NBS),Harper Martinez,Female,4.52,G-12-5,0.320896
G-12,3101,SoH,Aarav Tan,Male,4.05,G-12-5,1.11458
G-12,216,CCDS,Zhonghua,Male,3.9,G-12-5,1.116284
G-12,4839,CoE,Kai Zhang,Female,4.11,G-12-5,1.194402
G-12,4210,SPMS,Ayaan Tan,Male,4.01,G-12-5,1.234858
G-12,4426,CoB (NBS),Sadiya Iqbal,Female,4.05,G-12-6,0.31458
G-12,2988,CCDS,Nash Tan,Male,4.21,G-12-6,1.114746
G-12,931,SoH,Fabian Navarro,Male,4,G-12-6,1.114948
G-12,3055,SSS,Sienna Zhang,Female,4.27,G-12-6,1.155336
G-12,5712,CCEB,Ashlyn Wang,Female,4.06,G-12-6,1.23453
G-12,2791,CCDS,Vesper Salazar,Female,4.1,G-12-7,1.074412
G-12,5656,SBS,Kendall Cooper,Female,4.25,G-12-7,1.075108
G-12,4781,MAE,Adrian Wong,Male,4.07,G-12-7,1.154488
G-12,406,EEE,Yuri Mikhailov,Male,4.19,G-12-7,1.154613
G-12,4629,SPMS,Stephen Evans,Male,3.95,G-12-7,1.235516
G-12,1371,MAE,Liam Torres,Male,4.12,G-12-8,1.1544
G-12,4825,EEE,Isabella Zhao,Female,4.14,G-12-8,1.114421
G-12,1380,SSS,Tilly Ramos,Female,4.05,G-12-8,1.15458
G-12,4742,NIE,Sofia Nelson,Female,4.12,G-12-8,1.2344
G-12,4788,ASE,Jayden Smith,Male,4.03,G-12-8,1.314703
G-12,2846,SoH,Chloe Lee,Female,4.02,G-12-9,1.074776
G-12,311,SBS,Diya Yadav,Female,4.27,G-12-9,1.075336
G-12,4388,SSS,Meera Reddy,Female,4.07,G-12-9,1.154488
G-12,2792,CEE,Jin-Ah Park,Female,4.2,G-12-9,1.194676
G-12,2203,NIE,Farhan Bin Azhar,Male,3.87,G-12-9,1.27684
G-12,2343,CoB (NBS),Lily Nguyen,Female,4.25,G-12-10,0.315108
G-12,145,CCDS,Malachi Liu,Male,4.04,G-12-10,1.114637
G-12,3453,SoH,Siddharth Patel,Male,4,G-12-10,1.114948
G-12,1109,MAE,Jovian Tan,Male,3.9,G-12-10,1.156284
G-12,5022,CCEB,Hannah Robinson,Female,4.21,G-12-10,1.234746
G-13,4211,EEE,Lydia Patterson,Female,3.94,G-13-1,0.999809
G-13,2243,SoH,Huiqin,Female,4.15,G-13-1,1.0395
G-13,1422,CEE,Jackie Robinson,Male,4.11,G-13-1,1.159287
G-13,4534,SBS,Meiling,Female,4.25,G-13-1,1.160593
G-13,1239,MAE,Arnav Yadav,Male,4.01,G-13-1,1.319314
G-13,2583,CoB (NBS),Boris Volkov,Male,4.12,G-13-2,0.399328
G-13,1047,CCDS,Zara Wang,Female,4.04,G-13-2,1.039222
G-13,3476,SSS,Su Ling,Female,4,G-13-2,1.079361
G-13,4054,CEE,Anthony Morgan,Male,4.17,G-13-2,1.159655
G-13,4319,ASE,Fang Hong,Female,4.11,G-13-2,1.239287
G-13,2142,CoB (NBS),Wyatt Ward,Male,4.17,G-13-3,0.399655
G-13,4911,SoH,Zara Ho,Female,4.05,G-13-3,1.039207
G-13,5517,SSS,Olivia Allen,Female,4.12,G-13-3,1.079328
G-13,4909,SBS,Kaori Nakajima,Female,4.18,G-13-3,1.159744
G-13,619,NIE,Kieran Kim,Male,3.9,G-13-3,1.280268
G-13,537,EEE,Kiran Patel,Female,3.87,G-13-4,1.000696
G-13,1840,CCDS,Nora Bell,Female,4.26,G-13-4,1.040746
G-13,1527,NIE,Nina Tan,Female,4.05,G-13-4,1.159207
G-13,3074,CCEB,Emily Chua,Female,4.3,G-13-4,1.201439
G-13,1616,CoE,Hussain Bin Mohd,Male,3.92,G-13-4,1.360023
G-13,5986,WKW SCI,Colton Roberts,Male,4.2,G-13-5,0.399946
G-13,4256,CCDS,Ling Zhang,Female,4.08,G-13-5,1.039211
G-13,3935,SSS,Tasneem Javed,Female,4.2,G-13-5,1.079946
G-13,484,SoH,Jia Li,Male,3.86,G-13-5,1.160855
G-13,1501,NIE,Paul Kim,Male,4.04,G-13-5,1.279222
G-13,5998,EEE,Leila Shah,Female,3.94,G-13-6,0.999809
G-13,5847,CEE,Qori Amalia,Female,4.15,G-13-6,1.0395
G-13,2452,CCDS,Vivek Sethi,Male,4.11,G-13-6,1.159287
G-13,1171,SSS,Eli Chen,Male,4.14,G-13-6,1.199435
G-13,4840,SPMS,Wenkai,Male,4,G-13-6,1.319361
G-13,2068,EEE,Yara Ross,Female,4.06,G-13-7,0.9992
G-13,1855,SoH,Diya Mukherjee,Female,4.14,G-13-7,1.039435
G-13,1524,CEE,Dustin Zhao,Male,4.08,G-13-7,1.159211
G-13,378,SSS,Ryan Edwards,Male,4.06,G-13-7,1.1992
G-13,5189,SBS,Denny Saputra,Male,3.9,G-13-7,1.280268
G-13,3467,CoB (NBS),Meena Iyer,Female,4.19,G-13-8,0.279841
G-13,3689,CCDS,Ruiwen,Female,3.95,G-13-8,1.039714
G-13,2704,EEE,Rahul Joshi,Male,3.88,G-13-8,1.120545
G-13,5394,SoH,Harish Rao,Male,4.21,G-13-8,1.16006
G-13,2260,CCEB,Yun Li,Female,3.97,G-13-8,1.199549
G-13,3502,CoB (NBS),Aiko Watanabe,Female,4.01,G-13-9,0.279314
G-13,5952,SoH,Lola Wong,Female,4.11,G-13-9,1.039287
G-13,5161,EEE,Shun Takahashi,Male,4.12,G-13-9,1.119328
G-13,2845,CEE,Hendrik Surya,Male,4,G-13-9,1.159361
G-13,2853,SPMS,Evelyn Robinson,Female,3.94,G-13-9,1.199809
G-13,1078,CoB (NBS),Alyssa Garcia,Female,4,G-13-10,0.279361
G-13,5722,CEE,Lila Reed,Female,4.14,G-13-10,1.039435
G-13,4076,EEE,Wahyu Prabowo,Male,3.95,G-13-10,1.119714
G-13,4676,CCDS,Lucas Peterson,Male,4.15,G-13-10,1.1595
G-13,5398,MAE,Svetlana Egorova,Female,3.87,G-13-10,1.200696
G-14,2319,SSS,Linda Wong,Female,4.11,G-14-1,1.056844
G-14,839,NIE,Jing Yi,Female,3.89,G-14-1,1.138199
G-14,806,SPMS,Samuel Torres,Male,3.9,G-14-1,1.178053
G-14,5443,CCDS,Madiha Qureshi,Female,4.1,G-14-1,1.136821
G-14,1747,ADM,Chandra Widyanto,Male,4.52,G-14-1,1.26465
G-14,5173,CoB (NBS),Tian Wang,Male,4.3,G-14-2,0.338789
G-14,2,CCEB,Rabia Noor,Female,4.02,G-14-2,1.09693
G-14,2590,SPMS,Steve Lau,Male,4.01,G-14-2,1.17698
G-14,5071,CEE,Sophie Liao,Female,4.25,G-14-2,1.177997
G-14,2563,ASE,Dylan Adams,Male,3.87,G-14-2,1.218514
G-14,664,SSS,Hui Yao Tan,Female,4.1,G-14-3,1.056821
G-14,1698,CCEB,Hana Yamamoto,Female,4.14,G-14-3,1.096959
G-14,1416,NIE,Henry Morales,Male,4.02,G-14-3,1.17693
G-14,5400,SBS,Shamita Rani,Female,4.04,G-14-3,1.216855
G-14,110,MAE,Winston Yang,Male,4.12,G-14-3,1.256874
G-14,3423,CoB (NBS),Quinn Dela Cruz,Female,4.01,G-14-4,0.29698
G-14,259,CCEB,Hao Xiang Tan,Male,4.05,G-14-4,1.136829
G-14,2074,NIE,Talia Chang,Female,4.18,G-14-4,1.137224
G-14,5683,EEE,Samuel Morgan,Male,4.15,G-14-4,1.177013
G-14,666,CEE,Hugo Huang,Male,4.02,G-14-4,1.21693
G-14,3609,CoB (NBS),Sharifah Ali,Female,3.8,G-14-5,0.299869
G-14,2014,SSS,Chloe Ng,Female,4.21,G-14-5,1.057508
G-14,1165,EEE,Xander Wong,Male,4.1,G-14-5,1.176821
G-14,2714,SPMS,Henry King,Male,4.04,G-14-5,1.176855
G-14,1324,CoE,Yusuf Bin Sulaiman,Male,4.22,G-14-5,1.217618
G-14,2070,CCDS,Veera Kumar,Female,4.02,G-14-6,1.13693
G-14,5338,CCEB,Aiko Kimura,Female,4.25,G-14-6,1.097997
G-14,1491,CoB (NBS),Shahid Malik,Male,3.9,G-14-6,0.338053
G-14,5152,CEE,Liang Hong,Male,4.05,G-14-6,1.216829
G-14,1464,CoE,Zhou Min,Male,4.15,G-14-6,1.217013
G-14,2880,SSS,Carmen Lee,Female,3.96,G-14-7,1.057348
G-14,3722,CCDS,Xyla Cruz,Female,4.14,G-14-7,1.136959
G-14,1117,ASE,Sanjana Mehta,Female,4.08,G-14-7,1.1768
G-14,290,MAE,Diana Kwan,Female,4.09,G-14-7,1.216807
G-14,3301,MSE,Anita Clarke,Female,4.1,G-14-7,1.256821
G-14,1407,CoB (NBS),Freddie Wong,Male,4.08,G-14-8,0.3368
G-14,4329,CCEB,Jenna Wong,Female,4.12,G-14-8,1.096874
G-14,3114,EEE,Yvonne Ko,Female,4.14,G-14-8,1.136959
G-14,5711,SPMS,Eko Prasetyo,Male,3.8,G-14-8,1.179869
G-14,2710,ASE,Riley Kim,Male,4.2,G-14-8,1.217405
G-14,4775,CoB (NBS),Emily Harris,Female,4.15,G-14-9,0.297013
G-14,3334,SSS,Siti Aisyah,Female,3.9,G-14-9,1.058053
G-14,3424,EEE,Min-Jae Park,Male,4.14,G-14-9,1.176959
G-14,1788,NIE,Brendan James,Male,4.2,G-14-9,1.177405
G-14,5118,CoE,Rizal Ramadhan,Male,3.92,G-14-9,1.217786
G-14,1425,SSS,Fatimah Rahman,Female,4.14,G-14-10,1.056959
G-14,677,SBS,Stella Green,Female,4.11,G-14-10,1.216844
G-14,3127,CCDS,Ashraff Bin Mohd,Male,4.05,G-14-10,1.176829
G-14,5004,ADM,Riya Yadav,Female,4.03,G-14-10,1.216888
G-14,128,LKCMedicine,Kai Wong,Male,3.96,G-14-10,1.297348
G-15,1102,CCDS,Shanaz Iqbal,Female,4.12,G-15-1,1.026546
G-15,1897,EEE,Andrew Clark,Male,4.08,G-15-1,1.026417
G-15,3369,CEE,Haroon Qureshi,Male,4.19,G-15-1,1.10708
G-15,2524,SPMS,Zhao Li,Male,4.2,G-15-1,1.187188
G-15,898,ASE,Victoria Wang,Female,4.14,G-15-1,1.346659
G-15,4782,CCDS,Zachary Walker,Male,4.01,G-15-2,0.866498
G-15,1181,EEE,Jayden Lee,Male,4.08,G-15-2,1.026417
G-15,3352,CEE,Tyler Johnson,Male,4.2,G-15-2,1.107188
G-15,894,NIE,Derek Tan,Male,4.3,G-15-2,1.228712
G-15,3072,LKCMedicine,Isha Tan,Female,4.03,G-15-2,1.386435
G-15,54,CCDS,Levi Price,Male,4.02,G-15-3,0.866463
G-15,1411,EEE,Rory Hughes,Male,4.09,G-15-3,1.026437
G-15,1315,CEE,Warner Ng,Male,4.1,G-15-3,1.106465
G-15,4090,ASE,Caleb Hughes,Male,4.13,G-15-3,1.186598
G-15,4868,SoH,Zoe Lin,Female,4,G-15-3,1.346542
G-15,1034,CoB (NBS),Samantha Wu,Female,4.01,G-15-4,0.426498
G-15,1151,CCDS,Truong Van Hoang,Male,4.21,G-15-4,0.867305
G-15,1569,SSS,Xiangqi,Male,4.01,G-15-4,1.106498
G-15,577,MSE,Beckett Lee,Male,4.05,G-15-4,1.146404
G-15,5141,SPMS,Soniya Malik,Female,4.03,G-15-4,1.346435
G-15,968,CoB (NBS),Seng Wei Lim,Male,4,G-15-5,0.266542
G-15,1806,CCDS,Leo Cooper,Male,4.17,G-15-5,0.866888
G-15,4561,CCDS,Zahra Khan,Female,3.95,G-15-5,1.02688
G-15,3968,MAE,Hani Susanti,Female,4.15,G-15-5,1.226727
G-15,5948,MSE,Neelam Patel,Female,4.03,G-15-5,1.306435
G-15,5728,CoB (NBS),Sania Noor,Female,3.88,G-15-6,0.42769
G-15,4856,EEE,Sung-Min Yoo,Male,4.13,G-15-6,1.026598
G-15,4262,CEE,Aaron Taylor,Male,4.15,G-15-6,1.106727
G-15,5501,SSS,Lily Ng,Female,3.93,G-15-6,1.267072
G-15,2367,SoH,Deepika Singh,Female,4.14,G-15-6,1.346659
G-15,1626,CoB (NBS),Yun Zhang,Male,4.09,G-15-7,0.266437
G-15,3089,CCDS,Felicity Morgan,Female,4.01,G-15-7,1.026498
G-15,642,MAE,Wu Bin,Male,4.06,G-15-7,1.0664
G-15,4835,EEE,Shaima Binti Rahman,Female,4,G-15-7,1.186542
G-15,5276,MSE,Meenakshi Iyer,Female,4.06,G-15-7,1.3064
G-15,4920,CoB (NBS),Brendan James,Male,4.15,G-15-8,0.266727
G-15,5181,CCDS,Isaac Tan,Male,3.92,G-15-8,0.86718
G-15,450,MAE,Hassan Bin Yusof,Male,4.01,G-15-8,1.066498
G-15,3621,SSS,Saki Watanabe,Female,4.15,G-15-8,1.266727
G-15,4265,CCEB,Mira Sulaiman,Female,3.91,G-15-8,1.307295
G-15,299,CoB (NBS),Siddharth Iyer,Male,4.22,G-15-9,0.267429
G-15,2910,CCDS,Azhar Khan,Male,3.87,G-15-9,0.867838
G-15,219,MAE,Dominic Yang,Male,4,G-15-9,1.066542
G-15,1350,SSS,Nguyen Thi Thuy,Female,4.13,G-15-9,1.266598
G-15,2045,CCEB,Zoe Lim,Female,3.89,G-15-9,1.307551
G-15,2815,CoB (NBS),Aditi Bhat,Male,4.11,G-15-10,0.266502
G-15,317,CCDS,Soren Wu,Male,4.02,G-15-10,0.866463
G-15,4908,MAE,Zachary Garcia,Male,3.91,G-15-10,1.067295
G-15,1506,EEE,Noor Rani,Female,3.91,G-15-10,1.187295
G-15,3380,CCEB,Isabella Wilson,Female,4.03,G-15-10,1.306435
G-16,3361,CoB (NBS),Chen Wang,Male,4.02,G-16-1,0.365728
G-16,4195,EEE,Lydia Yip,Female,4.48,G-16-1,1.052109
G-16,1560,CoB (NBS),Noor Jahan,Female,3.95,G-16-1,0.286241
G-16,4058,SoH,Jane Lee,Female,4.17,G-16-1,1.165949
G-16,5183,LKCMedicine,Hiroshi Yamashita,Male,3.94,G-16-1,1.326346
G-16,4806,CoB (NBS),Dylan Lewis,Male,4.15,G-16-2,0.365816
G-16,1949,EEE,Lihua,Female,4.2,G-16-2,1.046209
G-16,4212,CCEB,Nazia Nadeem,Female,4,G-16-2,1.085835
G-16,5902,CEE,Sylvia Tan,Female,4.1,G-16-2,1.165622
G-16,4750,ASE,Tristan Lim,Male,4.1,G-16-2,1.285622
G-16,189,MAE,Geeta Reddy,Female,4.1,G-16-3,1.005622
G-16,80,CCEB,Shu Fang,Female,4.1,G-16-3,1.085622
G-16,3791,SBS,Soo-Min Park,Female,4.03,G-16-3,1.085687
G-16,2030,ASE,Maya Alexander,Female,4.1,G-16-3,1.205622
G-16,5520,ADM,Shuqi,Male,4.2,G-16-3,1.326209
G-16,471,CoB (NBS),Wesley Villanueva,Male,3.89,G-16-4,0.366993
G-16,4365,SBS,Mabel Turner,Female,4.12,G-16-4,1.085675
G-16,2087,MAE,William Li,Male,4.2,G-16-4,1.086209
G-16,302,CCDS,Kathy Yip,Female,4.19,G-16-4,1.166114
G-16,2050,SPMS,Tyson Scott,Male,4.06,G-16-4,1.325611
G-16,3090,WKW SCI,Samara Chang,Female,4.2,G-16-5,0.286209
G-16,3018,MAE,Derek Hill,Male,4.09,G-16-5,1.085607
G-16,1175,CCEB,Aishwarya Nair,Female,3.9,G-16-5,1.086848
G-16,4673,SBS,Usman Iqbal,Male,4.02,G-16-5,1.165728
G-16,1344,CEE,Xiuqin,Male,4.15,G-16-5,1.245816
G-16,5380,CoB (NBS),Derek Bautista,Male,4.14,G-16-6,0.365761
G-16,5365,EEE,Durga Sharma,Female,4.14,G-16-6,1.045761
G-16,5922,SBS,Ami Mori,Female,4.03,G-16-6,1.085687
G-16,522,SSS,Mia Clark,Female,4.03,G-16-6,1.125687
G-16,1300,SoH,Jeremiah Santos,Male,4,G-16-6,1.245835
G-16,1480,CoB (NBS),Ritika Singh,Female,4.01,G-16-7,0.285777
G-16,2569,MAE,Henry Cheung,Male,4.11,G-16-7,1.085645
G-16,5429,CCEB,Chloe Green,Female,4.14,G-16-7,1.085761
G-16,3995,EEE,Caleb Yang,Male,3.89,G-16-7,1.126993
G-16,4148,CEE,Liam Hughes,Male,4.15,G-16-7,1.245816
G-16,4871,WKW SCI,Ivan Wong,Male,4.08,G-16-8,0.3656
G-16,2307,MAE,Sophia Davis,Female,3.88,G-16-8,1.007146
G-16,5508,SBS,Anita Patel,Female,4.2,G-16-8,1.086209
G-16,3868,SSS,Eva Cooper,Female,4.05,G-16-8,1.125628
G-16,1111,CCDS,Khalid Malik,Male,4.04,G-16-8,1.245654
G-16,673,CoB (NBS),Liam Reddy,Male,4.22,G-16-9,0.366423
G-16,533,EEE,Sanjana Gupta,Female,4.14,G-16-9,1.045761
G-16,5277,MAE,Zhen Li,Male,4.01,G-16-9,1.085777
G-16,3264,SSS,Naina Mehta,Female,4.02,G-16-9,1.125728
G-16,4469,SoH,Nitin Kumar,Male,3.85,G-16-9,1.247654
G-16,100,CCEB,Lydia Chen,Female,4,G-16-10,1.085835
G-16,3046,MAE,Ursula Cruz,Female,4.01,G-16-10,1.005777
G-16,3975,EEE,Albert Yip,Male,4.05,G-16-10,1.125628
G-16,3703,SSS,Maya Tan,Female,4.12,G-16-10,1.125675
G-16,5691,CCDS,Wei Jie,Male,4.06,G-16-10,1.245611
G-17,1812,CoB (NBS),Zain Ali,Female,4.11,G-17-1,0.330419
G-17,2138,MAE,Zulaikha Binti Mohd,Female,4.25,G-17-1,1.01145
G-17,3303,SPMS,Xiao Yu,Male,4.1,G-17-1,1.170406
G-17,5815,CCDS,Toshiro Takashima,Male,3.9,G-17-1,1.171814
G-17,4231,ASE,Geeta Kaur,Female,4.18,G-17-1,1.250739
G-17,4585,CoB (NBS),Scarlett Tan,Female,4.12,G-17-2,0.330441
G-17,3316,SSS,Uriah Ramos,Male,4.22,G-17-2,1.091097
G-17,3097,EEE,Kenta Takahashi,Male,4.17,G-17-2,1.130669
G-17,3434,CCEB,Siti Amani,Female,4.06,G-17-2,1.210431
G-17,411,SoH,Aleksei Koval,Female,3.9,G-17-2,1.251814
G-17,5523,EEE,Violet Zhou,Female,4.04,G-17-3,1.130492
G-17,4505,MAE,Sadia Bukhari,Female,3.91,G-17-3,1.011667
G-17,5609,SPMS,Minh Dao,Male,4.27,G-17-3,1.171725
G-17,5204,SBS,Diyana Binti Kamar,Female,4.1,G-17-3,1.210406
G-17,1781,CEE,Wawan Kurniawan,Male,4.15,G-17-3,1.250554
G-17,166,MAE,Nash Reddy,Male,4.08,G-17-4,1.010403
G-17,1872,SSS,Maya Binti Azman,Female,4.05,G-17-4,1.090458
G-17,4910,EEE,Gwen Lee,Female,4.18,G-17-4,1.130739
G-17,5325,CoE,Mohammed Ali,Male,4.11,G-17-4,1.210419
G-17,993,CEE,Reza Khan,Male,4.02,G-17-4,1.250585
G-17,1903,MAE,Joshua Thomas,Male,4.05,G-17-5,1.010458
G-17,1851,SSS,Nicolette Cruz,Female,4.04,G-17-5,1.090492
G-17,520,SPMS,Jia Ming,Male,4.17,G-17-5,1.170669
G-17,4930,SBS,Zara Mitchell,Female,4.09,G-17-5,1.2104
G-17,949,LKCMedicine,Evan Thomas,Male,4.09,G-17-5,1.2504
G-17,2914,CoB (NBS),Anya Mohd,Female,4.12,G-17-6,0.330441
G-17,322,SSS,Vinay Nair,Male,4.1,G-17-6,1.090406
G-17,1914,EEE,George Wilson,Male,4.15,G-17-6,1.130554
G-17,3792,SBS,Huifen,Female,4,G-17-6,1.21071
G-17,2101,ASE,James Tan,Male,4.06,G-17-6,1.250431
G-17,2037,CoB (NBS),Peiyu,Female,3.9,G-17-7,0.331814
G-17,4215,MAE,Aaron Lee,Male,4.52,G-17-7,1.017865
G-17,2810,EEE,Janet Wong,Female,3.96,G-17-7,1.131055
G-17,1982,SPMS,Wang Feng,Male,3.87,G-17-7,1.172301
G-17,5607,CCEB,Ritika Ali,Female,4.18,G-17-7,1.210739
G-17,4886,MAE,Edison Raka,Male,4.2,G-17-8,1.010902
G-17,3780,CoB (NBS),Yuna Tan,Female,3.89,G-17-8,0.331968
G-17,5557,CCDS,Sana Johar,Female,4.02,G-17-8,1.170585
G-17,5707,CoE,Jin Ho,Male,4.12,G-17-8,1.210441
G-17,4292,MSE,Manish Joshi,Male,4.19,G-17-8,1.290816
G-17,3521,MAE,Kenny Lim,Male,4.16,G-17-9,1.010607
G-17,4801,SSS,Sofia Lee,Female,4.02,G-17-9,1.090585
G-17,5495,CCDS,Meher Awan,Female,4.09,G-17-9,1.1704
G-17,1652,CCEB,Angela Zhang,Female,4.08,G-17-9,1.210403
G-17,638,LKCMedicine,Rui Jin Tan,Male,4.05,G-17-9,1.250458
G-17,2321,MAE,Anil Mehta,Male,4.01,G-17-10,1.010643
G-17,3243,SSS,Tina Lim,Female,4.01,G-17-10,1.090643
G-17,5875,CCDS,Maya Johnson,Female,4.14,G-17-10,1.170508
G-17,2887,CoE,Rohan Kumar,Male,4.3,G-17-10,1.212198
G-17,3818,SoH,Harrison Mendoza,Male,3.9,G-17-10,1.251814
G-18,5751,SSS,Kinsley Tsai,Female,4.12,G-18-1,1.001698
G-18,1301,MAE,Mira Binti Yusof,Female,3.9,G-18-1,0.962761
G-18,4921,SBS,Athena Zhao,Female,4.17,G-18-1,1.081997
G-18,2066,EEE,Jackson Clark,Male,4.13,G-18-1,1.281742
G-18,262,CCDS,Bilal Ahmed,Male,4.19,G-18-1,1.322172
G-18,5566,CoB (NBS),Paxton Ross,Male,4.12,G-18-2,0.441698
G-18,4143,SSS,Lila Tan,Female,4.1,G-18-2,1.001635
G-18,1983,MSE,Layla Harris,Female,4.17,G-18-2,1.081997
G-18,4537,ADM,Fang Ling,Female,4.22,G-18-2,1.162495
G-18,4264,CoE,Hao Liang Lim,Male,3.85,G-18-2,1.363543
G-18,4003,CoB (NBS),Megan Lim,Female,4.07,G-18-3,0.2016
G-18,4383,WKW SCI,Derek White,Male,3.87,G-18-3,0.443206
G-18,5826,CCEB,Sana Reddy,Female,4.2,G-18-3,1.042272
G-18,3847,MAE,Dylan Parker,Male,4.14,G-18-3,1.201794
G-18,5356,SPMS,Arjun Rao,Male,4.14,G-18-3,1.321794
G-18,79,CoB (NBS),Suhana Rao,Female,4.02,G-18-4,0.201702
G-18,2076,MAE,Ella Villanueva,Female,4.18,G-18-4,0.96208
G-18,4647,SBS,Ayushi Gupta,Female,4.01,G-18-4,1.081746
G-18,3056,EEE,Brayden Hall,Male,4.04,G-18-4,1.281637
G-18,3288,CCEB,Jonathan Sun,Male,4.15,G-18-4,1.281853
G-18,5297,CoB (NBS),Shahida Khan,Female,4.1,G-18-5,0.201635
G-18,877,MAE,Xiu Zhang,Female,4.15,G-18-5,0.961853
G-18,3260,CCEB,Yuying Wang,Female,4.09,G-18-5,1.041615
G-18,1507,EEE,Adrian Lim,Male,4.01,G-18-5,1.281746
G-18,2266,SPMS,Harlan Perdana,Male,4,G-18-5,1.321798
G-18,851,CoB (NBS),Min Li,Female,4.18,G-18-6,0.20208
G-18,5268,SSS,Amina Tariq,Female,4,G-18-6,1.001798
G-18,3253,SBS,Yasmin Lee,Female,4.05,G-18-6,1.081617
G-18,4549,CCDS,Isabella Lee,Female,3.9,G-18-6,1.082761
G-18,205,SPMS,Pandu Setiawan,Male,4.2,G-18-6,1.322272
G-18,2736,CoB (NBS),Rita Sharma,Female,3.89,G-18-7,0.202902
G-18,589,SSS,Sophia Thomas,Female,4.17,G-18-7,1.001997
G-18,5505,MSE,Tessa Lee,Female,4.16,G-18-7,1.081921
G-18,4244,ASE,Shreya Das,Female,4.05,G-18-7,1.121617
G-18,1775,CoE,Kelly Tsang,Male,4.04,G-18-7,1.361637
G-18,2214,CoB (NBS),Chloe Chen,Female,4.1,G-18-8,0.201635
G-18,5185,MAE,Fang Mei,Female,3.97,G-18-8,0.962003
G-18,907,EEE,Maya Rani,Female,4.18,G-18-8,1.04208
G-18,4422,MAE,Uday Singh,Male,4.12,G-18-8,1.201698
G-18,3255,CCEB,Tyler Garcia,Male,3.92,G-18-8,1.282505
G-18,4155,CoB (NBS),Mohan Rao,Male,4.15,G-18-9,0.441853
G-18,1277,SSS,Zara Lim,Female,4.15,G-18-9,1.001853
G-18,37,MSE,Citra Amara,Female,3.9,G-18-9,1.082761
G-18,4259,ASE,Liu Wei,Female,4.02,G-18-9,1.121702
G-18,1269,SoH,Luca Wong,Male,4.01,G-18-9,1.361746
G-18,1132,WKW SCI,Jawad Khan,Male,4.14,G-18-10,0.441794
G-18,1227,CoB (NBS),Samantha Tan,Female,4.14,G-18-10,0.201794
G-18,5919,CCDS,Shan Binti,Female,4.14,G-18-10,1.081794
G-18,4751,CEE,Shuang,Female,3.9,G-18-10,1.162761
G-18,3688,SoH,Lucas Wright,Male,3.9,G-18-10,1.362761
G-19,3430,EEE,Mason Wilson,Male,4.07,G-19-1,1.034401
G-19,3632,CCDS,Nina Hu,Female,4.14,G-19-1,1.114573
G-19,1200,MAE,Vanya Nair,Female,4.12,G-19-1,1.154484
G-19,1229,NIE,Chen Bo,Male,4.03,G-19-1,1.234478
G-19,671,ADM,Miyuki Watanabe,Female,4.01,G-19-1,1.274565
G-19,966,CoB (NBS),Christopher Morris,Male,4.15,G-19-2,0.31463
G-19,3574,SSS,Violeta Ong,Female,4,G-19-2,1.11462
G-19,2490,CoE,Chunxiu,Female,4.05,G-19-2,1.154423
G-19,5163,SPMS,Gabriel Scott,Male,4.1,G-19-2,1.234427
G-19,5946,SoH,Ping Zhang,Female,4.11,G-19-2,1.274451
G-19,320,CoB (NBS),Nikhil Reddy,Male,4.01,G-19-3,0.314565
G-19,4156,EEE,Olivia Fernandez,Female,4.25,G-19-3,1.035636
G-19,4669,SSS,Nguyen Thi Lan,Female,4.19,G-19-3,1.114936
G-19,5255,SBS,Chen Yu,Male,3.94,G-19-3,1.19512
G-19,2812,CCEB,Arunachalam Devi,Female,4.01,G-19-3,1.274565
G-19,1761,CoB (NBS),Ava Wilson,Female,4.1,G-19-4,0.314427
G-19,2504,EEE,Shanaya Tan,Female,4.06,G-19-4,1.034408
G-19,506,CCDS,Matthew Clark,Male,3.9,G-19-4,1.115614
G-19,465,CoE,Ananya Kaul,Female,4.18,G-19-4,1.154848
G-19,5668,CEE,Aarav Reddy,Male,4.15,G-19-4,1.23463
G-19,3177,CoB (NBS),Zhou Rui,Male,4.03,G-19-5,0.314478
G-19,4380,CCDS,Qianwen,Female,4.05,G-19-5,1.114423
G-19,3120,CoB (NBS),Ella Mitchell,Female,4.12,G-19-5,0.314484
G-19,3510,LKCMedicine,Gavin Zhao,Male,4.01,G-19-5,1.234565
G-19,5773,ASE,Imran Waseem,Male,4.17,G-19-5,1.274767
G-19,1169,CoB (NBS),Sushmita Roy,Female,4.12,G-19-6,0.314484
G-19,4684,EEE,Alyssa Ramirez,Female,4,G-19-6,1.03462
G-19,1829,CoE,Zachary Li,Male,4.05,G-19-6,1.154423
G-19,1632,SBS,Matthew Lee,Male,4.08,G-19-6,1.194401
G-19,1520,MSE,Rohan Gupta,Male,4.11,G-19-6,1.274451
G-19,3375,CoB (NBS),Emily White,Female,4.18,G-19-7,0.314848
G-19,4229,EEE,Samuel Lee,Male,4.14,G-19-7,1.034573
G-19,4511,SSS,Mi-Sook Kim,Female,3.85,G-19-7,1.116411
G-19,4341,CoE,Amite Agarwal,Male,4.03,G-19-7,1.154478
G-19,880,NIE,Lance Alvarado,Male,4.16,G-19-7,1.234694
G-19,5064,CoB (NBS),Jaxon White,Male,4.03,G-19-8,0.314478
G-19,510,EEE,Owais Khan,Male,4.09,G-19-8,1.03441
G-19,3993,CCDS,Lucas Green,Male,4.18,G-19-8,1.114848
G-19,4786,MAE,Priti Mehta,Female,4.02,G-19-8,1.154518
G-19,5227,LKCMedicine,Qi Zhang,Female,4.02,G-19-8,1.234518
G-19,3314,CoB (NBS),Jessica Martinez,Female,4.11,G-19-9,0.314451
G-19,5769,SSS,Tristan Castillo,Male,4.14,G-19-9,1.114573
G-19,1686,MAE,Kendrick Scott,Male,3.89,G-19-9,1.155757
G-19,4504,SBS,Nina Desai,Female,4.19,G-19-9,1.194936
G-19,1895,CEE,Rohan Shah,Male,4,G-19-9,1.23462
G-19,3889,SSS,Sasha Tan,Female,4.2,G-19-10,1.115033
G-19,5635,EEE,Sneha Joshi,Female,4.03,G-19-10,1.034478
G-19,49,CCDS,Whitney Alvarado,Female,4.18,G-19-10,1.114848
G-19,1874,MAE,An Nguyen,Male,3.88,G-19-10,1.155909
G-19,2386,SPMS,Arvind Reddy,Male,4.08,G-19-10,1.234401
G-20,4898,CoB (NBS),Priyanka Singh,Female,4.52,G-20-1,0.291646
G-20,5123,EEE,Tanvi Kapoor,Female,3.86,G-20-1,0.885986
G-20,1140,CoB (NBS),Truong Minh Quang,Male,3.85,G-20-1,0.366168
G-20,3895,SPMS,Milo Li,Male,4.19,G-20-1,1.16446
G-20,3248,MSE,Oliver Gray,Male,4.03,G-20-1,1.284112
G-20,5126,CoB (NBS),Quinn Rivera,Female,4.18,G-20-2,0.284378
G-20,3456,EEE,Harper Wright,Female,4.03,G-20-2,0.884112
G-20,3428,MAE,Abigail White,Female,4.11,G-20-2,1.12403
G-20,4883,SPMS,Zeeshan Khan,Male,4,G-20-2,1.164274
G-20,255,CEE,Jin Ping,Male,4.12,G-20-2,1.244055
G-20,5182,CoB (NBS),Emily Hill,Female,4.04,G-20-3,0.284073
G-20,2658,EEE,Xiang Hong,Female,4.07,G-20-3,0.884007
G-20,2579,SPMS,Alice Liu,Female,4.22,G-20-3,1.084753
G-20,976,MAE,Kartik Nair,Male,4.07,G-20-3,1.204007
G-20,1499,CCDS,Ishaan Mehta,Male,4.03,G-20-3,1.244112
G-20,4005,CoB (NBS),Mia Wang,Female,4.1,G-20-4,0.284012
G-20,5201,CoB (NBS),Cameron Hall,Male,4.02,G-20-4,0.364158
G-20,853,EEE,Hiroshi Kobayashi,Male,4.2,G-20-4,0.964549
G-20,2019,MSE,Yuki Tanaka,Female,4.14,G-20-4,1.204131
G-20,2092,CEE,Sanjay Tan,Male,3.96,G-20-4,1.244603
G-20,4270,CoB (NBS),Ivy Chan,Female,3.96,G-20-5,0.284603
G-20,1433,EEE,Huanyu,Female,4.15,G-20-5,0.884181
G-20,258,MAE,Yuna Tanaka,Female,4.18,G-20-5,1.124378
G-20,5653,SPMS,Gaurav Dutta,Male,4.18,G-20-5,1.164378
G-20,2673,CoE,Jack Ng,Male,3.95,G-20-5,1.284705
G-20,5593,CoB (NBS),Jaden Walker,Male,4.12,G-20-6,0.364055
G-20,5381,EEE,Yoshiko Taniguchi,Female,3.88,G-20-6,0.885645
G-20,3166,SBS,Jingwen,Female,4.05,G-20-6,1.164043
G-20,836,ADM,Greta Lin,Female,4.07,G-20-6,1.244007
G-20,604,LKCMedicine,Matthew Wu,Male,4.3,G-20-6,1.325887
G-20,886,WKW SCI,Raghav Sharma,Male,4.05,G-20-7,0.364043
G-20,62,EEE,Luna Lin,Female,4.14,G-20-7,0.884131
G-20,5216,CEE,Jasmine Hall,Female,4.12,G-20-7,1.164055
G-20,300,SSS,Kazuko Watanabe,Female,4.08,G-20-7,1.244
G-20,1519,CCEB,Nguyen Huu Phuc,Male,4.02,G-20-7,1.324158
G-20,3289,CoB (NBS),Natasha Wong,Female,4.1,G-20-8,0.284012
G-20,130,CoB (NBS),Ayush Desai,Male,4.01,G-20-8,0.364212
G-20,4302,EEE,Huang Feng,Male,4.21,G-20-8,0.964647
G-20,5720,CoE,Emily Baker,Female,4.2,G-20-8,1.204549
G-20,104,CCDS,Simon Li,Male,3.88,G-20-8,1.245645
G-20,3943,CoB (NBS),Mia Chang,Female,4.18,G-20-9,0.284378
G-20,1630,EEE,Miyuki Kobayashi,Female,4,G-20-9,0.884274
G-20,3383,MAE,Mi-Ya Kim,Female,4.1,G-20-9,1.124012
G-20,1436,SPMS,Yasir Shah,Male,4,G-20-9,1.164274
G-20,4912,SBS,Patrick Villanueva,Male,4.12,G-20-9,1.244055
G-20,826,CoB (NBS),Riya Chen,Female,4.1,G-20-10,0.284012
G-20,879,SBS,Gina Agustina,Female,4,G-20-10,1.164274
G-20,847,EEE,Huang Xin,Male,3.95,G-20-10,0.964705
G-20,3991,SoH,Bella Torres,Female,4.1,G-20-10,1.244012
G-20,4586,CCDS,Yulianto Budi,Male,4.2,G-20-10,1.244549
G-21,1316,CoB (NBS),Siti Aisyah Binti Ibrahim,Female,4.2,G-21-1,0.255472
G-21,596,CCDS,Beckett Liu,Male,4.01,G-21-1,1.054946
G-21,5048,SBS,Kai Li Tan,Female,4.25,G-21-1,1.05609
G-21,2743,CCEB,Dante Li,Male,4.06,G-21-1,1.214804
G-21,4247,SPMS,Bodhi Li,Male,4.02,G-21-1,1.294902
G-21,4067,CoB (NBS),Moxie Lin,Female,4.11,G-21-2,0.254863
G-21,4255,CCDS,Leo Turner,Male,4.04,G-21-2,1.054837
G-21,4575,SBS,Ivy Wong,Female,4.2,G-21-2,1.055472
G-21,2784,CCEB,Kevin Lee,Male,3.9,G-21-2,1.215961
G-21,3258,MAE,Dylan Walker,Male,4.22,G-21-2,1.255695
G-21,5300,CoB (NBS),Zhaohui,Female,3.9,G-21-3,0.255961
G-21,681,CCDS,Ananya Jain,Female,4.19,G-21-3,0.895372
G-21,1418,CCDS,Aarav Mehta,Male,4.18,G-21-3,1.05528
G-21,3223,SSS,Zara Tan,Female,3.94,G-21-3,1.13548
G-21,2150,ASE,Gage Cooper,Male,4.17,G-21-3,1.295197
G-21,2365,CCDS,Neha Patel,Female,4.09,G-21-4,0.894815
G-21,5686,CCEB,Sita Sharma,Female,4,G-21-4,1.054998
G-21,4462,SSS,Katherine Lee,Female,4.02,G-21-4,1.134902
G-21,2549,EEE,Chloe Collins,Female,4.16,G-21-4,1.215121
G-21,436,CoE,Jaxon Bennett,Male,4.1,G-21-4,1.334835
G-21,3776,CoB (NBS),Sharon Tan,Female,3.91,G-21-5,0.255829
G-21,3389,CCDS,Boris Sergeyevich,Male,4.17,G-21-5,1.055197
G-21,1720,MAE,Mei Ling Ong,Female,4.05,G-21-5,1.094817
G-21,4543,SBS,Sameer Khan,Male,4.03,G-21-5,1.214865
G-21,2215,ASE,Liam Mitchell,Male,4.18,G-21-5,1.29528
G-21,2360,CoB (NBS),Joseph Lee,Male,4.01,G-21-6,0.414946
G-21,3994,SBS,Rebecca Ong,Female,4.13,G-21-6,1.054942
G-21,3455,MAE,Yvonne Tan,Female,4.03,G-21-6,1.094865
G-21,4385,ADM,Helena Lam,Female,4.12,G-21-6,1.174898
G-21,1878,ASE,Zhao Wei Lim,Male,4.05,G-21-6,1.294817
G-21,121,CoB (NBS),Aria Rogers,Female,3.86,G-21-7,0.256571
G-21,1882,CCDS,Demi Zhao,Female,4.18,G-21-7,0.89528
G-21,304,CCDS,Samuel Tan,Male,3.88,G-21-7,1.05625
G-21,2512,SPMS,Zoe Turner,Female,4.15,G-21-7,1.135053
G-21,3112,CEE,Raymond Lim,Male,4.25,G-21-7,1.29609
G-21,3852,CCDS,Neelam Agarwal,Female,4.09,G-21-8,0.894815
G-21,3522,CCEB,Rania Hussain,Female,4.03,G-21-8,1.054865
G-21,1203,SPMS,Hanh Nguyen,Female,4.1,G-21-8,1.134835
G-21,3165,MSE,Ursula Ng,Female,3.93,G-21-8,1.175588
G-21,5775,CoE,Rio Yang,Male,4.12,G-21-8,1.334898
G-21,1663,CoB (NBS),Hassan Nawaz,Male,3.95,G-21-9,0.41538
G-21,1013,SBS,Pooja Sinha,Female,4.06,G-21-9,1.054804
G-21,1486,SSS,Zahra Nabila,Female,4.15,G-21-9,1.135053
G-21,2120,MSE,Pooja Aggarwal,Female,4,G-21-9,1.174998
G-21,5512,CEE,Noel Pineda,Male,4.1,G-21-9,1.294835
G-21,5555,CoB (NBS),Jin Hua,Male,3.97,G-21-10,0.415203
G-21,2077,CCEB,Kali Chang,Female,4.14,G-21-10,1.054994
G-21,2977,MAE,Pooja Joshi,Female,3.88,G-21-10,1.09625
G-21,3823,ADM,Sonya Khanna,Female,4.06,G-21-10,1.174804
G-21,817,CEE,Calvin Bell,Male,4.18,G-21-10,1.29528
G-22,4436,CoB (NBS),Aarohi Kapoor,Female,4.08,G-22-1,0.3248
G-22,3238,EEE,Omer Shah,Male,4.08,G-22-1,0.8848
G-22,1163,CCDS,Cassandra Tan,Female,4.17,G-22-1,1.00511
G-22,4366,CEE,Jonathan Ramirez,Male,4.19,G-22-1,1.245267
G-22,5535,SBS,Rina Devi,Female,4.19,G-22-1,1.245267
G-22,1987,CoB (NBS),Eugene Lim,Male,4.05,G-22-2,0.404841
G-22,4795,EEE,Lucy Cooper,Female,4.17,G-22-2,0.80511
G-22,3203,CCDS,Rohan Chaudhary,Male,4.03,G-22-2,1.084908
G-22,2462,SSS,Viola Lim,Female,4.05,G-22-2,1.204841
G-22,4571,SBS,Zoe Wang,Female,4.22,G-22-2,1.245562
G-22,4278,CoB (NBS),Alia Binti Mohd,Female,4,G-22-3,0.325069
G-22,292,EEE,Zhi Zhen,Male,4.15,G-22-3,0.884985
G-22,2327,CCDS,Harini Rao,Female,4.17,G-22-3,1.00511
G-22,3819,CEE,Jameelah Binti Ali,Female,4.05,G-22-3,1.164841
G-22,3541,SSS,Raghav Singh,Male,4.15,G-22-3,1.284985
G-22,680,CoB (NBS),Emily Nguyen,Female,3.94,G-22-4,0.325607
G-22,747,EEE,Zain Bin Mohd,Male,4.05,G-22-4,0.884841
G-22,386,CCDS,Joni Chang,Female,4.21,G-22-4,1.005455
G-22,763,CEE,Brielle Scarlett,Female,4.27,G-22-4,1.166214
G-22,5375,CoE,Liam Young,Male,4.02,G-22-4,1.324954
G-22,2352,EEE,Serena Chang,Female,4.05,G-22-5,0.804841
G-22,452,EEE,Zhang Lian,Male,4.04,G-22-5,0.884871
G-22,2126,EEE,Aaron White,Male,4.19,G-22-5,0.885267
G-22,3100,CoE,Ningzhi,Female,4.15,G-22-5,1.244985
G-22,4484,SoH,Aamir Khan,Male,4.04,G-22-5,1.364871
G-22,5793,CoB (NBS),Asher Young,Male,4.13,G-22-6,0.404892
G-22,2056,EEE,Putri Ayu,Female,4,G-22-6,0.805069
G-22,368,CCDS,Kenneth Tan,Male,4.18,G-22-6,1.085184
G-22,4847,CCEB,Mei Ling,Female,4.13,G-22-6,1.204892
G-22,654,ADM,Natasha Ng,Female,4,G-22-6,1.285069
G-22,5598,CoB (NBS),Hugo Lee,Male,4.14,G-22-7,0.404935
G-22,2281,EEE,Shi Lian,Female,4,G-22-7,0.805069
G-22,878,CCDS,Kenshin Nakamura,Male,4.02,G-22-7,1.084954
G-22,2356,SSS,Ariana Cox,Female,4.14,G-22-7,1.204935
G-22,2160,MAE,Weimin,Female,4.1,G-22-7,1.284813
G-22,5160,CoB (NBS),Soniya Bhatia,Female,4.2,G-22-8,0.325357
G-22,1685,EEE,Yao Liu,Male,4.02,G-22-8,0.884954
G-22,989,CCDS,Paloma Chang,Female,3.96,G-22-8,1.005395
G-22,3024,CEE,Thuy Le,Female,4.18,G-22-8,1.165184
G-22,2428,NIE,Andrew Cheung,Male,4.03,G-22-8,1.324908
G-22,3667,CoB (NBS),Andrew Yang,Male,4.22,G-22-9,0.405562
G-22,4836,EEE,Cristian Martinez,Male,4.03,G-22-9,0.884908
G-22,5194,EEE,Carter White,Male,4,G-22-9,0.885069
G-22,1672,CCEB,Hani Binti Ahmad,Female,3.85,G-22-9,1.206953
G-22,815,NIE,Alia Bin Zul,Male,4.15,G-22-9,1.324985
G-22,5358,WKW SCI,Samuel Davis,Male,4.14,G-22-10,0.404935
G-22,2293,EEE,Nurul Izzati,Female,3.94,G-22-10,0.805607
G-22,1933,CCDS,Upton Reyes,Male,3.88,G-22-10,1.086432
G-22,983,CCEB,Min-Seo Park,Female,3.86,G-22-10,1.206771
G-22,5233,SPMS,Neelam Sharma,Female,4.09,G-22-10,1.284803
G-23,5639,CoB (NBS),Eric Lim,Male,3.89,G-23-1,0.335814
G-23,5677,CCDS,Yuzhi,Female,4.1,G-23-1,0.934419
G-23,434,EEE,Jasper Chen,Male,4.18,G-23-1,1.134816
G-23,5192,SSS,Yanzhi,Female,4.73,G-23-1,1.191404
G-23,1241,SoH,Hiroki Tanaka,Male,4.09,G-23-1,1.254406
G-23,924,CoB (NBS),Ella Liu,Female,4.01,G-23-2,0.334585
G-23,4019,CCDS,Joshua Li,Male,4.48,G-23-2,0.940864
G-23,340,MAE,Liam Carter,Male,3.86,G-23-2,1.136301
G-23,1012,SSS,Luna Phillips,Female,3.89,G-23-2,1.175814
G-23,2903,CCEB,Nash Zhao,Male,4.15,G-23-2,1.254607
G-23,1625,CoB (NBS),Jamilah Binti Rahman,Female,4.05,G-23-3,0.334431
G-23,4800,CCDS,Manoj Menon,Male,4.18,G-23-3,0.934816
G-23,685,EEE,Gregory Wong,Male,4.02,G-23-3,1.134535
G-23,4513,SBS,Brielle Lin,Female,4.01,G-23-3,1.174585
G-23,512,CoE,Lucas Wang,Male,4.12,G-23-3,1.254471
G-23,5236,CoB (NBS),Rida Javed,Female,4.09,G-23-4,0.334406
G-23,1791,CCDS,Yuan Rui,Male,4.14,G-23-4,0.934554
G-23,5068,EEE,Oksana Sergeyevna,Female,4.01,G-23-4,1.134585
G-23,4471,SBS,Xiao Ling,Male,4.12,G-23-4,1.174471
G-23,4923,CEE,Wyatt Reed,Male,4.02,G-23-4,1.254535
G-23,5417,WKW SCI,Nishant Kapoor,Male,4,G-23-5,0.334643
G-23,3704,CCDS,Sabrina Binti Ismail,Female,4.2,G-23-5,0.934995
G-23,3333,MAE,Yasmin Reddy,Female,4.04,G-23-5,1.134458
G-23,844,SPMS,Mason Miller,Male,4.1,G-23-5,1.214419
G-23,3379,CCEB,Benjamin Lee,Male,4.02,G-23-5,1.254535
G-23,470,CoB (NBS),Cleo Carter,Female,4.01,G-23-6,0.334585
G-23,769,CCDS,Nai Li,Male,3.93,G-23-6,0.935276
G-23,2363,MAE,Zheng Yu Lim,Male,4.3,G-23-6,1.136371
G-23,4354,SSS,Neha Reddy,Female,3.9,G-23-6,1.175667
G-23,2973,CEE,Ahsan Shah,Male,4.18,G-23-6,1.254816
G-23,4667,CCDS,Yu Zhang,Female,4.06,G-23-7,0.934413
G-23,4895,CCDS,Kira Cruz,Female,3.92,G-23-7,0.935399
G-23,2664,MAE,Rhea Mehta,Female,4.16,G-23-7,1.134669
G-23,20,SPMS,Siti Wong,Female,4.03,G-23-7,1.214492
G-23,3061,ADM,Victoria Sanchez,Female,4.15,G-23-7,1.254607
G-23,4834,WKW SCI,Vincent Lopez,Male,4.01,G-23-8,0.334585
G-23,1943,CCDS,Jia Chen,Female,4.12,G-23-8,0.934471
G-23,2416,EEE,Lihua,Male,4.15,G-23-8,1.134607
G-23,4457,SSS,Ying Li,Female,3.86,G-23-8,1.176301
G-23,1942,ADM,Jaxon Jenkins,Male,4.17,G-23-8,1.254739
G-23,3091,CoB (NBS),Tanya Bhatia,Female,3.86,G-23-9,0.336301
G-23,4036,CCDS,Anya Chen,Female,4.03,G-23-9,0.934492
G-23,3851,SBS,Jin Wei,Male,4.11,G-23-9,1.174441
G-23,4617,SPMS,Evelyn Adams,Female,4.18,G-23-9,1.214816
G-23,4095,SoH,Carlito Morales,Male,4.11,G-23-9,1.254441
G-23,840,CoB (NBS),Ningqi,Female,3.9,G-23-10,0.335667
G-23,3681,MAE,Owen Garcia,Male,4.09,G-23-10,1.134406
G-23,5808,EEE,Elaine Tan,Female,4.22,G-23-10,1.135207
G-23,445,SBS,Amina Binti Ali,Female,3.8,G-23-10,1.177491
G-23,2145,CoE,Zac Johnson,Male,4.15,G-23-10,1.254607
G-24,5699,CoB (NBS),Tian Yu,Male,4.15,G-24-1,0.267142
G-24,2449,CCEB,Wei Lin Tan,Male,4.05,G-24-1,0.986802
G-24,988,EEE,Aaliyah Santos,Female,4.18,G-24-1,1.107399
G-24,2841,SoH,Tahira Ali,Female,4.22,G-24-1,1.187855
G-24,4381,MAE,Nathan Wu,Male,4.01,G-24-1,1.226891
G-24,2758,CoB (NBS),Aiden Chan,Male,4.05,G-24-2,0.266802
G-24,2980,EEE,Tiffany Chua,Female,4.02,G-24-2,1.106857
G-24,3356,SPMS,Kumar Nair,Male,4.18,G-24-2,1.107399
G-24,284,CCEB,Meera Nair,Female,4,G-24-2,1.146933
G-24,919,SoH,Piper Rivera,Female,4.26,G-24-2,1.188439
G-24,1010,EEE,Vikram Gupta,Male,4.02,G-24-3,0.946857
G-24,5642,CCDS,David Tan,Male,4.14,G-24-3,1.067072
G-24,1614,CCEB,Melody Tan,Female,4.06,G-24-3,1.1468
G-24,4515,CEE,Dustin Yang,Male,4.1,G-24-3,1.146872
G-24,3941,SPMS,Willow Chang,Female,4.1,G-24-3,1.266872
G-24,656,CoB (NBS),Oliver Li,Male,4.01,G-24-4,0.266891
G-24,2269,CCEB,Kuan Tan,Male,4.15,G-24-4,0.987142
G-24,1884,EEE,Althea Reyes,Female,4.12,G-24-4,1.106956
G-24,3811,SoH,Isha Rani,Female,3.87,G-24-4,1.188208
G-24,5917,CCDS,Mia Thomas,Female,4.19,G-24-4,1.227501
G-24,1286,EEE,Guo Wei,Male,4.18,G-24-5,0.947399
G-24,1732,CCDS,Owen Prabowo,Male,4,G-24-5,1.066933
G-24,509,CoE,Damon Carter,Male,3.9,G-24-5,1.107794
G-24,5178,CEE,Irfan Khan,Male,4.1,G-24-5,1.146872
G-24,4937,SSS,Qiming,Female,4.1,G-24-5,1.346872
G-24,400,CoB (NBS),Naina Choudhury,Female,4.05,G-24-6,0.426802
G-24,210,SoH,Eko Supriyanto,Male,4.05,G-24-6,1.026802
G-24,1081,CoE,Zhen Li,Male,4.02,G-24-6,1.106857
G-24,2181,CCEB,Nira Nair,Female,4.09,G-24-6,1.146842
G-24,1701,CCDS,Jasmine Reed,Female,4.02,G-24-6,1.226857
G-24,5931,CoB (NBS),Jack Murphy,Male,4.03,G-24-7,0.26683
G-24,1187,CCEB,Lucas Zhang,Male,4.12,G-24-7,0.986956
G-24,77,EEE,Shila Binti Ali,Female,4,G-24-7,1.106933
G-24,5298,SoH,Sylvia Liu,Female,4.03,G-24-7,1.18683
G-24,5308,NIE,Silas Yang,Male,4.03,G-24-7,1.22683
G-24,3656,EEE,Owen Yip,Male,4.18,G-24-8,0.947399
G-24,3246,CCDS,Johan Sari,Male,4.03,G-24-8,1.06683
G-24,1174,SPMS,Daniel Johnson,Male,3.86,G-24-8,1.108362
G-24,4289,SBS,Ethan Jones,Male,4.22,G-24-8,1.187855
G-24,1272,SSS,Maya Scott,Female,3.88,G-24-8,1.348062
G-24,384,EEE,Dustin Chen,Male,4.2,G-24-9,0.947611
G-24,2687,CoE,Kieran Yip,Male,4.04,G-24-9,1.106812
G-24,4373,CEE,Zhang Lian,Male,4.06,G-24-9,1.1468
G-24,1264,SBS,Wen Jin Tan,Male,4,G-24-9,1.186933
G-24,2937,MSE,Claire Jenkins,Female,3.86,G-24-9,1.388362
G-24,4293,CoB (NBS),Alisha Tan,Female,4.09,G-24-10,0.426842
G-24,2610,SoH,Ankit Joshi,Male,3.86,G-24-10,1.028362
G-24,5414,SPMS,Jovian Huang,Male,3.95,G-24-10,1.107263
G-24,3135,CCEB,Mia Moore,Female,4,G-24-10,1.146933
G-24,707,CoE,Monica Yeo,Female,4.05,G-24-10,1.266802
G-25,3804,MAE,Luna Liu,Female,4.03,G-25-1,0.942151
G-25,5136,SoH,Liyana Binti Mohd,Female,4.73,G-25-1,1.038312
G-25,1188,SBS,Pooja Iyer,Female,4.03,G-25-1,1.142151
G-25,4879,CCEB,Akira Fujimoto,Female,4.03,G-25-1,1.182151
G-25,5305,NIE,William Yip,Male,3.8,G-25-1,1.385397
G-25,829,CoB (NBS),Lydia Kim,Female,4.22,G-25-2,0.222662
G-25,1062,CEE,Wei Ling,Female,4.05,G-25-2,0.982069
G-25,3778,SPMS,Natsuki Sato,Female,4.15,G-25-2,1.102137
G-25,2749,EEE,Nishant Kumar,Male,4.1,G-25-2,1.222003
G-25,4300,CoE,Eddie Kwan,Male,4.02,G-25-2,1.342204
G-25,487,CoB (NBS),Adeline Ramirez,Female,4.04,G-25-3,0.222106
G-25,4461,EEE,Katherine Tan,Female,4.17,G-25-3,0.982247
G-25,5065,SSS,Shafika Binti Mohd,Female,4.15,G-25-3,1.062137
G-25,5761,MAE,Sanjay Nair,Male,4.01,G-25-3,1.182265
G-25,3052,CEE,Jackson Adams,Male,4.15,G-25-3,1.222137
G-25,1883,CoB (NBS),Sanya Ali,Female,4.12,G-25-4,0.222033
G-25,2182,MAE,Nicole Lee,Female,3.9,G-25-4,0.943465
G-25,2251,SSS,Meera Prasad,Female,4.2,G-25-4,1.062472
G-25,4377,CEE,Dante Zhang,Male,4.12,G-25-4,1.222033
G-25,697,EEE,Yannick Dela Cruz,Male,4.17,G-25-4,1.222247
G-25,675,CoB (NBS),Zheng Yang,Male,4.02,G-25-5,0.462204
G-25,4277,CEE,Ananya Reddy,Female,4.1,G-25-5,0.982003
G-25,3190,SPMS,Kira Tan,Female,4.17,G-25-5,1.102247
G-25,1980,EEE,Caleb Murphy,Male,4.11,G-25-5,1.222014
G-25,2085,CoE,Kareem Shah,Male,4.05,G-25-5,1.342069
G-25,3812,CoB (NBS),Zoe Johnson,Female,4.01,G-25-6,0.222265
G-25,5497,EEE,Nora Wang,Female,4.23,G-25-6,0.982768
G-25,3077,SSS,Disha Sharma,Female,3.91,G-25-6,1.063316
G-25,242,MAE,Eric Anderson,Male,4.22,G-25-6,1.182662
G-25,1094,CoE,Daniel Wu,Male,4.06,G-25-6,1.342039
G-25,2690,CoB (NBS),Maya Reddy,Female,4.14,G-25-7,0.222094
G-25,2411,CEE,Linda Tan,Female,4.05,G-25-7,0.982069
G-25,2566,SSS,Lydia White,Female,4.06,G-25-7,1.062039
G-25,5066,MAE,Jason Lim,Male,4.1,G-25-7,1.182003
G-25,1343,SoH,Devon Tan,Male,4.08,G-25-7,1.262005
G-25,2647,WKW SCI,Isaac Chen,Male,4.18,G-25-8,0.462314
G-25,4475,SoH,Sahara Chen,Female,3.92,G-25-8,1.023175
G-25,5920,SPMS,Cathy Li,Female,4.19,G-25-8,1.102389
G-25,4935,NIE,Nancy Liu,Female,4.2,G-25-8,1.142472
G-25,698,CCDS,Ronald Tan,Male,3.93,G-25-8,1.383042
G-25,4755,MAE,Aisyah Mohd,Female,4.14,G-25-9,0.942094
G-25,1303,SoH,Fiona Wong,Female,4.22,G-25-9,1.022662
G-25,3958,CCDS,Natalie Ramirez,Female,4.01,G-25-9,1.142265
G-25,4689,ASE,Mira Singh,Female,3.92,G-25-9,1.183175
G-25,3109,SBS,Carl Li,Male,4.09,G-25-9,1.382
G-25,5271,CoB (NBS),Dahlia Morales,Female,4.08,G-25-10,0.222005
G-25,1445,MAE,Giovanna Chen,Female,4.1,G-25-10,0.942003
G-25,3638,SoH,Yue Ling,Female,4.09,G-25-10,1.022
G-25,194,EEE,Shafeeq Bin Ahmad,Male,4.05,G-25-10,1.222069
G-25,5275,CEE,Min Jie Lim,Male,3.95,G-25-10,1.2228
G-26,3204,CoB (NBS),Deepa Menon,Female,3.88,G-26-1,0.240013
G-26,4127,EEE,Fatin Binti Ahmad,Female,4.2,G-26-1,0.958968
G-26,5219,CCDS,Owen Lee,Male,4.19,G-26-1,1.118877
G-26,4997,MAE,Puneet Kumar,Male,4.05,G-26-1,1.198438
G-26,47,SBS,Yuri Li,Male,4.2,G-26-1,1.358968
G-26,3590,CoB (NBS),Kelsey Lim,Female,4.02,G-26-2,0.238548
G-26,1342,MAE,Maria Lam,Female,4.04,G-26-2,0.958467
G-26,3557,CCDS,Naomi Chen,Female,4.1,G-26-2,0.878415
G-26,1053,EEE,Milo Zhao,Male,4.1,G-26-2,1.198415
G-26,3835,SoH,Jacob Wang,Male,4.26,G-26-2,1.319685
G-26,2155,WKW SCI,Victor Black,Male,4.14,G-26-3,0.47854
G-26,3254,MAE,Zoe Sanchez,Female,4.03,G-26-3,0.958503
G-26,5604,SoH,Eshan,Female,4.05,G-26-3,1.078438
G-26,2137,CCDS,Desmond Tan,Male,4.3,G-26-3,1.120322
G-26,279,EEE,Felix Liu,Male,3.95,G-26-3,1.199084
G-26,301,CCDS,Anita Khanna,Female,3.95,G-26-4,0.879084
G-26,372,EEE,Hira Bukhari,Female,4.1,G-26-4,0.958415
G-26,5094,SBS,Miki Aizawa,Female,4,G-26-4,1.118661
G-26,204,ADM,Elena Leonova,Female,4.12,G-26-4,1.158461
G-26,2574,LKCMedicine,James Zhao,Male,4.27,G-26-4,1.399832
G-26,3765,CCDS,Aria Cook,Female,4.01,G-26-5,0.878601
G-26,3536,MAE,Hana Chan,Female,4.2,G-26-5,0.958968
G-26,5372,SBS,Riya Gupta,Female,4.03,G-26-5,1.118503
G-26,1817,LKCMedicine,Vera Kuznetsova,Female,4.13,G-26-5,1.158497
G-26,2409,SPMS,Quentin Chiu,Male,4.06,G-26-5,1.438417
G-26,4490,CCDS,Sophie Chua,Female,4.15,G-26-6,0.878592
G-26,3477,EEE,Jasmine Yeo,Female,3.9,G-26-6,0.959708
G-26,2691,CCEB,Ruby Lee,Female,3.9,G-26-6,1.119708
G-26,3775,MSE,Ivy Tan,Female,4.19,G-26-6,1.158877
G-26,233,SSS,Ferdinand Villanueva,Male,4.27,G-26-6,1.439832
G-26,1045,CCDS,Diya Singh,Female,4.09,G-26-7,0.878403
G-26,1650,MAE,Siti Nurbaya,Female,4.05,G-26-7,0.958438
G-26,1260,CCEB,Hafsa Khan,Female,4.14,G-26-7,1.11854
G-26,5880,MSE,Kira Yang,Female,4.03,G-26-7,1.158503
G-26,3685,CoE,Rishabh Sharma,Male,4.06,G-26-7,1.398417
G-26,5058,WKW SCI,Ryan Bennett,Male,4.22,G-26-8,0.479175
G-26,5521,EEE,Kendra Alvarado,Female,3.91,G-26-8,0.959567
G-26,1224,SoH,Nora Diaz,Female,3.89,G-26-8,1.079856
G-26,5009,CEE,Jianjun,Female,4.2,G-26-8,1.158968
G-26,3366,CoE,Mohit Desai,Male,4.1,G-26-8,1.398415
G-26,3331,CCDS,Hugo Wang,Male,4.02,G-26-9,1.118548
G-26,574,MAE,Daphne Lim,Female,4.15,G-26-9,0.958592
G-26,3730,CCEB,Kazuko Nishida,Female,4.17,G-26-9,1.118718
G-26,3625,CEE,Vera Tan,Female,4,G-26-9,1.158661
G-26,5098,ADM,Alia Bin Abd,Male,3.95,G-26-9,1.399084
G-26,1540,CoB (NBS),Layla Evans,Female,4.02,G-26-10,0.238548
G-26,1800,MAE,Fariha Binti Mohd,Female,4.15,G-26-10,0.958592
G-26,15,CCDS,Eric Long,Male,4.22,G-26-10,1.119175
G-26,285,EEE,Ibrahim Zain,Male,4.03,G-26-10,1.198503
G-26,4116,SoH,Yifan,Male,3.85,G-26-10,1.320531
G-27,1122,CCDS,Vinay Bhatia,Male,4.18,G-27-1,1.115244
G-27,5288,CCEB,Talia Wang,Female,4.17,G-27-1,1.115164
G-27,872,SBS,Aria Wilson,Female,4.07,G-27-1,1.154801
G-27,5347,LKCMedicine,Nadia Ali,Female,3.91,G-27-1,1.195884
G-27,212,SoH,Karan Joshi,Male,4.17,G-27-1,1.395164
G-27,705,CCDS,Aarti Desai,Female,4.02,G-27-2,0.914919
G-27,1821,SPMS,Hannah Wang,Female,4.1,G-27-2,1.074826
G-27,3752,SSS,Tania Chan,Female,4.08,G-27-2,1.154801
G-27,3786,ADM,Anjali Tan,Female,4.15,G-27-2,1.195027
G-27,5331,CoE,Alexander Hill,Male,4.08,G-27-2,1.274801
G-27,181,CoB (NBS),Kunal Patel,Male,3.97,G-27-3,0.435238
G-27,3727,MAE,Zaira Binti Karim,Female,4.05,G-27-3,1.034824
G-27,1635,CEE,Minjie,Female,4.1,G-27-3,1.154826
G-27,1083,EEE,Shinji Saito,Male,4.1,G-27-3,1.194826
G-27,3749,CoE,Jonathan Wong,Male,4.2,G-27-3,1.275429
G-27,5436,CoB (NBS),Suri Chang,Female,4.16,G-27-4,0.235092
G-27,5076,EEE,Rekha Menon,Female,3.92,G-27-4,0.995756
G-27,3469,CCDS,Khalil Khan,Male,4.19,G-27-4,1.115333
G-27,5456,CEE,Nora Wu,Female,4.01,G-27-4,1.154967
G-27,4904,MAE,Nicolas Zhao,Male,4.12,G-27-4,1.234882
G-27,3196,CoB (NBS),Zara Bennett,Female,4.27,G-27-5,0.236327
G-27,578,MAE,Sadia Awan,Female,4.02,G-27-5,1.034919
G-27,790,CCEB,Hui Chen,Female,4.19,G-27-5,1.115333
G-27,4239,EEE,Mohammed Sadiq,Male,3.75,G-27-5,1.199015
G-27,1773,SPMS,Daniel Baker,Male,4.15,G-27-5,1.275027
G-27,961,CoB (NBS),Fei Hong Lim,Male,3.9,G-27-6,0.436019
G-27,5757,CoE,Sonia Bukhari,Female,4.1,G-27-6,1.074826
G-27,1767,SBS,Mei Xing,Female,4.09,G-27-6,1.154809
G-27,2259,NIE,Ella Safira,Female,4.2,G-27-6,1.195429
G-27,196,SPMS,Dominic Scott,Male,4.09,G-27-6,1.274809
G-27,5892,CCDS,Rhea Sharma,Female,4.19,G-27-7,0.915333
G-27,1232,CCEB,Liana Goh,Female,4.1,G-27-7,1.114826
G-27,2002,SSS,Cynthia Sun,Female,4.06,G-27-7,1.154809
G-27,4711,ASE,Ella Young,Female,3.92,G-27-7,1.195756
G-27,2739,MSE,Jett Wu,Male,4.06,G-27-7,1.354809
G-27,4880,CoB (NBS),Akira Yoshida,Female,4.15,G-27-8,0.235027
G-27,1844,EEE,Isabella Morris,Female,3.95,G-27-8,0.995421
G-27,3702,CCDS,Mira Ng,Female,4.2,G-27-8,0.915429
G-27,2166,MAE,Oscar Lee,Male,4.11,G-27-8,1.23485
G-27,2195,SPMS,Vikas Sharma,Male,3.9,G-27-8,1.276019
G-27,3387,CoB (NBS),Riley Tsai,Female,3.92,G-27-9,0.235756
G-27,2127,EEE,Mila Collins,Female,3.87,G-27-9,0.996474
G-27,2139,CCDS,Brody Hughes,Male,4.2,G-27-9,1.115429
G-27,3504,MSE,Alexis Lee,Female,4,G-27-9,1.155023
G-27,703,CoE,Aarav Yadav,Male,4.3,G-27-9,1.276832
G-27,2022,CoB (NBS),Sana Iqbal,Female,4.02,G-27-10,0.234919
G-27,1449,CCDS,Olivia Johnson,Female,4.52,G-27-10,0.922735
G-27,257,CCDS,Arnav Kumar,Male,3.85,G-27-10,1.116818
G-27,137,EEE,Lucas Ramirez,Male,4,G-27-10,1.195023
G-27,4367,MAE,Santiago Garcia,Male,3.9,G-27-10,1.236019
G-28,2565,CoB (NBS),Priya Patel,Female,3.86,G-28-1,0.280618
G-28,3879,CCEB,Camille Chen,Female,4.14,G-28-1,0.998978
G-28,4649,MAE,Nur Fatimah,Female,4.04,G-28-1,1.038844
G-28,2080,SSS,Lily Cook,Female,4.18,G-28-1,1.119256
G-28,2738,ASE,Mark Johnson,Male,4.18,G-28-1,1.319256
G-28,525,CoB (NBS),Stella Chang,Female,4.12,G-28-2,0.278888
G-28,859,CoB (NBS),Raymond Ho,Male,4.02,G-28-2,0.358913
G-28,5186,SoH,Rong Liu,Female,4.02,G-28-2,1.038913
G-28,5579,MAE,Julian Li,Male,4.1,G-28-2,1.118829
G-28,3297,SPMS,Aaron Huskel,Male,4.15,G-28-2,1.239036
G-28,4316,CoB (NBS),Savannah Cooper,Female,4.04,G-28-3,0.278844
G-28,3880,CoB (NBS),Xiangrong,Male,4.1,G-28-3,0.358829
G-28,4780,SoH,Zoe Ali,Female,4.19,G-28-3,1.039346
G-28,772,SSS,Nazia Rehman,Female,4.06,G-28-3,1.118807
G-28,1320,EEE,Steve Lau,Male,4.01,G-28-3,1.19896
G-28,3735,CoB (NBS),Sophie Chen,Female,4.17,G-28-4,0.279175
G-28,2035,CCEB,Madison Reed,Female,4.1,G-28-4,0.998829
G-28,3182,SoH,Rylan King,Male,4.05,G-28-4,1.118822
G-28,5039,MAE,Peter Harris,Male,3.88,G-28-4,1.120293
G-28,4789,ADM,Rashidah Binti Ibrahim,Female,4.2,G-28-4,1.239443
G-28,1771,CoB (NBS),Asha Binti,Female,4.11,G-28-5,0.278854
G-28,5439,CoB (NBS),Kenshin Watanabe,Male,4.02,G-28-5,0.358913
G-28,1237,MAE,Aditi Sharma,Female,4.14,G-28-5,1.038978
G-28,5256,SSS,Sergio Moreno,Male,4.03,G-28-5,1.198875
G-28,4865,MSE,Chloe Wilson,Female,4.08,G-28-5,1.238802
G-28,495,CoB (NBS),Max Chen,Male,4.09,G-28-6,0.358811
G-28,4313,CCEB,Aubrey Morgan,Female,3.9,G-28-6,1.0
G-28,4358,SoH,Mason Reyes,Male,3.92,G-28-6,1.119739
G-28,4004,EEE,Neela Nair,Female,4.2,G-28-6,1.119443
G-28,524,CCDS,Xander Lawson,Male,4.26,G-28-6,1.320196
G-28,5601,CoB (NBS),Alia Khan,Female,4.14,G-28-7,0.278978
G-28,4827,WKW SCI,Liam Lewis,Male,4.17,G-28-7,0.359175
G-28,3446,SoH,Lina Abdullah,Female,4,G-28-7,1.039014
G-28,5731,MAE,Oliver Wong,Male,4.01,G-28-7,1.11896
G-28,725,SPMS,Eddie Cheung,Male,4.02,G-28-7,1.238913
G-28,3156,CoB (NBS),Arif Hussain,Male,4.1,G-28-8,0.358829
G-28,2429,CCEB,Misha Devi,Female,4.14,G-28-8,0.998978
G-28,256,CCEB,Elijah Carter,Male,3.9,G-28-8,1.08
G-28,2518,SSS,Lian Tan,Female,4.2,G-28-8,1.119443
G-28,5490,CoE,Alana Tan,Female,4,G-28-8,1.239014
G-28,498,CoB (NBS),Emma Hall,Female,3.88,G-28-9,0.280293
G-28,3830,CCEB,Ivy Pineda,Female,4.22,G-28-9,0.999662
G-28,361,SoH,Bilal Zafar,Male,4.08,G-28-9,1.118802
G-28,3096,EEE,Victor Andreyev,Male,4.12,G-28-9,1.198888
G-28,1413,SPMS,Zach Lim,Male,4.02,G-28-9,1.238913
G-28,1477,CoB (NBS),Nina Chang,Female,3.88,G-28-10,0.280293
G-28,1419,CCEB,Nirmala Iyer,Female,4.18,G-28-10,0.999256
G-28,2705,MAE,Ming Feng Tan,Male,4.05,G-28-10,1.118822
G-28,5424,EEE,Ria Patel,Female,4.19,G-28-10,1.119346
G-28,5958,CEE,Sebastian Wright,Male,4,G-28-10,1.319014
G-29,823,CoB (NBS),Tobias Tan,Male,4.03,G-29-1,0.318516
G-29,1197,EEE,Rahul Reddy,Male,4.05,G-29-1,0.998446
G-29,3307,SSS,Eva Wang,Female,4.09,G-29-1,1.118402
G-29,4451,CCDS,Kiran Tiwari,Female,3.9,G-29-1,1.199751
G-29,5323,MAE,Sadia Khan,Female,4.52,G-29-1,1.246011
G-29,2733,CoB (NBS),Christina Tan,Female,4.2,G-29-2,0.31894
G-29,4399,EEE,Jamal Karim,Male,4.19,G-29-2,0.998851
G-29,5164,SSS,Yong Jie,Male,4.12,G-29-2,1.118452
G-29,2194,SoH,Maya Li,Female,4.09,G-29-2,1.238402
G-29,857,ASE,Lucy Barnes,Female,3.9,G-29-2,1.279751
G-29,3347,WKW SCI,Kelly Ng,Female,4.06,G-29-3,0.318423
G-29,4026,CoB (NBS),Shanwei,Male,3.9,G-29-3,0.319751
G-29,2965,SBS,Ethan Young,Male,4.2,G-29-3,1.07894
G-29,2692,SSS,Nadia Cahyani,Female,4.15,G-29-3,1.118575
G-29,4661,SPMS,Jasper Zhang,Male,4.15,G-29-3,1.238575
G-29,2526,CoB (NBS),Xander Lee,Male,4.12,G-29-4,0.318452
G-29,2596,EEE,Madison Gray,Female,4.03,G-29-4,0.998516
G-29,367,SBS,Avery Wilson,Female,4.11,G-29-4,1.078427
G-29,496,CCDS,Zachary Price,Male,3.91,G-29-4,1.199608
G-29,4286,LKCMedicine,Evelyn Green,Female,4.27,G-29-4,1.239787
G-29,3124,CoB (NBS),Jason Lim,Male,4.09,G-29-5,0.318402
G-29,929,CoB (NBS),Poppy Smith,Female,4.27,G-29-5,0.319787
G-29,942,EEE,Hao Xun,Male,3.96,G-29-5,0.999013
G-29,4339,SSS,Janelle Tan,Female,4,G-29-5,1.118681
G-29,5742,NIE,Joshua Murphy,Male,4.11,G-29-5,1.238427
G-29,4734,WKW SCI,Surya Kumar,Male,4.1,G-29-6,0.31841
G-29,1290,EEE,Huanqing,Female,4.05,G-29-6,0.998446
G-29,3311,SBS,Riya Tan,Female,4.1,G-29-6,1.07841
G-29,2081,CoE,Xiao Jun,Male,4.02,G-29-6,1.158563
G-29,5614,SPMS,Faris Bin Mohd,Male,4.15,G-29-6,1.238575
G-29,1823,CoB (NBS),Aria Lim,Female,4.04,G-29-7,0.318477
G-29,1515,CoB (NBS),Tianming,Male,3.8,G-29-7,0.321622
G-29,1488,SBS,Raymond Smith,Male,4.18,G-29-7,1.07877
G-29,202,CoE,Kimberly Lim,Female,4.18,G-29-7,1.15877
G-29,2548,MAE,Panshi,Male,4.18,G-29-7,1.23877
G-29,213,CoB (NBS),Ananya Sharma,Female,4.18,G-29-8,0.31877
G-29,5895,EEE,Kai Ren Ng,Male,4.1,G-29-8,0.99841
G-29,4528,SSS,Nurul Hani,Female,4.1,G-29-8,1.11841
G-29,2844,CCDS,Ritika Bansal,Female,4.03,G-29-8,1.198516
G-29,1959,NIE,Elias Carter,Male,3.95,G-29-8,1.239116
G-29,2216,CoB (NBS),Alisha Iyer,Female,4.13,G-29-9,0.318485
G-29,729,EEE,Rongwei,Male,4.09,G-29-9,0.998402
G-29,4031,SBS,Silas Tan,Male,4.06,G-29-9,1.078423
G-29,1104,CoE,Nisha Singh,Female,4.01,G-29-9,1.158618
G-29,4854,SoH,Shahid Raza,Male,4.03,G-29-9,1.238516
G-29,3278,WKW SCI,Nadeem Ali,Male,4.04,G-29-10,0.318477
G-29,2772,EEE,Alyssa Carter,Female,3.97,G-29-10,0.998918
G-29,2829,SBS,Gemma Jenkins,Female,4.09,G-29-10,1.078402
G-29,5389,CoE,Skylar Tan,Female,4.15,G-29-10,1.158575
G-29,1525,LKCMedicine,Brayden Adams,Male,4.04,G-29-10,1.238477
G-30,4973,MAE,James Bailey,Male,4.07,G-30-1,0.948428
G-30,2537,CCDS,Michael Brown,Male,4.01,G-30-1,1.068699
G-30,244,SSS,Atsuko Taniguchi,Female,3.91,G-30-1,1.10979
G-30,1873,SoH,Rhea Reddy,Female,4.15,G-30-1,1.228515
G-30,3162,CEE,Mi-kyung Han,Female,4.52,G-30-1,1.275577
G-30,1628,MAE,Anushka Mehra,Female,4.17,G-30-2,0.948617
G-30,81,MAE,Kieran Lewis,Male,4.22,G-30-2,0.949011
G-30,5279,EEE,Trevor Lim,Male,4.03,G-30-2,1.188576
G-30,1164,SoH,Huma Qureshi,Female,3.91,G-30-2,1.22979
G-30,5177,MSE,Huma Malik,Female,4.22,G-30-2,1.309011
G-30,4237,CoB (NBS),Mason Wong,Male,4.08,G-30-3,0.348411
G-30,3675,CCDS,Lian Xu,Female,4.11,G-30-3,1.068407
G-30,3567,SSS,Sofia Ramirez,Female,4.02,G-30-3,1.108633
G-30,3269,CoE,Dylan Nguyen,Male,4.18,G-30-3,1.22868
G-30,3828,CCEB,Kelly Lee,Female,4.15,G-30-3,1.268515
G-30,531,CoB (NBS),Ava King,Female,4.2,G-30-4,0.348829
G-30,3149,MAE,Keshav Yadav,Male,4.01,G-30-4,0.948699
G-30,5678,CCDS,Aadhya Reddy,Female,3.9,G-30-4,1.069943
G-30,2448,CoE,Han Song Lim,Male,4.2,G-30-4,1.228829
G-30,5702,NIE,Harriet Rivera,Female,4.22,G-30-4,1.269011
G-30,4596,MAE,Siti Zulaikha Binti Rahim,Female,4.1,G-30-5,0.948401
G-30,5752,CCDS,Kieran Wu,Male,4.08,G-30-5,1.068411
G-30,814,SSS,Jasmine Ng,Female,4.2,G-30-5,1.108829
G-30,3517,SBS,Brandon Lee,Male,4.14,G-30-5,1.228476
G-30,3647,CCEB,Gavin Walker,Male,3.97,G-30-5,1.269039
G-30,946,WKW SCI,Jack Martin,Male,4.2,G-30-6,0.348829
G-30,874,MAE,Owais Bukhari,Male,3.96,G-30-6,0.949144
G-30,383,SSS,Roxanne Chan,Female,4.19,G-30-6,1.10875
G-30,165,SoH,Xena Wong,Female,4.12,G-30-6,1.228422
G-30,2096,NIE,Seng Hua Lim,Male,4.02,G-30-6,1.268633
G-30,422,CoB (NBS),Riley Johnson,Male,4.19,G-30-7,0.34875
G-30,4408,CCDS,Biaochun,Female,4,G-30-7,1.068772
G-30,4440,SSS,Elijah Wong,Male,4.01,G-30-7,1.108699
G-30,636,EEE,Areeba Bukhari,Female,4.02,G-30-7,1.188633
G-30,4984,CEE,Ayesha Binti Rahman,Female,4.25,G-30-7,1.269344
G-30,1347,MAE,Ananya Nair,Female,4.01,G-30-8,0.948699
G-30,2942,MAE,Kai Li,Male,4.26,G-30-8,0.949471
G-30,50,EEE,Nida Malik,Male,4.12,G-30-8,1.188422
G-30,2677,CoE,Thomas Collins,Male,4.18,G-30-8,1.22868
G-30,3553,LKCMedicine,Colton Huang,Male,3.88,G-30-8,1.310273
G-30,2931,MAE,Maisie Lee,Female,4.11,G-30-9,0.948407
G-30,2589,CCDS,Anthony Hughes,Male,4.04,G-30-9,1.068527
G-30,5494,SSS,Sania Malik,Female,4.21,G-30-9,1.108916
G-30,3444,SBS,Kunal Tan,Male,4.15,G-30-9,1.228515
G-30,5915,SPMS,Mason Smith,Male,3.88,G-30-9,1.270273
G-30,5176,MAE,Xiao Chen,Male,4.11,G-30-10,0.948407
G-30,3795,CCDS,Jing Wei,Male,4.02,G-30-10,1.068633
G-30,197,EEE,Vivian Tan,Female,4.07,G-30-10,1.188428
G-30,1592,SBS,Patricia White,Female,4.2,G-30-10,1.228829
G-30,167,SPMS,Nurul Farah,Female,3.85,G-30-10,1.270829
G-31,2706,CoB (NBS),Kamran Ahmed,Male,4.03,G-31-1,0.327027
G-31,1709,EEE,Anjali Rao,Female,4.01,G-31-1,1.007164
G-31,2555,SBS,Kavya Singh,Female,4.14,G-31-1,1.086848
G-31,2459,CCEB,Bodhi Chen,Male,4.02,G-31-1,1.207092
G-31,69,CEE,Suhana Bhat,Female,4.79,G-31-1,1.265547
G-31,5474,CoB (NBS),Samara Khan,Female,4.22,G-31-2,0.327325
G-31,4149,EEE,Sora Inoue,Male,4.2,G-31-2,1.007158
G-31,5310,SBS,Jasmine Chen,Female,4.25,G-31-2,1.087636
G-31,2431,CCEB,Ella Gonzalez,Female,3.92,G-31-2,1.208175
G-31,629,MSE,Jessica Lim,Female,4.16,G-31-2,1.286919
G-31,3976,CoB (NBS),Aarohi Verma,Female,4.12,G-31-3,0.326809
G-31,5675,WKW SCI,Boris Mikhailov,Male,3.87,G-31-3,0.329017
G-31,2652,CCDS,Elijah Lewis,Male,4.27,G-31-3,1.047884
G-31,5700,SBS,Bina Patel,Female,4.27,G-31-3,1.087884
G-31,2890,ASE,Ryan Baker,Male,4.06,G-31-3,1.246882
G-31,4640,CoB (NBS),Siti Sarah,Female,4.2,G-31-4,0.327158
G-31,336,EEE,Arjun Singh,Male,4,G-31-4,1.007244
G-31,752,SBS,Sophie Chiu,Female,4.09,G-31-4,1.086809
G-31,1818,CCEB,Megan Sari,Female,4.15,G-31-4,1.20688
G-31,5168,SPMS,Gideon Hayes,Male,4.15,G-31-4,1.28688
G-31,3649,CoB (NBS),Damon Wu,Male,4.08,G-31-5,0.326826
G-31,236,EEE,Mika Sato,Female,4.19,G-31-5,1.007086
G-31,4603,CCDS,Henry Tsang,Male,4.02,G-31-5,1.047092
G-31,2787,MAE,Lina Binti Zain,Female,4.2,G-31-5,1.167158
G-31,2809,ASE,Logan Wong,Male,4.08,G-31-5,1.246826
G-31,3672,CoB (NBS),Toni Agustian,Male,4.1,G-31-6,0.326801
G-31,5171,CoB (NBS),Peyton Bell,Female,4.25,G-31-6,0.327636
G-31,190,CCDS,Hana Binti Mohd,Female,4,G-31-6,1.047244
G-31,3,SBS,Isaac Liu,Male,3.9,G-31-6,1.088488
G-31,5864,SoH,Landon Parker,Male,4.16,G-31-6,1.246919
G-31,3987,CoB (NBS),Harish Kumar,Male,4.19,G-31-7,0.327086
G-31,169,EEE,Moe Yamashita,Female,4.19,G-31-7,1.007086
G-31,2277,CCDS,Olive Wang,Female,4.22,G-31-7,1.047325
G-31,2225,MAE,Toby Lim,Male,3.95,G-31-7,1.167766
G-31,5774,NIE,Imran Ashraf,Male,3.85,G-31-7,1.249409
G-31,365,CoB (NBS),Chloe Torres,Female,4.09,G-31-8,0.326809
G-31,5309,EEE,Deepak Nair,Male,4.13,G-31-8,1.006824
G-31,3919,CCDS,Zain Bin Ali,Male,4.1,G-31-8,1.046801
G-31,4502,SBS,Hailey Lin,Female,3.88,G-31-8,1.088832
G-31,4421,SoH,Ryder Li,Male,4.15,G-31-8,1.24688
G-31,5222,CoB (NBS),Claire Tan,Female,4.06,G-31-9,0.326882
G-31,514,EEE,Gabriel Edwards,Male,4.19,G-31-9,1.007086
G-31,4294,CCDS,Vikas Yadav,Male,4.16,G-31-9,1.046919
G-31,5783,MAE,Maya Rajan,Female,4.02,G-31-9,1.167092
G-31,3959,CEE,Vivian Cooper,Female,3.89,G-31-9,1.248656
G-31,4190,CoB (NBS),Dustin Young,Male,4.14,G-31-10,0.326848
G-31,5360,EEE,Vania Alonzo,Female,4.05,G-31-10,1.006923
G-31,4887,CCDS,Cathy Tan,Female,4.15,G-31-10,1.04688
G-31,325,MAE,Kenta Yamada,Male,4.05,G-31-10,1.166923
G-31,1172,NIE,Liam Rivera,Male,3.91,G-31-10,1.248327
G-32,802,CoB (NBS),Xue Chen,Female,4.02,G-32-1,0.300565
G-32,1919,EEE,Hao Chen,Male,4.03,G-32-1,1.100518
G-32,3365,SPMS,Yasmin Cruz,Female,4.26,G-32-1,1.101636
G-32,5143,CEE,Kien Vo,Male,4.09,G-32-1,1.180401
G-32,3713,CCDS,Selene Tsai,Female,4.2,G-32-1,1.220936
G-32,5559,CoB (NBS),Naina Noor,Female,4.16,G-32-2,0.30063
G-32,1715,CCEB,Sabrina Wong,Female,4.01,G-32-2,1.06062
G-32,1097,EEE,Shubham Prakash,Male,4.15,G-32-2,1.100573
G-32,3810,MAE,Nicholas Tan,Male,3.95,G-32-2,1.18112
G-32,2637,SoH,Derek Chen,Male,4.22,G-32-2,1.221138
G-32,240,CoB (NBS),Aditi Suresh,Female,4.03,G-32-3,0.300518
G-32,182,CCEB,Colton Ross,Male,4.03,G-32-3,1.100518
G-32,868,SSS,Rida Bukhari,Female,4.2,G-32-3,1.100936
G-32,981,SPMS,Leonardo Wu,Male,4.19,G-32-3,1.140848
G-32,2814,SoH,Omer Javed,Male,4.03,G-32-3,1.220518
G-32,4437,EEE,Fatima Binti Rahim,Female,4.06,G-32-4,1.060423
G-32,2944,SSS,Sara Lim,Female,4.05,G-32-4,1.100447
G-32,2191,SPMS,Oliver Reed,Male,4.05,G-32-4,1.140447
G-32,4660,SoH,Mina Lim,Female,4.2,G-32-4,1.180936
G-32,4978,CoE,Igor Petrov,Male,4.11,G-32-4,1.300427
G-32,4094,CoB (NBS),Isla Ross,Female,4.09,G-32-5,0.300401
G-32,2180,EEE,Anthony Stewart,Male,4.1,G-32-5,1.10041
G-32,2442,CCEB,Derek Wilson,Male,4.14,G-32-5,1.100525
G-32,5556,CEE,Yuki Mori,Female,4.02,G-32-5,1.140565
G-32,2983,LKCMedicine,Yani Tan,Female,4.11,G-32-5,1.220427
G-32,909,CoB (NBS),Yang Chen,Male,4.01,G-32-6,0.34062
G-32,3259,SPMS,Amira Rahman,Female,4.11,G-32-6,1.100427
G-32,102,SSS,Hector Mendoza,Male,4.06,G-32-6,1.140423
G-32,4841,MAE,Anya Iyer,Female,4.14,G-32-6,1.140525
G-32,1255,MSE,Uli Agustin,Female,4.1,G-32-6,1.26041
G-32,5410,CoB (NBS),Ying Xiu,Female,4.19,G-32-7,0.300848
G-32,5289,CCEB,Cynthia Chan,Female,4.17,G-32-7,1.060694
G-32,4463,EEE,Alvin Khor,Male,3.9,G-32-7,1.101757
G-32,3610,CEE,Caleb Nelson,Male,4.14,G-32-7,1.180525
G-32,3716,LKCMedicine,Sergey Fedorov,Male,4.01,G-32-7,1.26062
G-32,5956,WKW SCI,Cheng Yuan,Male,4.03,G-32-8,0.340518
G-32,4206,CCEB,Addison Ward,Female,4.18,G-32-8,1.060767
G-32,1349,SSS,Hua Lin,Female,3.95,G-32-8,1.10112
G-32,1285,MAE,Xingyu,Female,4.2,G-32-8,1.140936
G-32,1684,NIE,Mason Carter,Male,4.02,G-32-8,1.300565
G-32,7,CoB (NBS),Sophie Allen,Female,4.16,G-32-9,0.30063
G-32,4765,CCEB,Nora Hall,Female,3.94,G-32-9,1.061232
G-32,3157,EEE,Dingqi,Male,4.3,G-32-9,1.102263
G-32,2054,CEE,Xiaofang,Male,3.85,G-32-9,1.182594
G-32,2167,CCDS,Kanghao,Male,4.1,G-32-9,1.26041
G-32,4958,CoB (NBS),Ryan Turner,Male,4,G-32-10,0.340684
G-32,736,SSS,Lorelei Chen,Female,4.06,G-32-10,1.100423
G-32,2410,SPMS,Rylan Cooper,Male,4.1,G-32-10,1.14041
G-32,2648,MAE,Nisa Tan,Female,4.14,G-32-10,1.140525
G-32,1721,SBS,Aisya Binti Azhar,Female,3.85,G-32-10,1.262594
G-33,3594,CoB (NBS),Luna Zhao,Female,4.52,G-33-1,0.242763
G-33,3680,SoH,Lin Yi,Female,4.11,G-33-1,1.076
G-33,4512,CEE,Hao Chen,Female,4.01,G-33-1,1.07639
G-33,2817,MAE,Lyndon Torres,Male,4.04,G-33-1,1.316189
G-33,125,ADM,Graham Yang,Male,4.03,G-33-1,1.356248
G-33,4081,EEE,Liam Collins,Male,4.05,G-33-2,1.196138
G-33,1148,CCEB,Rebecca Chen,Female,4.02,G-33-2,1.076315
G-33,645,SBS,Xinyi Lim,Female,4.15,G-33-2,1.116068
G-33,1431,MSE,Lucy Rogers,Female,4.26,G-33-2,1.156914
G-33,1517,SPMS,Liang Zhao,Male,4.22,G-33-2,1.356495
G-33,4406,CoB (NBS),Hannah Lim,Female,4.03,G-33-3,0.236248
G-33,3399,CCDS,Bunga Melati,Female,4.15,G-33-3,0.996068
G-33,5069,CCEB,Yuan Li,Female,4.15,G-33-3,1.076068
G-33,4777,EEE,Amir Bin Jamal,Male,4.1,G-33-3,1.196003
G-33,5927,NIE,Liang Zhao,Male,4.22,G-33-3,1.236495
G-33,3618,CoB (NBS),Mila Perez,Female,4.19,G-33-4,0.236264
G-33,1675,CCDS,Mina Qiu,Female,4.03,G-33-4,0.996248
G-33,3842,CCEB,Priti Singh,Female,4.03,G-33-4,1.076248
G-33,1937,EEE,Maverick Brown,Male,4.12,G-33-4,1.196005
G-33,3198,MAE,Raymond Tan,Male,4.22,G-33-4,1.316495
G-33,3589,WKW SCI,Fatima Reddy,Female,4.52,G-33-5,0.242763
G-33,1134,NIE,Afreen Bukhari,Female,4.09,G-33-5,1.076014
G-33,4754,CEE,Yu Chen,Female,3.89,G-33-5,1.077915
G-33,2896,NIE,Edward Li,Male,4.03,G-33-5,1.236248
G-33,3777,SSS,Isaac Robinson,Male,4.02,G-33-5,1.316315
G-33,2911,CoB (NBS),Liang Wei,Male,4.08,G-33-6,0.396033
G-33,4690,SoH,Fengxiu,Female,4.15,G-33-6,1.076068
G-33,4555,SBS,Hana Yamada,Female,4.14,G-33-6,1.116039
G-33,32,SSS,Sophie Ong,Female,4.02,G-33-6,1.156315
G-33,4620,ASE,Ayden Cooper,Male,4.12,G-33-6,1.356005
G-33,19,CoB (NBS),Maya Sarin,Female,4.03,G-33-7,0.236248
G-33,274,CCDS,Zoe Murphy,Female,4.11,G-33-7,0.996
G-33,781,NIE,Nur Fatima,Female,4.2,G-33-7,1.076333
G-33,4194,EEE,Jin Hui,Male,4.09,G-33-7,1.196014
G-33,5100,SBS,Jacky Lau,Male,4.04,G-33-7,1.276189
G-33,5421,WKW SCI,Sophie Lee,Female,3.92,G-33-8,0.237426
G-33,2795,EEE,Rhea Verma,Female,4.01,G-33-8,1.03639
G-33,553,SoH,Lola Lee,Female,4.15,G-33-8,1.076068
G-33,1552,CCDS,Dylan Richardson,Male,4.22,G-33-8,1.156495
G-33,1717,CEE,Chase Sanders,Male,4.15,G-33-8,1.236068
G-33,3537,CoB (NBS),Cora Foster,Female,4.01,G-33-9,0.23639
G-33,1059,CCDS,Eleanor Scott,Female,3.9,G-33-9,0.997744
G-33,2855,SoH,Maya Teo,Female,4.25,G-33-9,1.076797
G-33,1876,CoB (NBS),Jonas Li,Male,4.19,G-33-9,0.396264
G-33,2382,MSE,Aashir Khan,Male,4.08,G-33-9,1.316033
G-33,3161,CoB (NBS),Neela Kaur,Female,4.14,G-33-10,0.236039
G-33,1121,CoB (NBS),Milo Wong,Male,4,G-33-10,0.396473
G-33,1748,CCEB,Maya Shankar,Female,4.19,G-33-10,1.076264
G-33,1423,CCDS,Nandan Yadav,Male,4.2,G-33-10,1.156333
G-33,1434,CEE,Wira Bin Fadli,Male,3.85,G-33-10,1.238679
G-34,2250,WKW SCI,Gina Tam,Female,3.91,G-34-1,0.305276
G-34,1069,EEE,Zhen Yang,Male,4.18,G-34-1,1.104334
G-34,1624,SPMS,Aihua Li,Male,4.2,G-34-1,1.144496
G-34,1778,SBS,Nadia Sari,Female,4.15,G-34-1,1.184151
G-34,38,CoE,Liam Zhao,Male,4.04,G-34-1,1.224094
G-34,1345,EEE,Angela Lee,Female,4.14,G-34-2,1.064106
G-34,1587,CCEB,Aditi Reddy,Female,4.17,G-34-2,1.104265
G-34,4010,CoE,Lily Li,Female,4.08,G-34-2,1.184003
G-34,4368,SSS,Kaira Tan,Female,3.92,G-34-2,1.185137
G-34,4967,SoH,Xiang Li,Male,4.17,G-34-2,1.304265
G-34,6,CoB (NBS),Ellie Stewart,Female,4.2,G-34-3,0.304496
G-34,2635,CCDS,Jin Wei Tan,Male,4.15,G-34-3,1.104151
G-34,2153,SPMS,Takashi Tanaka,Male,3.97,G-34-3,1.144563
G-34,2629,CEE,Fiona Garcia,Female,4.01,G-34-3,1.184247
G-34,4843,ASE,Emily Liang,Female,4.14,G-34-3,1.224106
G-34,429,CoB (NBS),Samuel Wang,Male,4.03,G-34-4,0.344137
G-34,3582,EEE,Sakshi Bhatia,Female,4.26,G-34-4,1.065175
G-34,4989,CCEB,Ethan Clark,Male,3.97,G-34-4,1.144563
G-34,2969,SSS,Zai Binti Mohd,Female,4.2,G-34-4,1.184496
G-34,3048,SBS,Tama Prabowo,Male,4,G-34-4,1.224314
G-34,2656,CoB (NBS),Siddharth Patel,Male,4.26,G-34-5,0.345175
G-34,3875,CCDS,Mei Lin,Female,3.94,G-34-5,1.064883
G-34,2003,SPMS,Matthew Morgan,Male,4.08,G-34-5,1.144003
G-34,4573,CEE,Ruba Khan,Female,4.12,G-34-5,1.184039
G-34,1247,ADM,Dahlia Zhao,Female,4.06,G-34-5,1.224033
G-34,4919,CoB (NBS),Ivy Yu,Female,4.19,G-34-6,0.304411
G-34,2128,CCDS,Rizwan Ahmad,Male,4.02,G-34-6,1.104188
G-34,232,CCEB,Hafizah Binti Mohd,Female,3.85,G-34-6,1.106277
G-34,4932,NIE,Nitesh Singh,Male,4.2,G-34-6,1.184496
G-34,101,CoE,Hao Ren,Male,4.19,G-34-6,1.224411
G-34,2881,EEE,Cynthia Handayani,Female,4.05,G-34-7,1.06406
G-34,5364,SPMS,Vanessa Lee,Female,4.1,G-34-7,1.104005
G-34,5564,SPMS,Owen Cox,Male,4.14,G-34-7,1.144106
G-34,2860,NIE,Nathan Lee,Male,4.19,G-34-7,1.184411
G-34,864,ASE,Xiao Liu,Male,3.97,G-34-7,1.264563
G-34,2954,EEE,Rizwan Bin Mohd,Female,4.1,G-34-8,1.064005
G-34,5412,CCDS,Dewi Anjani,Female,4.3,G-34-8,1.065788
G-34,5851,CCEB,Li Qiang,Male,4.14,G-34-8,1.144106
G-34,3086,NIE,Arnav Mehta,Male,3.88,G-34-8,1.185741
G-34,1992,MAE,Victoria Ross,Female,4.02,G-34-8,1.264188
G-34,5046,WKW SCI,Nanami Nakamura,Female,4.12,G-34-9,0.304039
G-34,3659,CCDS,Arjun Sharma,Male,4.06,G-34-9,1.104033
G-34,1907,EEE,Bruno Alonzo,Male,4.26,G-34-9,1.105175
G-34,722,SSS,Talia Wong,Female,3.91,G-34-9,1.185276
G-34,739,CEE,Nash Clark,Male,4.08,G-34-9,1.224003
G-34,4000,CCDS,Li Wei,Female,4.17,G-34-10,1.064265
G-34,3154,CCEB,Jessica Liu,Female,4.01,G-34-10,1.104247
G-34,1396,SBS,Tina Li,Female,4.22,G-34-10,1.184691
G-34,5444,NIE,Frankie Yip,Male,3.88,G-34-10,1.185741
G-34,3956,ADM,Asher Bell,Male,4.03,G-34-10,1.264137
G-35,504,CoB (NBS),Zeke Murphy,Male,4.14,G-35-1,0.464438
G-35,5772,CCDS,Peishan,Female,4.15,G-35-1,0.944467
G-35,4353,EEE,Zain Karim,Male,4.12,G-35-1,1.064405
G-35,5467,SBS,Lily Wong,Female,4.14,G-35-1,1.144438
G-35,1127,MAE,Carter Bell,Male,4.09,G-35-1,1.264415
G-35,1384,CCDS,Zara Abbas,Female,4.06,G-35-2,0.944497
G-35,1453,EEE,Taro Yamamoto,Male,4.15,G-35-2,1.064467
G-35,3796,SSS,Zhonghua,Female,4.2,G-35-2,1.10473
G-35,526,SPMS,Nicole Li,Female,4.14,G-35-2,1.224438
G-35,1896,NIE,Eko Supriyanto,Male,4.09,G-35-2,1.424415
G-35,5124,EEE,Anika Patel,Female,3.85,G-35-3,0.867087
G-35,5838,EEE,Thomas Lee,Male,4.19,G-35-3,1.064661
G-35,4446,SSS,Elsa Binti Sulaiman,Female,4.3,G-35-3,1.105856
G-35,4407,ADM,Shiming,Female,4.05,G-35-3,1.18454
G-35,3353,CoE,Zhi Qi Tan,Male,4.19,G-35-3,1.304661
G-35,5403,CoB (NBS),Isaac Robinson,Male,4.27,G-35-4,0.465434
G-35,3720,CCDS,Shalini Gupta,Female,4,G-35-4,0.944877
G-35,1676,SoH,Saba Qureshi,Female,4.11,G-35-4,1.1044
G-35,57,CEE,Ling Xu,Female,4.06,G-35-4,1.184497
G-35,3916,CoE,Luca Yang,Male,4.12,G-35-4,1.304405
G-35,773,EEE,Tran Thi Phuong,Female,4.16,G-35-5,0.864503
G-35,1029,MAE,Stella Lim,Female,4.06,G-35-5,1.064497
G-35,68,SSS,Minnie Zhang,Female,4.15,G-35-5,1.104467
G-35,5258,CCDS,Noah Wong,Male,4.15,G-35-5,1.144467
G-35,2222,CoE,Talha Ali,Male,4.02,G-35-5,1.304718
G-35,3997,EEE,Mira Wong,Female,4.12,G-35-6,0.864405
G-35,4445,MAE,Evelyn Wang,Female,4.1,G-35-6,1.064403
G-35,3069,CCDS,Zhang Qiang,Male,4.13,G-35-6,1.144417
G-35,3002,CEE,Sana Iyer,Female,4.12,G-35-6,1.184405
G-35,5301,SoH,Chao Xu,Male,4.06,G-35-6,1.304497
G-35,404,EEE,Mei Ling,Female,4.2,G-35-7,0.86473
G-35,4826,MAE,Amira Khan,Female,4.08,G-35-7,1.064434
G-35,4053,SSS,Gemma Lee,Female,4,G-35-7,1.104877
G-35,3507,CCEB,Ika Binti Jamal,Female,4.2,G-35-7,1.18473
G-35,1975,CoE,Bodhi Yang,Male,4.05,G-35-7,1.30454
G-35,2928,CCDS,Alyssa Ong,Female,4.12,G-35-8,0.944405
G-35,360,EEE,Leo Tan,Male,4.12,G-35-8,1.064405
G-35,940,SoH,Fangzhou,Female,4.2,G-35-8,1.10473
G-35,2065,ADM,Katherine Diaz,Female,3.85,G-35-8,1.187087
G-35,3711,SBS,Rohan Bhatt,Male,4.22,G-35-8,1.344891
G-35,1388,CCDS,Alina Tan,Female,4.05,G-35-9,0.94454
G-35,4604,EEE,Jianjun,Male,3.85,G-35-9,1.067087
G-35,1521,SoH,Miki Suzuki,Female,4.2,G-35-9,1.10473
G-35,4521,CCEB,Laurel Wu,Female,4.22,G-35-9,1.184891
G-35,1512,SBS,Yuan Feng,Male,4.18,G-35-9,1.344601
G-35,1917,CoB (NBS),Riya Joshi,Female,4.06,G-35-10,0.264497
G-35,3650,EEE,Huang Lei,Male,4.17,G-35-10,1.064548
G-35,467,MAE,Samantha Nguyen,Female,4.22,G-35-10,1.064891
G-35,2912,CCDS,Kieran Tan,Male,4.03,G-35-10,1.144651
G-35,5086,MSE,Isla Lin,Female,3.95,G-35-10,1.225414
G-36,2021,CoB (NBS),Hugo Long,Male,4.26,G-36-1,0.268157
G-36,4246,CCDS,Jae-Suk Jung,Male,4.11,G-36-1,0.946847
G-36,2176,SPMS,Logan Kim,Male,4.26,G-36-1,1.028157
G-36,916,EEE,Vikash Wang,Female,4,G-36-1,1.14703
G-36,4209,CCEB,Olivia Moore,Female,3.87,G-36-1,1.228494
G-36,2299,CCDS,Nguyen Van Thanh,Male,4.05,G-36-2,0.946827
G-36,2042,SPMS,Kevin Ross,Male,4.09,G-36-2,1.026808
G-36,4966,SoH,Oliver Cheng,Male,4.26,G-36-2,1.108157
G-36,4606,EEE,Xing Ying,Female,4.18,G-36-2,1.147234
G-36,4109,SBS,Lila Chang,Female,3.9,G-36-2,1.348036
G-36,5756,CCDS,Omar Peterson,Male,4.12,G-36-3,0.946878
G-36,1454,SPMS,Shreyas Nair,Male,4.12,G-36-3,1.026878
G-36,4805,NIE,Chris Evans,Male,4.08,G-36-3,1.146801
G-36,4115,ADM,Rakesh Pillai,Male,3.86,G-36-3,1.228663
G-36,1252,SSS,Lily Zhang,Female,4.25,G-36-3,1.348014
G-36,5332,CoB (NBS),Ella Lee,Female,3.91,G-36-4,0.4279
G-36,5974,SPMS,Adil Patel,Male,4.15,G-36-4,1.02702
G-36,4493,CCDS,Hannah Moore,Female,4.21,G-36-4,1.10752
G-36,576,SSS,Marco Garcia,Male,4.1,G-36-4,1.186823
G-36,176,MAE,Susan Tan,Female,4.03,G-36-4,1.266884
G-36,3761,CoB (NBS),Anisa Rahman,Female,3.95,G-36-5,0.427433
G-36,4165,EEE,Alvin Young,Male,4.18,G-36-5,0.987234
G-36,653,CCEB,Jasper Lim,Male,4.02,G-36-5,1.066925
G-36,4305,NIE,Liam Davis,Male,4.12,G-36-5,1.146878
G-36,2279,MAE,Maya Yusof,Female,4.12,G-36-5,1.266878
G-36,3712,CoB (NBS),Eliza Lin,Female,4.22,G-36-6,0.427632
G-36,5933,EEE,Azlan Bin Rahim,Male,3.9,G-36-6,0.988036
G-36,2573,SoH,Benjamin Huang,Male,4.12,G-36-6,1.106878
G-36,5549,CCEB,Layla Hughes,Female,4.11,G-36-6,1.226847
G-36,3473,MAE,Leah Smith,Female,4.03,G-36-6,1.266884
G-36,2202,CoB (NBS),Carmen Lim,Female,4.15,G-36-7,0.42702
G-36,2620,EEE,Chunxiu,Male,4,G-36-7,0.98703
G-36,2729,CCEB,Ryder Brown,Male,4.11,G-36-7,1.066847
G-36,5286,NIE,Dylan Nguyen,Male,4.04,G-36-7,1.146851
G-36,672,MAE,Angelina Chang,Female,4.07,G-36-7,1.266801
G-36,1705,CCDS,Owen Mitchell,Male,4.09,G-36-8,0.946808
G-36,2832,SPMS,Tama Prabowo,Male,4.05,G-36-8,1.026827
G-36,3240,SoH,Bo Wen Lim,Male,4.05,G-36-8,1.106827
G-36,2552,EEE,Sanya Yadav,Female,4.12,G-36-8,1.146878
G-36,693,SBS,Yuki Nakamura,Female,4.03,G-36-8,1.346884
G-36,3451,WKW SCI,Samuel Nelson,Male,4.27,G-36-9,0.268309
G-36,2333,EEE,Robert Jones,Male,3.88,G-36-9,0.988334
G-36,1219,CCDS,Addison Cook,Female,4,G-36-9,1.10703
G-36,3743,CCEB,Aisha Noor,Female,4.11,G-36-9,1.226847
G-36,1309,CoE,Benjamin Zhu,Male,4,G-36-9,1.22703
G-36,2540,CCDS,Arvind Nair,Male,4.26,G-36-10,0.948157
G-36,590,SPMS,Erik Yang,Male,4.01,G-36-10,1.026973
G-36,2864,CCDS,Emily Lee,Female,3.89,G-36-10,1.108181
G-36,4748,CEE,Hassan Raza,Male,4.14,G-36-10,1.226965
G-36,1780,SoH,Anna Yang,Female,3.94,G-36-10,1.267538
G-37,5590,EEE,Victor Wong,Male,4,G-37-1,1.203443
G-37,339,CCEB,Wenkai,Female,4.05,G-37-1,1.003036
G-37,4170,SBS,Isabella Cheung,Female,4.04,G-37-1,1.083101
G-37,161,LKCMedicine,Min-Young Kim,Female,3.9,G-37-1,1.164858
G-37,1502,CoE,Dante Ong,Male,4.97,G-37-1,1.391239
G-37,5092,CoB (NBS),Jin Xiu Lim,Male,4.15,G-37-2,0.402822
G-37,1662,CCEB,Jin Wei,Female,4.52,G-37-2,1.008984
G-37,93,SSS,Sara Tan,Female,4.06,G-37-2,1.082978
G-37,5869,SPMS,Juliet Chen,Female,4.19,G-37-2,1.16296
G-37,294,CEE,Logan King,Male,3.9,G-37-2,1.364858
G-37,4220,CoB (NBS),Lily Liu,Female,4.22,G-37-3,0.243147
G-37,1216,CCEB,Vera Kim,Female,4.02,G-37-3,1.003256
G-37,3855,MAE,Gordon Ho,Male,4.17,G-37-3,1.122875
G-37,4248,MSE,Megan Tsai,Female,4.18,G-37-3,1.162913
G-37,2306,LKCMedicine,Cameron Tan,Male,4.11,G-37-3,1.322811
G-37,4217,CoB (NBS),Ember Chen,Female,4.06,G-37-4,0.242978
G-37,3606,MAE,Evelyn Carter,Female,4.14,G-37-4,0.962807
G-37,1603,SSS,Amelia Clark,Female,4.17,G-37-4,1.082875
G-37,2891,EEE,Rajesh Yadav,Male,4.22,G-37-4,1.203147
G-37,198,CCDS,Cory Tan,Male,4.1,G-37-4,1.282829
G-37,3494,CoB (NBS),Nora Tan,Female,4.15,G-37-5,0.242822
G-37,2372,CoB (NBS),Medi Prabowo,Male,4.05,G-37-5,0.403036
G-37,3164,CCEB,Sophia Johnson,Female,4.52,G-37-5,1.008984
G-37,4960,MAE,Chengxian,Male,3.9,G-37-5,1.124858
G-37,326,SBS,Avery Lee,Male,4.03,G-37-5,1.243175
G-37,5879,CoB (NBS),Kavya Joshi,Female,4.09,G-37-6,0.242854
G-37,188,MAE,Sophie Zhao,Female,4.18,G-37-6,0.962913
G-37,2078,EEE,Amina Zainal,Female,4.23,G-37-6,1.043226
G-37,407,CCEB,Kellan Baker,Male,4.05,G-37-6,1.163036
G-37,4722,CCDS,Benjamin Lee,Male,4.1,G-37-6,1.282829
G-37,637,CoB (NBS),Zara Binti Mohd,Female,3.9,G-37-7,0.244858
G-37,3256,CCEB,Asma Sheikh,Female,4.2,G-37-7,1.003014
G-37,4235,SSS,Willa Ford,Female,4.09,G-37-7,1.082854
G-37,34,MSE,Theresa Tan,Female,4.3,G-37-7,1.164
G-37,193,ASE,Gavin Wu,Male,4.02,G-37-7,1.363256
G-37,3887,CoB (NBS),Alya Farisha,Female,4.22,G-37-8,0.243147
G-37,5799,MAE,Nisha Binti,Female,3.95,G-37-8,0.96405
G-37,1582,SSS,Kavita Iyer,Female,4.09,G-37-8,1.082854
G-37,4859,CoB (NBS),Jasper Wu,Male,4.09,G-37-8,0.402854
G-37,374,SPMS,Bennett Yang,Male,4.12,G-37-8,1.322802
G-37,3870,CoB (NBS),Erin Zhang,Female,4.09,G-37-9,0.242854
G-37,3631,WKW SCI,Zac Johnson,Male,4.19,G-37-9,0.40296
G-37,2375,EEE,Lisa Yang,Female,4.08,G-37-9,1.042888
G-37,56,MAE,Bruno Alonzo,Male,4,G-37-9,1.123443
G-37,1820,SBS,Jasper Tan,Male,4.09,G-37-9,1.242854
G-37,2689,CoB (NBS),Neha Yadav,Female,4.2,G-37-10,0.243014
G-37,1282,MAE,Mia White,Female,4,G-37-10,0.963443
G-37,2561,SBS,Nita Yuliana,Female,4.1,G-37-10,1.082829
G-37,5209,EEE,Caleb Bennett,Male,4.03,G-37-10,1.203175
G-37,3147,CCDS,Tran Van Phuc,Male,4.11,G-37-10,1.282811
G-38,1307,CCDS,Tanner Pineda,Male,4.14,G-38-1,1.074499
G-38,649,MAE,Xena Chan,Female,4.1,G-38-1,1.074404
G-38,3922,SoH,Ruqaiya Ali,Female,4,G-38-1,1.154725
G-38,723,CoE,Dina Binti Omar,Female,4.25,G-38-1,1.195421
G-38,3839,ASE,Hunter Moore,Male,4.03,G-38-1,1.394545
G-38,3597,CoB (NBS),Nina Singh,Female,4.2,G-38-2,0.234882
G-38,1835,CCDS,Prisha Tan,Female,4.19,G-38-2,0.874798
G-38,5285,MAE,Sana Rani,Female,3.91,G-38-2,1.075699
G-38,4284,SSS,Ruby Chow,Female,4.03,G-38-2,1.154545
G-38,5471,NIE,Stepan Aleksandrov,Male,4.18,G-38-2,1.274723
G-38,3493,CoB (NBS),Aoqin,Female,4.1,G-38-3,0.234404
G-38,1358,CCDS,Zainab Rashid,Female,4.06,G-38-3,0.874436
G-38,4776,CCDS,Shivam Reddy,Male,4.14,G-38-3,1.074499
G-38,396,CCEB,Wyatt Price,Male,4.03,G-38-3,1.194545
G-38,655,NIE,Rishi Reddy,Male,4.14,G-38-3,1.274499
G-38,5672,CoB (NBS),Fatima Binti,Female,3.85,G-38-4,0.236708
G-38,3321,CCEB,Anis Binti Ahmad,Female,4.1,G-38-4,0.994404
G-38,1760,CCDS,Tristan Smith,Male,4.52,G-38-4,1.081789
G-38,3742,EEE,Nora Binti Rahman,Female,3.8,G-38-4,1.157769
G-38,3373,ADM,Bhavesh Gandhi,Male,4.2,G-38-4,1.314882
G-38,2623,CoB (NBS),Noah Alonzo,Male,4.19,G-38-5,0.434798
G-38,4481,MAE,Nisha Kaur,Female,4.08,G-38-5,1.074404
G-38,2850,SBS,Yuna Sato,Female,3.89,G-38-5,1.116003
G-38,3813,SPMS,Simran Kaur,Female,4.19,G-38-5,1.154798
G-38,2331,CEE,Ming Zhen Lim,Male,4.1,G-38-5,1.394404
G-38,1240,WKW SCI,Benson Huang,Male,4.2,G-38-6,0.434882
G-38,1611,CCEB,Lina Zhang,Female,4.05,G-38-6,0.994465
G-38,3070,ADM,Layla Price,Female,4.15,G-38-6,1.114543
G-38,4941,SSS,Vera Nikitina,Female,4.15,G-38-6,1.154543
G-38,2358,SBS,Kaito Saito,Male,3.89,G-38-6,1.316003
G-38,2608,CoB (NBS),Peyton James,Female,3.89,G-38-7,0.236003
G-38,4060,CCEB,Misha Javed,Female,4.15,G-38-7,0.994543
G-38,3376,CCDS,Andrew Wright,Male,4.22,G-38-7,1.075074
G-38,3294,EEE,Tingting,Female,4.15,G-38-7,1.154543
G-38,5499,SBS,Ikram Tan,Male,4.01,G-38-7,1.314657
G-38,508,CoB (NBS),Tiantian,Female,4.1,G-38-8,0.234404
G-38,1805,CCDS,Tanya Lim,Female,4.14,G-38-8,0.874499
G-38,3965,NIE,Prisha Singh,Female,4.01,G-38-8,1.074657
G-38,2672,CCEB,Zhi Hao Lim,Male,4.3,G-38-8,1.196161
G-38,4638,MAE,Phan Duc Minh,Male,3.87,G-38-8,1.27634
G-38,4802,CoB (NBS),Sara Binti Kamar,Female,3.95,G-38-9,0.235186
G-38,1036,CCEB,Sonia Irfan,Female,4.2,G-38-9,0.994882
G-38,570,CCDS,Ulysses Ramos,Male,4.21,G-38-9,1.074974
G-38,3436,SPMS,Lina Binti Omar,Female,4,G-38-9,1.154725
G-38,2351,ADM,Li Wei,Male,4.05,G-38-9,1.314465
G-38,1327,CoB (NBS),Neela Joshi,Female,3.97,G-38-10,0.234978
G-38,316,CCDS,Zainab Bukhari,Female,4.19,G-38-10,0.874798
G-38,3760,CoB (NBS),Jett Chen,Male,4.16,G-38-10,0.434595
G-38,4258,SoH,Pallavi Menon,Female,4.02,G-38-10,1.154597
G-38,1811,NIE,Marcus Chen,Male,4.06,G-38-10,1.274436
G-39,5506,WKW SCI,Anita Wong,Female,4.1,G-39-1,0.18802
G-39,3642,SSS,Lily Wang,Female,4.05,G-39-1,0.94803
G-39,2497,SBS,Sofia Turner,Female,4.04,G-39-1,1.028056
G-39,3037,CCEB,Michael Nelson,Male,4.2,G-39-1,1.268601
G-39,4280,EEE,Quincy Turner,Male,4.22,G-39-1,1.308813
G-39,3132,CoB (NBS),Griffin Yang,Male,4.18,G-39-2,0.468421
G-39,977,MAE,Elena Chen,Female,4.06,G-39-2,1.028012
G-39,5321,CCDS,Noor Fatima,Female,4.04,G-39-2,1.068056
G-39,4304,ADM,Emilia Tsang,Female,4.14,G-39-2,1.148157
G-39,3392,SPMS,Ethan Wilson,Male,4.08,G-39-2,1.428
G-39,4114,CoB (NBS),Mia Thompson,Female,4.14,G-39-3,0.188157
G-39,3319,SSS,Ella Harris,Female,4.18,G-39-3,0.948421
G-39,4811,EEE,Zoe Perez,Female,3.9,G-39-3,1.029259
G-39,2851,SSS,Kirk Lee,Male,4.1,G-39-3,1.22802
G-39,1510,ASE,Alexander Black,Male,4.15,G-39-3,1.348211
G-39,2186,CoB (NBS),Kiran Nadar,Female,4.1,G-39-4,0.18802
G-39,1070,SSS,Nadia Wong,Female,4.11,G-39-4,0.948043
G-39,4100,MAE,Ananya Sinha,Female,4.02,G-39-4,1.028132
G-39,687,SBS,Freddie Chan,Male,4.08,G-39-4,1.308
G-39,5260,CCDS,Aman Ali,Male,4.14,G-39-4,1.348157
G-39,60,CoB (NBS),Layla Tsai,Female,3.95,G-39-5,0.188649
G-39,1752,CCEB,Shan Li,Female,4.1,G-39-5,0.98802
G-39,4724,SBS,Rani Kaur,Female,4.18,G-39-5,1.028421
G-39,5823,LKCMedicine,Faye Wong,Female,4.11,G-39-5,1.108043
G-39,2310,CoE,Nicolas Brown,Male,4.09,G-39-5,1.388006
G-39,218,CoB (NBS),Tran Thi Lan,Female,4.05,G-39-6,0.18803
G-39,3657,SSS,Zara Chen,Female,4.12,G-39-6,0.948073
G-39,4784,SBS,Saswati Roy,Female,4,G-39-6,1.02824
G-39,1573,MAE,Ulysses Wong,Male,4.04,G-39-6,1.308056
G-39,3093,ASE,Aakash Kumar,Male,4.2,G-39-6,1.348601
G-39,5689,WKW SCI,Victoria Kwan,Female,4.14,G-39-7,0.188157
G-39,2394,SSS,Emiko Takahashi,Female,4.26,G-39-7,0.949334
G-39,1853,EEE,Xue Ling Tan,Female,3.8,G-39-7,1.031078
G-39,1487,CCDS,Bingli,Female,4,G-39-7,1.06824
G-39,1322,CEE,Liam Wong,Male,4.2,G-39-7,1.388601
G-39,3598,CoB (NBS),Jinlong,Male,4.1,G-39-8,0.46802
G-39,2523,CCEB,Ariana Bennett,Female,4.04,G-39-8,0.988056
G-39,2502,EEE,Xiu Ying Tan,Female,4,G-39-8,1.02824
G-39,5759,NIE,Nancy Lee,Female,4.04,G-39-8,1.108056
G-39,4771,CEE,Vikram Seth,Male,4.13,G-39-8,1.388111
G-39,5597,CoB (NBS),Rohit Sharma,Male,4.03,G-39-9,0.46809
G-39,4133,CCEB,Pooja Bhatt,Female,4.08,G-39-9,0.988
G-39,2634,MAE,Sariyah Binti Rahman,Female,4.2,G-39-9,1.028601
G-39,52,NIE,Saanvi Kapoor,Female,3.87,G-39-9,1.109721
G-39,3232,LKCMedicine,Saifullah Malik,Male,4.04,G-39-9,1.388056
G-39,2278,CoB (NBS),Matthew Scott,Male,4.16,G-39-10,0.468273
G-39,2811,CCEB,Zainab Iqbal,Female,4,G-39-10,0.98824
G-39,5621,ASE,Hannah Wong,Female,4.08,G-39-10,1.068
G-39,5789,SoH,Savannah Scott,Female,4.03,G-39-10,1.14809
G-39,4185,CoE,Mukti Bin Ibrahim,Male,3.8,G-39-10,1.391078
G-40,2083,WKW SCI,Isaac Tan,Male,4.05,G-40-1,0.391711
G-40,5632,EEE,Daria Tan,Female,4.09,G-40-1,1.071606
G-40,2046,CoE,Emily Wu,Female,4.02,G-40-1,1.111873
G-40,4810,SSS,Lola Li,Female,4.52,G-40-1,1.158569
G-40,2992,CCEB,Chandan Sharma,Male,4.03,G-40-1,1.311811
G-40,5693,EEE,Sierra Murphy,Female,3.94,G-40-2,1.072658
G-40,2478,CCDS,Stella Li,Female,4.02,G-40-2,1.031873
G-40,1988,CEE,Tam Vo,Male,4.12,G-40-2,1.151612
G-40,618,MAE,Yun Ling Ng,Male,4.52,G-40-2,1.158569
G-40,3394,SoH,Jacob Parker,Male,4.01,G-40-2,1.191943
G-40,1736,CoB (NBS),Aiyun,Female,4,G-40-3,0.272021
G-40,2296,MAE,Tam Nguyen,Female,4.52,G-40-3,1.038569
G-40,5921,CCDS,Hudson Walker,Male,4.07,G-40-3,1.151643
G-40,3115,EEE,Ryan Lewis,Male,4.1,G-40-3,1.1916
G-40,108,ADM,Jia Zhang,Female,3.9,G-40-3,1.233242
G-40,449,CoB (NBS),Tari Hapsari,Female,4.25,G-40-4,0.272469
G-40,222,CEE,Wani Binti Amin,Female,3.9,G-40-4,1.033242
G-40,5745,MAE,Mukesh Kumar,Male,4.14,G-40-4,1.151656
G-40,2486,SoH,Finn Roberts,Male,4.12,G-40-4,1.191612
G-40,1595,SPMS,Maya Chan,Female,4.14,G-40-4,1.231656
G-40,3534,CoB (NBS),Elijah Turner,Male,4.25,G-40-5,0.392469
G-40,3348,CoB (NBS),Aiko Yoshikawa,Female,4.17,G-40-5,0.271782
G-40,109,CoE,Willow Chan,Female,3.93,G-40-5,1.112792
G-40,5870,SoH,Xavier Hall,Male,4.12,G-40-5,1.191612
G-40,3146,NIE,Hua Mei,Female,4.04,G-40-5,1.231757
G-40,2943,CoB (NBS),Indira Das,Female,4.02,G-40-6,0.271873
G-40,2577,CEE,Felicia Tan,Female,3.92,G-40-6,1.032934
G-40,1089,MAE,Harrison Mendoza,Male,4.15,G-40-6,1.15169
G-40,5874,CCDS,Dinesh Rao,Male,4.2,G-40-6,1.151979
G-40,2789,EEE,Yuri Chekhov,Male,4.19,G-40-6,1.191906
G-40,1233,CEE,Saira Bukhari,Female,4.04,G-40-7,1.031757
G-40,5241,CoE,Duy Pham,Female,4.06,G-40-7,1.111673
G-40,5390,SSS,Elena Tan,Female,4.17,G-40-7,1.151782
G-40,1360,SBS,Claudia Kim,Female,4.04,G-40-7,1.191757
G-40,155,ASE,Yogi Setiawan,Male,4.15,G-40-7,1.35169
G-40,1105,CoB (NBS),Zora Villanueva,Female,4.11,G-40-8,0.271602
G-40,5174,MAE,Zara Adams,Female,4.02,G-40-8,1.031873
G-40,3691,CCDS,Tian Zhang,Male,4.14,G-40-8,1.151656
G-40,208,CEE,Zhao Yu Tan,Male,3.9,G-40-8,1.153242
G-40,3087,SoH,Rizal Ramadhan,Male,4.25,G-40-8,1.192469
G-40,480,CCDS,Ava Martinez,Female,4.08,G-40-9,1.03162
G-40,1523,EEE,Rita Lee,Female,4.03,G-40-9,1.071811
G-40,4482,MAE,Karim Khan,Male,4.01,G-40-9,1.151943
G-40,4713,CCEB,Maya Mohd,Female,4.11,G-40-9,1.191602
G-40,3270,SSS,Elliot Bautista,Male,4.17,G-40-9,1.271782
G-40,4101,CCDS,Saira Malik,Female,4.12,G-40-10,1.031612
G-40,3172,SoH,Akiko Suzuki,Female,4.14,G-40-10,1.071656
G-40,1368,CEE,Isaac Hall,Male,4.13,G-40-10,1.15163
G-40,4282,SBS,Yasmin Binti Aziz,Female,4.1,G-40-10,1.1916
G-40,3390,CoE,Fedor Baranov,Male,3.91,G-40-10,1.233084
G-41,4848,CoB (NBS),Areeba Ahmad,Female,4.17,G-41-1,0.286616
G-41,499,CCDS,Samuel Lin,Male,4.12,G-41-1,1.086422
G-41,622,CEE,Ling Yu,Female,4.19,G-41-1,1.086749
G-41,313,SPMS,Lina Zhao,Female,4,G-41-1,1.166773
G-41,2751,SBS,Desmond Tan,Male,4.21,G-41-1,1.246914
G-41,543,CCDS,Hana Kim,Female,4.26,G-41-2,1.007468
G-41,1794,CEE,Xia Yan,Female,4.11,G-41-2,1.086407
G-41,2886,SBS,Elena Fedorova,Female,4.1,G-41-2,1.1664
G-41,2823,LKCMedicine,Riley Yang,Female,4.03,G-41-2,1.206577
G-41,5716,ASE,Leo Flores,Male,4.14,G-41-2,1.326475
G-41,147,CoB (NBS),Hilda Andayani,Female,4.2,G-41-3,0.286828
G-41,4885,MAE,Leah Wang,Female,4.03,G-41-3,1.046577
G-41,3107,CCDS,Caleb Lee,Male,4.04,G-41-3,1.086528
G-41,1954,CEE,Vinay Nair,Male,4.15,G-41-3,1.166514
G-41,5112,MSE,Lily Roberts,Female,4.19,G-41-3,1.246749
G-41,4979,CoB (NBS),Owen Tan,Male,3.88,G-41-4,0.368277
G-41,3005,MAE,Jenna Lim,Female,4.15,G-41-4,1.046514
G-41,1604,EEE,Ryoji Yamamoto,Male,4.2,G-41-4,1.126828
G-41,318,LKCMedicine,Samia Bukhari,Female,4.17,G-41-4,1.206616
G-41,870,CCEB,Khairul Bin Jamil,Male,4.2,G-41-4,1.286828
G-41,3660,CoB (NBS),Nikhil Joshi,Male,4.2,G-41-5,0.366828
G-41,2627,EEE,Lana Wang,Female,3.95,G-41-5,1.04726
G-41,1867,MAE,Vikram Nair,Male,4.25,G-41-5,1.127341
G-41,5673,SSS,Xing Li,Female,4.03,G-41-5,1.206577
G-41,5873,CoE,Mason Garcia,Male,4.17,G-41-5,1.286616
G-41,3565,CoB (NBS),Riley Campbell,Female,3.89,G-41-6,0.288107
G-41,3022,MAE,Rebecca Tan,Female,4.16,G-41-6,1.046561
G-41,4545,CCDS,Feng Gao,Male,4.25,G-41-6,1.087341
G-41,5877,CEE,Adeel Ahmed,Male,4.08,G-41-6,1.166411
G-41,3487,CCEB,Min-Seok Lee,Male,4.12,G-41-6,1.286422
G-41,3065,CoB (NBS),Daniel Alonzo,Male,4.14,G-41-7,0.366475
G-41,1429,EEE,Isha Rai,Female,4.11,G-41-7,1.046407
G-41,278,MAE,Aarav Singh,Male,4.09,G-41-7,1.126402
G-41,371,SPMS,Samantha Murphy,Female,4.26,G-41-7,1.167468
G-41,3802,CoE,Shahid Waseem,Male,3.89,G-41-7,1.288107
G-41,1995,CoB (NBS),Jaya Kapoor,Female,4.15,G-41-8,0.286514
G-41,3962,CCDS,Siddharth Rao,Male,4.1,G-41-8,1.0864
G-41,970,CEE,Celeste Ong,Female,4,G-41-8,1.086773
G-41,5771,SBS,Priya Mehta,Female,4.14,G-41-8,1.166475
G-41,5107,SPMS,Jayden Richardson,Male,4.04,G-41-8,1.246528
G-41,1209,CCDS,Farah Ali,Female,4.01,G-41-9,1.0067
G-41,3010,EEE,Ananya Verma,Female,4.12,G-41-9,1.046422
G-41,1249,EEE,Rishabh Sharma,Male,4.19,G-41-9,1.126749
G-41,2919,SSS,Anushka Singh,Female,4.05,G-41-9,1.206487
G-41,4242,SoH,Victor Leonov,Male,3.91,G-41-9,1.287793
G-41,4685,CCDS,Phoebe Wang,Female,3.95,G-41-10,1.00726
G-41,1363,MAE,Xing Chen,Female,3.85,G-41-10,1.048832
G-41,1214,EEE,Riley Brown,Male,3.94,G-41-10,1.127381
G-41,4807,SoH,Yuna Lee,Female,4.1,G-41-10,1.2064
G-41,2038,ADM,Tariq Bin Ali,Male,4.15,G-41-10,1.326514
G-42,4117,CCDS,Hina Ahmad,Female,4.17,G-42-1,0.938214
G-42,3936,SPMS,Nisha Reddy,Female,4.12,G-42-1,1.218022
G-42,1588,EEE,Haruki Fujii,Male,4.18,G-42-1,1.018277
G-42,3482,SoH,Kiran Sethi,Male,4.11,G-42-1,1.258007
G-42,5053,SBS,Mai Ngo,Female,4.01,G-42-1,1.298301
G-42,4785,CoB (NBS),Ryan Yang,Male,4.09,G-42-2,0.378002
G-42,1476,EEE,Holly Morales,Female,4.19,G-42-2,0.978347
G-42,1400,SSS,Chloe Young,Female,4.03,G-42-2,1.138178
G-42,1640,MSE,Gavin White,Male,4.06,G-42-2,1.218054
G-42,5592,SPMS,Tristan King,Male,4.19,G-42-2,1.258347
G-42,5438,CCDS,Mikayla Lin,Female,4.15,G-42-3,0.938113
G-42,5180,EEE,Lina Agustina,Female,3.85,G-42-3,0.980436
G-42,2626,SSS,Ian Alonzo,Male,4.52,G-42-3,1.185164
G-42,1421,MAE,Ali Salam,Male,4.02,G-42-3,1.258236
G-42,2237,CoE,Obi Prabowo,Male,4,G-42-3,1.298375
G-42,3639,CCDS,Sonia Mehta,Female,4,G-42-4,0.938375
G-42,1745,CCDS,Nai Li,Male,4.19,G-42-4,0.978347
G-42,1758,SSS,Laila Khan,Female,4.03,G-42-4,1.138178
G-42,1011,SPMS,Dinesh Patil,Male,4.11,G-42-4,1.258007
G-42,376,ADM,Dante Hughes,Male,4.2,G-42-4,1.298426
G-42,1870,EEE,Anushka Reddy,Female,4.52,G-42-5,0.985164
G-42,2482,CCDS,Jacob Young,Male,3.95,G-42-5,0.978862
G-42,963,CCDS,Luca Walker,Male,4.02,G-42-5,0.978236
G-42,5270,MSE,Darren Lee,Male,3.93,G-42-5,1.219113
G-42,2836,NIE,Rina Iyer,Female,4.08,G-42-5,1.298011
G-42,1312,CoB (NBS),Sophia Brown,Female,4.52,G-42-6,0.345164
G-42,4418,CCDS,Kevin Patel,Male,3.9,G-42-6,0.979549
G-42,5172,EEE,Jasmine Putri,Female,4.3,G-42-6,0.979652
G-42,2982,SoH,Brenda Yip,Female,3.88,G-42-6,1.21988
G-42,5316,MAE,Suresh Iyer,Male,3.88,G-42-6,1.25988
G-42,5739,EEE,Riya Patil,Female,4.14,G-42-7,0.978075
G-42,587,CCDS,Colton Zhao,Male,4.01,G-42-7,0.978301
G-42,3131,SSS,Mackenzie Dela Cruz,Female,3.93,G-42-7,1.139113
G-42,2808,CCEB,Nina Morales,Female,4.15,G-42-7,1.218113
G-42,1016,CoE,James Martinez,Male,4.22,G-42-7,1.298607
G-42,1925,EEE,Ivy Lim,Female,4.03,G-42-8,0.978178
G-42,4050,CCDS,Heng Yi Lim,Male,4.2,G-42-8,0.978426
G-42,5154,MSE,Ava Miller,Female,4.09,G-42-8,1.178002
G-42,1691,CCEB,Ling Hua,Female,3.89,G-42-8,1.219711
G-42,782,LKCMedicine,Lola Lin,Female,4.23,G-42-8,1.29871
G-42,2005,CoB (NBS),Jin-Ho Park,Male,4.2,G-42-9,0.378426
G-42,4884,EEE,Sanya Sharma,Female,3.88,G-42-9,0.97988
G-42,1606,SSS,Sonali Singh,Female,4.27,G-42-9,1.1392
G-42,5333,CCEB,Dallas Liu,Male,4.03,G-42-9,1.258178
G-42,3641,MAE,Victor Parker,Male,4.02,G-42-9,1.258236
G-42,3679,EEE,Grace King,Female,4.03,G-42-10,0.978178
G-42,3857,CCDS,Cheng Yu,Male,4.2,G-42-10,0.978426
G-42,282,MSE,Tanvi Desai,Female,4.04,G-42-10,1.178129
G-42,4306,SoH,Sienna Martinez,Female,4.01,G-42-10,1.218301
G-42,4204,ADM,Koa Wu,Male,4.07,G-42-10,1.298029
G-43,4138,CoB (NBS),Kanghao,Female,4.25,G-43-1,0.360348
G-43,4223,CCDS,Hugo Cruz,Male,4.14,G-43-1,0.959341
G-43,903,SPMS,Kiran Gupta,Male,4.01,G-43-1,1.159399
G-43,1724,MAE,Ava Brown,Female,4.14,G-43-1,1.199341
G-43,3358,ASE,Isaac Green,Male,3.9,G-43-1,1.240505
G-43,1981,CoB (NBS),Ada Tan,Female,4.2,G-43-2,0.35977
G-43,5969,CoE,Ke Wang,Male,4.08,G-43-2,1.1192
G-43,573,SoH,Hao Zhi Lim,Male,4,G-43-2,1.15946
G-43,105,MSE,Aditi Singh,Female,4.11,G-43-2,1.239235
G-43,5114,NIE,Amber Tan,Female,4.04,G-43-2,1.279266
G-43,3403,CoB (NBS),Takumi Nakamura,Male,4.08,G-43-3,0.2792
G-43,5476,CCDS,Grace Campbell,Female,4.1,G-43-3,1.039215
G-43,5374,CoE,Deepak Kumar,Male,4.22,G-43-3,1.119977
G-43,1764,MAE,Ruiqi,Female,4,G-43-3,1.19946
G-43,3833,LKCMedicine,Jackson Yip,Male,4.02,G-43-3,1.239347
G-43,4824,CoB (NBS),Sophie Ong,Female,4.02,G-43-4,0.359347
G-43,5157,CoE,Isaiah Huang,Male,4.11,G-43-4,1.119235
G-43,5518,CCEB,Gavin Ramirez,Male,4.09,G-43-4,1.159204
G-43,2930,EEE,Khadija Waseem,Female,4.03,G-43-4,1.199302
G-43,1737,SBS,Asim Hussain,Male,4.17,G-43-4,1.23952
G-43,3095,CoB (NBS),Pooja Bansal,Female,4.09,G-43-5,0.359204
G-43,2936,CCDS,David Wright,Male,4.22,G-43-5,0.959977
G-43,2960,SoH,Kade Young,Male,3.92,G-43-5,1.160232
G-43,5366,EEE,Kendra Zhao,Female,4.03,G-43-5,1.199302
G-43,5978,MSE,Da Huang,Female,4.15,G-43-5,1.239393
G-43,1278,CCDS,Liam Patel,Male,4.03,G-43-6,0.959302
G-43,3110,MAE,Nugroho Setyawan,Male,4.2,G-43-6,1.11977
G-43,933,CEE,Danish Malik,Male,4.02,G-43-6,1.159347
G-43,3173,CCEB,Koh Wei,Male,4,G-43-6,1.15946
G-43,2252,ADM,Yasmin Rahmadani,Female,4.15,G-43-6,1.279393
G-43,133,CCDS,Zhi Qi Tan,Male,4.05,G-43-7,0.959237
G-43,4593,CoE,Ben Wong,Male,4.09,G-43-7,1.119204
G-43,5780,SPMS,Jin Xiu,Male,4.03,G-43-7,1.159302
G-43,3461,MSE,Kayla Rivera,Female,4.11,G-43-7,1.239235
G-43,2835,NIE,Gita Menon,Female,4.12,G-43-7,1.279262
G-43,2106,CoB (NBS),Jaxon Martin,Male,4.06,G-43-8,0.279217
G-43,1217,CCDS,Xia Yu,Female,4.1,G-43-8,1.039215
G-43,3244,CCEB,Evan Lewis,Male,4.09,G-43-8,1.159204
G-43,5812,EEE,Min Zhu,Female,4.1,G-43-8,1.199215
G-43,5990,CEE,Kiran Tan,Female,4.05,G-43-8,1.239237
G-43,5011,MAE,Shiv Kumar,Male,4.03,G-43-9,1.119302
G-43,667,CCDS,Zara Latif,Female,4.06,G-43-9,1.039217
G-43,5784,SoH,Chandra Menon,Male,3.89,G-43-9,1.160653
G-43,4271,ADM,Vincent King,Male,4.18,G-43-9,1.199595
G-43,3385,SSS,Hui Mei,Female,4.2,G-43-9,1.31977
G-43,767,WKW SCI,Taro Watanabe,Male,4.02,G-43-10,0.279347
G-43,1961,CCDS,Lana Wong,Female,4.06,G-43-10,1.039217
G-43,4838,CEE,Nadeem Khan,Male,4.14,G-43-10,1.159341
G-43,2170,EEE,Rina Sharma,Female,4.02,G-43-10,1.199347
G-43,4416,SPMS,Sara Li,Female,4.11,G-43-10,1.239235
G-44,4038,EEE,Chen Xiang,Male,4.2,G-44-1,0.960759
G-44,2477,CoB (NBS),Lillian Kelly,Female,4.15,G-44-1,0.36048
G-44,4872,SBS,Zoe Adams,Female,4.14,G-44-1,1.160448
G-44,3315,CoE,Ling Feng,Male,4.04,G-44-1,1.20057
G-44,3801,ASE,Rehan Khan,Male,4.08,G-44-1,1.280425
G-44,1355,CoB (NBS),Rafael Mendoza,Male,4.15,G-44-2,0.32048
G-44,3860,EEE,Patricia Lim,Female,4.09,G-44-2,1.000409
G-44,1337,MAE,Alina Iqbal,Female,4,G-44-2,1.080843
G-44,5818,CCDS,Zara Yang,Female,4.12,G-44-2,1.160409
G-44,306,CoE,Elijah Wilson,Male,4.23,G-44-2,1.201023
G-44,2157,EEE,Mahesh Babu,Male,4.19,G-44-3,0.960688
G-44,4541,MAE,Christian Peterson,Male,4.14,G-44-3,1.040448
G-44,702,SBS,Jin Xiu,Female,4.11,G-44-3,1.160401
G-44,2247,SoH,Xia Li,Female,4.22,G-44-3,1.200927
G-44,1548,SSS,Quincy Ong,Male,3.92,G-44-3,1.281772
G-44,5709,SBS,Zeenat Awan,Female,3.93,G-44-4,1.161628
G-44,2525,MAE,Ming Zhao,Male,4.15,G-44-4,1.04048
G-44,1236,SoH,Isaac Koh,Male,4.15,G-44-4,1.16048
G-44,140,CCDS,Willa Howard,Female,4.19,G-44-4,1.160688
G-44,546,SPMS,An Pham,Female,4.12,G-44-4,1.280409
G-44,4634,CoB (NBS),Evelyn Lim,Female,4.12,G-44-5,0.360409
G-44,3745,EEE,Matthew Wu,Male,4.01,G-44-5,0.960763
G-44,1816,CCDS,Dorian Morales,Male,4.15,G-44-5,1.12048
G-44,391,SBS,Ava Kim,Female,4.2,G-44-5,1.160759
G-44,4372,ADM,Una Ningsih,Female,4.05,G-44-5,1.240522
G-44,4651,CoB (NBS),Aiko Fujimoto,Female,4.1,G-44-6,0.360401
G-44,3312,EEE,Milo Zhao,Male,4.2,G-44-6,0.960759
G-44,3040,CCDS,Rinawati Rahim,Male,4.02,G-44-6,1.12069
G-44,1539,WKW SCI,Xue Liu,Female,4.08,G-44-6,0.360425
G-44,5715,SPMS,Wyatt Campbell,Male,4.12,G-44-6,1.240409
G-44,2036,SBS,Sadaf Iqbal,Female,4.05,G-44-7,1.160522
G-44,3789,EEE,Asher Wu,Male,3.92,G-44-7,0.961772
G-44,2520,MAE,Aditi Joshi,Female,4.52,G-44-7,1.087282
G-44,2923,ADM,Sanjay Verma,Male,4,G-44-7,1.200843
G-44,4846,CCEB,Isaiah Cooper,Male,4.02,G-44-7,1.24069
G-44,4254,EEE,Oliver Lopez,Male,4.04,G-44-8,0.96057
G-44,30,MAE,Leo Wilson,Male,4.19,G-44-8,1.040688
G-44,2707,SoH,Nguyen Quoc Duy,Male,4.18,G-44-8,1.160624
G-44,944,CoB (NBS),Nora Baker,Female,3.95,G-44-8,0.361363
G-44,5472,CCEB,Aria Smith,Female,4.12,G-44-8,1.280409
G-44,503,CoB (NBS),Tae-Woo Lee,Male,4.16,G-44-9,0.32052
G-44,5513,EEE,Elena Wong,Female,4.12,G-44-9,1.000409
G-44,3824,MAE,Eli,Female,3.9,G-44-9,1.082084
G-44,5422,ADM,Suresh Kumar,Male,4.1,G-44-9,1.200401
G-44,1201,CoE,Valeria Ivanova,Female,4.19,G-44-9,1.240688
G-44,1401,EEE,Kiran Lee,Female,3.95,G-44-10,1.001363
G-44,1894,MAE,Taojie,Male,4.05,G-44-10,1.040522
G-44,1802,SoH,Gabriel Diaz,Male,4.12,G-44-10,1.160409
G-44,5304,CCDS,Anika Mehta,Female,4.19,G-44-10,1.160688
G-44,1166,LKCMedicine,Zhihao Wang,Male,4.12,G-44-10,1.280409
G-45,4178,CoB (NBS),Fikri Bin Ali,Male,4.15,G-45-1,0.375497
G-45,3620,CCEB,Hana Nishida,Female,4.12,G-45-1,1.055326
G-45,599,MAE,Cahya Sari,Female,4.25,G-45-1,1.096587
G-45,4389,LKCMedicine,Sarah Taylor,Female,4.15,G-45-1,1.175497
G-45,2661,CEE,Aiden Tan,Male,4.12,G-45-1,1.335326
G-45,950,CoB (NBS),Luka Brown,Male,4.12,G-45-2,0.375326
G-45,908,EEE,Aliya Khan,Female,4.02,G-45-2,1.055277
G-45,2193,SSS,Charlotte Perez,Female,4.19,G-45-2,1.095837
G-45,5701,ASE,Charlotte Moore,Female,4.06,G-45-2,1.175201
G-45,1051,NIE,Vince Wong,Male,4.07,G-45-2,1.335202
G-45,2438,WKW SCI,Ulysses Mitchell,Male,4.06,G-45-3,0.375201
G-45,3496,EEE,Maya Lim,Female,4.03,G-45-3,1.055246
G-45,2684,SPMS,Isabella Tan,Female,4.05,G-45-3,1.095208
G-45,4609,SBS,Saanvi Rao,Female,4.12,G-45-3,1.135326
G-45,1699,ASE,Jesse Mendoza,Male,4.11,G-45-3,1.295285
G-45,2843,CoB (NBS),Abby Cooper,Female,4.18,G-45-4,0.25574
G-45,2747,CCDS,Mara Dela Cruz,Female,4.05,G-45-4,1.015208
G-45,4071,SSS,Molly Pineda,Female,3.9,G-45-4,1.096273
G-45,5837,EEE,Yun Cheng,Male,4.04,G-45-4,1.175223
G-45,5942,SBS,Lincoln Yang,Male,4.19,G-45-4,1.255837
G-45,421,CoB (NBS),Lacey Tsai,Female,4.09,G-45-5,0.255227
G-45,4745,CoB (NBS),Kang Wei Lim,Male,4.15,G-45-5,0.375497
G-45,64,CCEB,Ava Carter,Female,3.97,G-45-5,1.055552
G-45,5215,CCDS,Winston Santos,Male,4.02,G-45-5,1.135277
G-45,3817,MAE,Theo Campbell,Male,4.12,G-45-5,1.215326
G-45,1376,CoB (NBS),Alina Shah,Female,3.88,G-45-6,0.256551
G-45,4878,CCDS,Nurul Huda,Female,4.2,G-45-6,1.015942
G-45,4659,MAE,Anu Rao,Female,4.12,G-45-6,1.095326
G-45,2136,SPMS,Erik Yudhi,Male,4.05,G-45-6,1.215208
G-45,2995,LKCMedicine,Charlie Wong,Male,4.05,G-45-6,1.295208
G-45,1746,CoB (NBS),Ava Harris,Female,4.03,G-45-7,0.255246
G-45,4956,CoB (NBS),Rahul Khanna,Male,3.88,G-45-7,0.376551
G-45,5516,CCEB,Gianna Kim,Female,4.26,G-45-7,1.05674
G-45,5142,CCDS,Ahmad Hassan,Male,4.11,G-45-7,1.135285
G-45,1352,SPMS,Sidharth Malhotra,Male,4,G-45-7,1.215363
G-45,4168,CoB (NBS),Kavita Gupta,Female,4.22,G-45-8,0.256176
G-45,2084,CCDS,Bingqi,Female,4.2,G-45-8,1.015942
G-45,1458,SSS,Rachael Tan,Female,3.7,G-45-8,1.100494
G-45,4727,CCEB,Kartik Subramanian,Male,3.95,G-45-8,1.175718
G-45,1257,SBS,Winston Wong,Male,4.19,G-45-8,1.255837
G-45,566,CoB (NBS),Kou Suzuki,Male,4.1,G-45-9,0.375252
G-45,1766,EEE,Tu Le,Female,4.03,G-45-9,1.055246
G-45,674,MAE,Leah Liu,Female,4.03,G-45-9,1.095246
G-45,4987,SPMS,Tuan Le,Male,4.01,G-45-9,1.215316
G-45,1096,SoH,Neha Bhatia,Female,3.89,G-45-9,1.216408
G-45,1153,CoB (NBS),Coco Tan,Female,4.14,G-45-10,0.255432
G-45,5954,CCDS,Beatrice Kwan,Female,4.02,G-45-10,1.015277
G-45,4328,EEE,Nguyen Thi Kim,Female,3.88,G-45-10,1.056551
G-45,2262,CCEB,Wei Zhang,Male,4.03,G-45-10,1.175246
G-45,948,SSS,Elliot Lim,Male,3.89,G-45-10,1.216408
G-46,5811,CoB (NBS),Isabella Wright,Female,3.9,G-46-1,0.330199
G-46,834,CCEB,Wyatt Johnson,Male,3.85,G-46-1,1.130931
G-46,1297,MAE,Sabrina Chen,Female,4.03,G-46-1,1.169231
G-46,3323,ADM,Tian Li,Male,4.03,G-46-1,1.169231
G-46,5735,LKCMedicine,Nadia Binti Zain,Male,4.97,G-46-1,1.28247
G-46,5975,CoB (NBS),Nikita Alexeyev,Male,4.17,G-46-2,0.289702
G-46,4409,SBS,Rakesh Nair,Male,3.9,G-46-2,1.090199
G-46,4982,CCDS,Ella Davis,Female,3.89,G-46-2,1.130329
G-46,3199,EEE,Shreya Choudhury,Female,4.27,G-46-2,1.170998
G-46,5336,SSS,Isha Rao,Female,4.12,G-46-2,1.209354
G-46,3850,CoB (NBS),Shila Binti Zain,Female,4,G-46-3,0.329335
G-46,3250,EEE,Dmitry Grigoriev,Male,4.06,G-46-3,1.1292
G-46,3564,CEE,Kiran Sharma,Male,4.22,G-46-3,1.13025
G-46,4683,CCEB,Shunwei,Female,3.95,G-46-3,1.169667
G-46,442,SPMS,Fiona Lim,Female,4.1,G-46-3,1.249271
G-46,4636,CoB (NBS),Daniel Hall,Male,4.01,G-46-4,0.289292
G-46,1549,SBS,Mabel Tsai,Female,4.02,G-46-4,1.129258
G-46,994,CCDS,Haruna Ito,Female,4.14,G-46-4,1.129469
G-46,3640,SoH,James Griffin,Male,4.06,G-46-4,1.2092
G-46,160,NIE,Dante Huang,Male,4.09,G-46-4,1.209241
G-46,4162,WKW SCI,Yong Wei Tan,Male,4.05,G-46-5,0.289203
G-46,5437,SBS,Dina Binti Azhar,Female,4.1,G-46-5,1.129271
G-46,1080,CCDS,Rania Sulaiman,Female,4.12,G-46-5,1.129354
G-46,307,SSS,Josh Tan,Male,3.9,G-46-5,1.170199
G-46,4529,SoH,Zane Huang,Male,4.14,G-46-5,1.209469
G-46,5087,CoB (NBS),Zeeshan Muneeb,Male,4.2,G-46-6,0.290007
G-46,4702,CCDS,Leonard Wong,Male,4.2,G-46-6,1.090007
G-46,5963,SBS,Rachael Chang,Female,4.14,G-46-6,1.129469
G-46,825,CEE,Leah Wong,Female,3.86,G-46-6,1.170768
G-46,1868,SPMS,Harrison Chen,Male,3.88,G-46-6,1.210467
G-46,3421,CoB (NBS),Lianhua,Male,3.9,G-46-7,0.290199
G-46,243,MAE,Elijah Scott,Male,4.11,G-46-7,1.129308
G-46,5543,SBS,Dahlia Li,Female,4.15,G-46-7,1.129539
G-46,4151,CCEB,Madiha Bukhari,Female,4.14,G-46-7,1.169469
G-46,3663,ADM,Cora Tsai,Female,3.96,G-46-7,1.209584
G-46,3279,CoB (NBS),Elizaveta Semyonova,Female,3.9,G-46-8,0.330199
G-46,1597,EEE,Minghao,Male,4.02,G-46-8,1.129258
G-46,3969,CEE,Nash Lee,Male,4.02,G-46-8,1.129258
G-46,1518,MAE,Penny Yip,Female,4.09,G-46-8,1.169241
G-46,2617,CoE,Kwan-Jin Park,Male,4.12,G-46-8,1.249354
G-46,351,CoB (NBS),Sophie Johnson,Female,4.01,G-46-9,0.329292
G-46,3092,CCEB,Beckett Lee,Male,4.09,G-46-9,1.129241
G-46,4228,MAE,Quincy Turner,Male,4.21,G-46-9,1.130124
G-46,4371,EEE,Ashley Thompson,Female,3.91,G-46-9,1.170076
G-46,1283,SSS,Sakshi Gupta,Female,3.87,G-46-9,1.210614
G-46,2174,CCDS,Owais Javed,Male,4.05,G-46-10,1.089203
G-46,1594,CEE,Wenyi,Male,4,G-46-10,1.129335
G-46,2290,NIE,Wyatt Ward,Male,4.07,G-46-10,1.209206
G-46,3911,ADM,Lila Hayes,Female,4.06,G-46-10,1.2092
G-46,2421,MSE,Pallavi Jain,Female,3.85,G-46-10,1.290931
G-47,770,CoB (NBS),Kiran Yadav,Male,3.91,G-47-1,0.347281
G-47,2274,MAE,Sienna Allen,Female,4.22,G-47-1,1.067445
G-47,5359,CCDS,Chris Young,Male,3.91,G-47-1,1.107281
G-47,5267,CoE,Finn Liu,Male,4.15,G-47-1,1.146736
G-47,528,SBS,Rani Malik,Female,4.11,G-47-1,1.226507
G-47,1687,CoB (NBS),Yoshio Suzuki,Male,3.88,G-47-2,0.347673
G-47,2592,SSS,Lily Rivera,Female,4.13,G-47-2,1.106605
G-47,5184,MAE,Kishore Iyer,Male,4.15,G-47-2,1.106736
G-47,2467,SPMS,Nora Turner,Female,4.03,G-47-2,1.186432
G-47,713,SoH,Gina Permata,Female,4.15,G-47-2,1.226736
G-47,4985,EEE,Sienna Morales,Female,4,G-47-3,1.106536
G-47,2893,CoB (NBS),Eleanor Morales,Female,4.03,G-47-3,0.306432
G-47,3773,CoE,Zeenat Malik,Female,4.18,G-47-3,1.106991
G-47,91,SSS,Exiang,Male,4.17,G-47-3,1.146898
G-47,2118,SPMS,Oscar Harris,Male,3.95,G-47-3,1.22687
G-47,1504,EEE,Jett Liu,Male,4.19,G-47-4,1.147093
G-47,5594,CoE,Naina Bhatia,Female,4.02,G-47-4,1.106459
G-47,3866,CCDS,Zeke Villanueva,Male,3.86,G-47-4,1.107975
G-47,5903,ADM,Scarlett Coleman,Female,4.1,G-47-4,1.226469
G-47,3082,SPMS,Nazim Bin Ali,Male,4.15,G-47-4,1.226736
G-47,914,WKW SCI,Priti Yeo,Female,3.93,G-47-5,0.307059
G-47,1399,MAE,Rajiv Singh,Male,4.14,G-47-5,1.106666
G-47,896,EEE,Fenny Widianti,Female,4.2,G-47-5,1.107202
G-47,5872,CoE,James Lewis,Male,3.95,G-47-5,1.14687
G-47,517,SBS,Willa Reed,Female,4.1,G-47-5,1.226469
G-47,5156,CCDS,Sophia Wilson,Female,3.9,G-47-6,1.067404
G-47,2487,EEE,Madison Baker,Female,4.22,G-47-6,1.107445
G-47,3286,ADM,Si Min Tan,Female,4,G-47-6,1.226536
G-47,4804,CCEB,Ethan Hall,Male,4.03,G-47-6,1.186432
G-47,5246,CEE,Jae Min Lim,Male,4.15,G-47-6,1.306736
G-47,4524,CoB (NBS),Lily Gonzalez,Female,3.92,G-47-7,0.307166
G-47,1275,MAE,Tanner Mendoza,Male,4.1,G-47-7,1.106469
G-47,5057,SSS,Violet Simpson,Female,4.01,G-47-7,1.106494
G-47,2100,CoE,David Wright,Male,4.22,G-47-7,1.147445
G-47,2543,CCEB,Chloe Ward,Female,4.02,G-47-7,1.146459
G-47,4523,MAE,Madiha Khan,Female,4.14,G-47-8,1.066666
G-47,3724,CCDS,Nguyen Van Khoa,Male,4.01,G-47-8,1.106494
G-47,810,EEE,Tarun Khanna,Male,4.02,G-47-8,1.146459
G-47,2476,ASE,Zainab Ali,Female,4.03,G-47-8,1.226432
G-47,3601,NIE,Noel Wu,Male,4.05,G-47-8,1.306403
G-47,5460,CCDS,Vivian Chen,Female,4.12,G-47-9,1.066552
G-47,2227,MAE,Parker Cruz,Male,4.1,G-47-9,1.106469
G-47,2357,SSS,Emily Powell,Female,3.85,G-47-9,1.108137
G-47,4831,CCEB,Subhash Yadav,Male,4.05,G-47-9,1.186403
G-47,5005,SoH,Julian Bennett,Male,4.11,G-47-9,1.266507
G-47,4900,CCDS,Maddox Hughes,Female,4.08,G-47-10,1.066419
G-47,5646,SSS,Leila Rahman,Female,4.01,G-47-10,1.106494
G-47,4413,CCEB,Sakura Tanaka,Female,4.2,G-47-10,1.147202
G-47,1681,WKW SCI,Samuel White,Male,3.91,G-47-10,0.347281
G-47,4442,ASE,Kamal Nair,Male,4.06,G-47-10,1.2664
G-48,5035,CoB (NBS),Yara Ali,Female,4.04,G-48-1,0.341829
G-48,532,MAE,Siddharth Gupta,Male,4.22,G-48-1,1.022036
G-48,5351,CCEB,Aira Binti,Female,4.79,G-48-1,1.079793
G-48,4273,NIE,Callum Williams,Male,3.87,G-48-1,1.224013
G-48,1372,SBS,Naila Zainal,Female,3.9,G-48-1,1.263459
G-48,5287,CoB (NBS),Nadia Tan,Female,4.25,G-48-2,0.342323
G-48,1157,MAE,Li Xuan Tan,Male,4.3,G-48-2,1.02296
G-48,4470,EEE,Greg Tsang,Male,4.02,G-48-2,1.101966
G-48,1378,SBS,Timothy Tan,Male,3.95,G-48-2,1.222697
G-48,2371,NIE,Ava Lim,Female,4.2,G-48-2,1.261885
G-48,42,CoB (NBS),Harper Garcia,Female,4.05,G-48-3,0.341772
G-48,1850,MAE,Wyatt Tan,Male,4.18,G-48-3,1.021766
G-48,3126,CCEB,Emma Rodriguez,Female,4.15,G-48-3,1.061647
G-48,3422,ADM,Dante Lee,Male,4.08,G-48-3,1.221651
G-48,1776,ASE,Quinn Adams,Male,4.14,G-48-3,1.261624
G-48,3419,CoB (NBS),Caleb White,Male,4.16,G-48-4,0.301679
G-48,5977,CCEB,Emma Zhang,Female,4.1,G-48-4,1.06161
G-48,3103,EEE,Isaac Clark,Male,4.07,G-48-4,1.101683
G-48,3920,CCDS,Wren Flores,Female,4.12,G-48-4,1.141601
G-48,5930,SSS,Hannah King,Female,4.14,G-48-4,1.261624
G-48,2645,CoB (NBS),Logan Scott,Male,4.22,G-48-5,0.302036
G-48,2287,CCEB,Soo-Hyun Kim,Female,4.13,G-48-5,1.061608
G-48,5542,CCDS,Zayden Scott,Male,4.03,G-48-5,1.101893
G-48,5674,EEE,Gavin Thompson,Male,3.9,G-48-5,1.103459
G-48,3019,MSE,Qomariyah Ningsih,Female,4.3,G-48-5,1.26296
G-48,4102,CoB (NBS),Veda Chen,Female,3.96,G-48-6,0.342568
G-48,5738,MAE,Amber Lee,Female,4.14,G-48-6,1.061624
G-48,5373,EEE,Huifen,Male,4.2,G-48-6,1.101885
G-48,1195,MSE,Asher Liu,Male,4.22,G-48-6,1.222036
G-48,5613,SoH,Aldina Putri,Female,4,G-48-6,1.302135
G-48,1064,CCDS,Guntur Wibowo,Male,4.2,G-48-7,1.101885
G-48,777,CCEB,Freya Brown,Female,4.11,G-48-7,1.061601
G-48,1193,MAE,Neha Kumar,Female,4.02,G-48-7,1.061966
G-48,4644,CoB (NBS),Naresh Yadav,Male,4.12,G-48-7,0.301601
G-48,774,CEE,Kade Young,Male,4.05,G-48-7,1.221772
G-48,324,CoB (NBS),Khadija Ali,Female,4.01,G-48-8,0.342046
G-48,4990,MAE,Harrison Moore,Male,4.15,G-48-8,1.021647
G-48,1598,CCDS,Yin Wei,Male,4.18,G-48-8,1.101766
G-48,3117,ADM,Zeus Yang,Male,4.15,G-48-8,1.221647
G-48,501,SSS,Jasmine Chan,Female,4,G-48-8,1.262135
G-48,1842,CoB (NBS),Destiny Li,Female,4.19,G-48-9,0.341821
G-48,2757,MAE,Liam Young,Male,4.11,G-48-9,1.021601
G-48,98,CCEB,Aisha Chen,Female,4.08,G-48-9,1.061651
G-48,2323,CEE,Oscar Cheung,Male,4.11,G-48-9,1.221601
G-48,5937,LKCMedicine,Mei Zhen Goh,Female,4,G-48-9,1.262135
G-48,1432,CoB (NBS),Nitin Mehta,Male,4.14,G-48-10,0.301624
G-48,4539,CCEB,Maya Lee,Female,4.09,G-48-10,1.061626
G-48,2116,CCDS,James Wong,Male,4.1,G-48-10,1.10161
G-48,3549,EEE,Alya Dwi,Female,4.1,G-48-10,1.14161
G-48,3602,LKCMedicine,Victor Wong,Male,4.04,G-48-10,1.221829
G-49,559,CoB (NBS),Natsuki Sakamoto,Female,4.01,G-49-1,0.245007
G-49,1190,EEE,Bella Wright,Female,4.2,G-49-1,0.965357
G-49,2055,CCDS,Ethan Ramirez,Male,4.11,G-49-1,1.124831
G-49,5130,CCEB,Nina Wu,Female,4.05,G-49-1,1.164841
G-49,2546,CoE,Ilya Petrovich,Male,4.11,G-49-1,1.324831
G-49,5777,MAE,Jia Yu,Female,4.02,G-49-2,1.044954
G-49,4767,EEE,Bella Lin,Female,4.03,G-49-2,0.964908
G-49,4068,CCDS,Arif Waseem,Male,4.08,G-49-2,1.1248
G-49,4622,SBS,Kanika Verma,Female,4.26,G-49-2,1.126067
G-49,5129,CEE,Mason Jackson,Male,4.09,G-49-2,1.244803
G-49,25,CoB (NBS),Panshi,Female,4.05,G-49-3,0.244841
G-49,1697,CCDS,Fanny Tan,Female,4.1,G-49-3,0.964813
G-49,3744,EEE,Chester Lim,Male,4,G-49-3,1.125069
G-49,1065,SSS,Mia Johnson,Female,4.25,G-49-3,1.125929
G-49,545,CEE,Arvind Sharma,Male,4.03,G-49-3,1.244908
G-49,3515,CoB (NBS),Liam Davis,Female,4.09,G-49-4,0.244803
G-49,1006,EEE,Nadia Khan,Female,3.91,G-49-4,0.965983
G-49,1733,CCDS,Lucas Huang,Male,4.12,G-49-4,1.124858
G-49,335,CCEB,Lydia Lim,Female,4.15,G-49-4,1.164985
G-49,5361,CoE,Rocco Wu,Male,4.14,G-49-4,1.324935
G-49,2587,CoB (NBS),Shalini Patel,Female,4.14,G-49-5,0.244935
G-49,4326,CoB (NBS),Robert Davis,Male,4.21,G-49-5,0.405455
G-49,5881,MAE,Vani Patil,Female,4.12,G-49-5,1.044858
G-49,2366,EEE,Noble Huang,Male,3.93,G-49-5,1.125724
G-49,3767,LKCMedicine,Rachel Tan,Female,4.01,G-49-5,1.205007
G-49,4947,WKW SCI,Marwan Bin Ali,Male,4.1,G-49-6,0.404813
G-49,4850,MAE,Rizqi Bin Mohd,Female,4.05,G-49-6,1.044841
G-49,5546,SSS,Molly Tan,Female,4.05,G-49-6,1.124841
G-49,1325,MSE,Leah Li,Female,4.15,G-49-6,1.204985
G-49,3299,SoH,Levi Edwards,Male,4.05,G-49-6,1.364841
G-49,883,CoB (NBS),Vladimir Sergeyev,Male,4.12,G-49-7,0.404858
G-49,5149,MAE,Rabia Iqbal,Female,4.1,G-49-7,1.044813
G-49,1373,SSS,Neha Desai,Female,4.03,G-49-7,1.124908
G-49,5428,ASE,Serena Lee,Female,3.85,G-49-7,1.206953
G-49,1815,ADM,David Simmons,Male,4.3,G-49-7,1.366701
G-49,1615,CoB (NBS),Nina Ong,Female,3.93,G-49-8,0.245724
G-49,4382,CCDS,Elaine Lim,Female,4.08,G-49-8,0.9648
G-49,3425,CoB (NBS),Nina Kaur,Female,4.04,G-49-8,0.244871
G-49,260,EEE,Manish Singh,Male,4.26,G-49-8,1.126067
G-49,4708,CEE,Zayn Malik,Male,4.08,G-49-8,1.2448
G-49,1119,CoB (NBS),Kong Jian,Male,4.1,G-49-9,0.404813
G-49,3142,MAE,Aida Binti Omar,Female,4.05,G-49-9,1.044841
G-49,1340,SBS,Tina Wei,Female,4.11,G-49-9,1.124831
G-49,3044,CCDS,Owen Villanueva,Male,4.22,G-49-9,1.125562
G-49,5344,NIE,Wei Jie,Male,3.9,G-49-9,1.366125
G-49,1656,CoB (NBS),Riya Sinha,Female,4.02,G-49-10,0.244954
G-49,1253,CCDS,Sami Ali,Female,4.17,G-49-10,0.96511
G-49,4536,CEE,Olivia Tam,Female,4.04,G-49-10,1.084871
G-49,4666,EEE,Pranav Nair,Male,3.89,G-49-10,1.126275
G-49,5585,SBS,Leonardo Wu,Male,4.2,G-49-10,1.285357
G-50,5718,CoB (NBS),Jonathan Ramirez,Male,4.18,G-50-1,0.322601
G-50,1783,CCDS,Ciara Lim,Female,4.79,G-50-1,1.06094
G-50,1679,EEE,Freya Murphy,Female,4.02,G-50-1,1.042718
G-50,2827,CEE,Santhosh Menon,Male,4,G-50-1,1.122877
G-50,1306,SSS,Amy Yeo,Female,3.85,G-50-1,1.245087
G-50,1503,EEE,Benjamin White,Male,4.06,G-50-2,0.962497
G-50,4298,SoH,Cheng Yi,Male,4.12,G-50-2,1.042405
G-50,1513,CEE,Haibin Zhao,Male,4.06,G-50-2,1.122497
G-50,1966,CCEB,Jay Lim,Male,4.21,G-50-2,1.202806
G-50,53,MAE,Bria Ong,Female,4.14,G-50-2,1.362438
G-50,1092,WKW SCI,Kiran Reddy,Male,4.19,G-50-3,0.322661
G-50,2959,CCDS,Gavin Wright,Male,4.04,G-50-3,0.962592
G-50,4833,EEE,Ayu Dwi,Female,4.3,G-50-3,1.043856
G-50,5688,SoH,Fatimah Binti Ahmad,Female,3.75,G-50-3,1.127561
G-50,2933,ADM,Syed Faris Bin Ali,Male,4.3,G-50-3,1.283856
G-50,5899,CoB (NBS),Kirti Sharma,Female,4.02,G-50-4,0.402718
G-50,3815,EEE,Hafiz Bin Abdul,Male,4.2,G-50-4,0.96273
G-50,2957,CCDS,Bingwen,Female,4.05,G-50-4,1.04254
G-50,1864,SSS,Nolan Reyes,Male,4.16,G-50-4,1.162503
G-50,1150,CCEB,Qori Cahyani,Female,4.15,G-50-4,1.282467
G-50,1522,CoB (NBS),Lana Garcia,Female,4.14,G-50-5,0.402438
G-50,5682,EEE,Leo Chan,Male,4.04,G-50-5,0.962592
G-50,3324,SoH,Nikhil Bansal,Male,4.17,G-50-5,1.042548
G-50,3210,SSS,Hannah Jenkins,Female,4.02,G-50-5,1.242718
G-50,2869,CCEB,Natasha Singh,Female,4.2,G-50-5,1.28273
G-50,928,EEE,Arjun Bansal,Male,4.17,G-50-6,0.962548
G-50,3310,SoH,Derek Lee,Male,4.12,G-50-6,1.042405
G-50,1826,CEE,Wiley Huang,Male,4.05,G-50-6,1.12254
G-50,5382,LKCMedicine,Arun Nair,Male,4.16,G-50-6,1.242503
G-50,1331,MSE,Siti Khadijah,Female,4.01,G-50-6,1.362794
G-50,1998,CCDS,Owen Wang,Male,4.12,G-50-7,0.962405
G-50,5108,EEE,Gavin Adams,Male,4.01,G-50-7,0.962794
G-50,2683,CEE,Karan Nair,Male,4.17,G-50-7,1.122548
G-50,2207,NIE,Liam Johnson,Male,4.14,G-50-7,1.202438
G-50,3979,LKCMedicine,Deepti Sharma,Female,4.05,G-50-7,1.32254
G-50,398,EEE,Asad Malik,Male,4.11,G-50-8,0.9624
G-50,4312,CCDS,Daryl Lee,Male,4.17,G-50-8,0.962548
G-50,3790,CCDS,Sophia Liu,Female,4,G-50-8,1.042877
G-50,186,SoH,Rhea Nair,Female,4.19,G-50-8,1.122661
G-50,4918,NIE,Emma Brown,Female,4.02,G-50-8,1.282718
G-50,2882,CoB (NBS),Zhen Zhou,Male,4.15,G-50-9,0.322467
G-50,562,CCDS,Hua Ling,Female,4.09,G-50-9,1.042415
G-50,2657,SoH,Widi Hardiyanto,Male,4.05,G-50-9,1.04254
G-50,5526,CEE,Anjali Verma,Female,4.14,G-50-9,1.202438
G-50,871,SSS,Layla Baker,Female,4,G-50-9,1.242877
G-50,1990,EEE,Peter Lee,Male,4.11,G-50-10,0.9624
G-50,3526,CCDS,Levi Tan,Male,3.92,G-50-10,0.963832
G-50,1323,CCDS,May Li,Female,4.15,G-50-10,1.042467
G-50,1113,SoH,Sophia Zhang,Female,4.19,G-50-10,1.122661
G-50,2576,NIE,Tanisha Reddy,Female,4.01,G-50-10,1.282794
G-51,2197,CoB (NBS),Serena Liu,Female,4.09,G-51-1,0.260007
G-51,3952,EEE,Siti Hawa,Male,4.04,G-51-1,1.020159
G-51,3420,SSS,Krisha Malhotra,Female,4.03,G-51-1,1.100213
G-51,2198,SoH,Yongqiang,Female,4.73,G-51-1,1.115725
G-51,2178,CCDS,Samuel Ng,Male,4.04,G-51-1,1.340159
G-51,804,EEE,Min Xu,Female,4.12,G-51-2,0.820012
G-51,5492,CCEB,Shazia Ahmed,Female,4.03,G-51-2,0.940213
G-51,5433,EEE,Victor Liu,Male,4.52,G-51-2,1.026956
G-51,2458,MAE,Emilia Tan,Female,4.18,G-51-2,1.180237
G-51,479,CoE,Dustin Yang,Male,4.01,G-51-2,1.380346
G-51,2457,CoB (NBS),Arvind Menon,Male,3.95,G-51-3,0.460936
G-51,2895,CCEB,Kara Liu,Female,4.11,G-51-3,0.940002
G-51,2773,EEE,Eli Barnes,Male,4.52,G-51-3,1.026956
G-51,5237,MSE,Wendy Chan,Female,4.01,G-51-3,1.180346
G-51,1142,MAE,Saad Khan,Male,4,G-51-3,1.380424
G-51,912,CoB (NBS),Nida Bukhari,Female,4.01,G-51-4,0.260346
G-51,860,CCEB,Bella Evans,Female,4.19,G-51-4,0.940303
G-51,61,EEE,Heath Cruz,Male,4.18,G-51-4,1.020237
G-51,2820,CCDS,Lila Allen,Female,4.04,G-51-4,1.140159
G-51,3017,CEE,Jaxon Thomas,Male,4.04,G-51-4,1.340159
G-51,2199,CoB (NBS),Neha Mehta,Female,4.1,G-51-5,0.26
G-51,4768,EEE,Omer Hussain,Male,4.11,G-51-5,1.020002
G-51,2968,SSS,Jasmine Tan,Female,4.06,G-51-5,1.100074
G-51,2993,SoH,Ming Yi Tan,Female,4,G-51-5,1.100424
G-51,5785,CEE,Syed Muneer Bin Shah,Male,4.15,G-51-5,1.340088
G-51,1390,CoB (NBS),Duncan Lee,Male,4,G-51-6,0.460424
G-51,1068,CCEB,Gina Alvarado,Female,4.19,G-51-6,0.940303
G-51,4670,EEE,Asim Hussain,Male,3.96,G-51-6,1.020818
G-51,4632,CCDS,Rina Binti Khairul,Female,4.05,G-51-6,1.140112
G-51,230,SBS,Tania Tan,Female,4.2,G-51-6,1.220376
G-51,4899,CoB (NBS),Esther Tan,Female,4.12,G-51-7,0.260012
G-51,8,CCEB,Emily Turner,Female,4.08,G-51-7,0.940021
G-51,2190,EEE,Gavin Harris,Male,4.15,G-51-7,1.020088
G-51,228,SSS,Kenzie Tsai,Female,3.89,G-51-7,1.101815
G-51,3308,SoH,Zach Chan,Male,4.15,G-51-7,1.300088
G-51,5357,EEE,Sneha Menon,Female,4.15,G-51-8,0.820088
G-51,3878,CCEB,Amelia Martin,Female,3.86,G-51-8,0.942362
G-51,3770,SoH,Daphne Kwan,Female,4.15,G-51-8,1.100088
G-51,2245,ASE,Olivia Harris,Female,4.02,G-51-8,1.220276
G-51,534,CoE,Leo Sanders,Male,4.2,G-51-8,1.380376
G-51,3034,CoB (NBS),Ivan Novikov,Male,4,G-51-9,0.460424
G-51,4663,CCEB,Vera Chen,Female,4.19,G-51-9,0.940303
G-51,5836,EEE,Prakash Menon,Male,3.96,G-51-9,1.020818
G-51,2318,MSE,Nusrat Bukhari,Female,4.22,G-51-9,1.180548
G-51,4107,ADM,Annie Goh,Female,4,G-51-9,1.220424
G-51,855,WKW SCI,Zoe Tan,Female,4.19,G-51-10,0.260303
G-51,5318,CCEB,Sanya Rao,Female,4.01,G-51-10,0.940346
G-51,5589,EEE,Gabriel Navarro,Male,4.14,G-51-10,1.020055
G-51,1798,CEE,Kim Lee,Female,4.14,G-51-10,1.140055
G-51,4715,SSS,Jett Li,Male,3.87,G-51-10,1.302172
G-52,751,WKW SCI,Pei Li,Male,4.52,G-52-1,0.444536
G-52,4560,MSE,Jasmine Wang,Female,4.12,G-52-1,1.116504
G-52,2803,SPMS,Alexis Parker,Female,4.06,G-52-1,1.156403
G-52,2133,SSS,Leela Menon,Female,4.03,G-52-1,1.196461
G-52,1473,ASE,Veer Singh,Male,3.88,G-52-1,1.317829
G-52,3490,EEE,Aaliyah Tan,Female,4.1,G-52-2,0.916438
G-52,5423,MAE,Yasmin Khan,Female,4.02,G-52-2,1.036496
G-52,2607,SBS,Amelia Garcia,Female,4.15,G-52-2,1.116662
G-52,1003,SoH,Fang Yu,Female,4.01,G-52-2,1.156539
G-52,3144,CoE,Zhi Yi Ng,Male,4.15,G-52-2,1.276662
G-52,848,CoB (NBS),Ruocong,Female,4.05,G-52-3,0.236414
G-52,2639,CCEB,Olivia Wu,Female,4.11,G-52-3,1.036467
G-52,231,EEE,Dylan Chan,Male,4,G-52-3,1.11659
G-52,2466,MAE,Vinny Rivera,Male,4.08,G-52-3,1.236405
G-52,1461,CoE,Jin Jian Lim,Male,4.15,G-52-3,1.276662
G-52,1452,EEE,Ella Walker,Female,4.22,G-52-4,0.917312
G-52,1424,CCDS,Tania Das,Female,3.88,G-52-4,1.077829
G-52,4902,ADM,Dongmei,Female,4.1,G-52-4,1.156438
G-52,1049,NIE,Hannah Reed,Female,4.19,G-52-4,1.156986
G-52,4252,SBS,Arjun Choudhury,Male,3.95,G-52-4,1.316966
G-52,3905,EEE,Kiera Tan,Female,4.25,G-52-5,0.91771
G-52,2200,MSE,Bethany Zhang,Female,4.02,G-52-5,1.116496
G-52,1779,SoH,Misha Binti Noor,Female,4.05,G-52-5,1.156414
G-52,2254,CEE,Amara Zhang,Female,3.89,G-52-5,1.197682
G-52,2806,SPMS,Yuan Wei,Male,4.12,G-52-5,1.356504
G-52,4518,CoB (NBS),Chau Tran,Male,4.19,G-52-6,0.436986
G-52,3075,CCEB,Samantha Brown,Female,4,G-52-6,1.03659
G-52,2862,SBS,Mingyu,Female,4,G-52-6,1.11659
G-52,4487,CoE,Cheng Chen,Male,4.03,G-52-6,1.276461
G-52,247,ASE,Carlos Martinez,Male,4.09,G-52-6,1.316418
G-52,4562,CoB (NBS),Xiaoyu Zhang,Female,4.03,G-52-7,0.236461
G-52,3555,CCEB,Daisy Brown,Female,4.06,G-52-7,1.036403
G-52,2649,EEE,Qingxian,Male,4,G-52-7,1.11659
G-52,4177,MAE,Arvind Nair,Male,4.17,G-52-7,1.236808
G-52,5906,CCDS,Freddy Martinez,Male,4.02,G-52-7,1.276496
G-52,3083,CoB (NBS),Lakshmi Iyer,Female,4.2,G-52-8,0.237086
G-52,5072,MAE,Nina Li,Female,3.91,G-52-8,1.037411
G-52,2819,EEE,Yuan Zhang,Male,4.25,G-52-8,1.11771
G-52,2381,CCEB,Dylan Scott,Male,4,G-52-8,1.23659
G-52,3036,CCDS,Isaiah Brown,Male,3.9,G-52-8,1.277542
G-52,3797,EEE,Aditi Rao,Female,3.89,G-52-9,0.917682
G-52,2665,MAE,Siti Rahman,Female,3.89,G-52-9,1.037682
G-52,3737,ASE,Niharika Roy,Female,4.12,G-52-9,1.116504
G-52,5431,CCEB,Han Song Lim,Male,4.2,G-52-9,1.237086
G-52,2248,CoE,Kairo Wu,Male,4.15,G-52-9,1.276662
G-52,3800,EEE,Layla Wong,Female,3.9,G-52-10,0.917542
G-52,349,CCDS,Guixiang,Female,4.05,G-52-10,1.076414
G-52,3902,ADM,Hazel Lim,Female,4.1,G-52-10,1.156438
G-52,5385,NIE,Phoebe Lim,Female,4.2,G-52-10,1.157086
G-52,4832,MSE,Yuri Cruz,Male,4,G-52-10,1.31659
G-53,1040,CoB (NBS),Laxmi Joshi,Female,4.02,G-53-1,0.30813
G-53,4007,CCDS,Omar Tan,Male,4.05,G-53-1,0.948029
G-53,5014,EEE,Fina Rahmawati,Female,4.1,G-53-1,1.028021
G-53,1984,CCEB,Eli Morales,Male,4.22,G-53-1,1.148818
G-53,3754,MSE,Tariq Malik,Male,4.18,G-53-1,1.268424
G-53,5955,CoB (NBS),John Walker,Male,4.02,G-53-2,0.38813
G-53,3904,CCDS,Jessica Wright,Female,4.18,G-53-2,0.868424
G-53,3928,CCEB,Shahid Hussain,Female,4.05,G-53-2,1.068029
G-53,4924,SSS,Nadia Binti Zain,Female,4,G-53-2,1.228237
G-53,3030,CEE,Liang Gao,Male,4.22,G-53-2,1.308818
G-53,4405,CCDS,Gianna Lopez,Female,4.12,G-53-3,0.868074
G-53,5984,CCDS,Aidan Ong,Male,4.03,G-53-3,0.948088
G-53,978,EEE,Grayson Lee,Male,4.02,G-53-3,1.10813
G-53,3652,SBS,Hui Xin,Female,4.1,G-53-3,1.268021
G-53,4325,ADM,Samir Patel,Male,4.15,G-53-3,1.348213
G-53,990,CCDS,Zara Kumar,Female,4.08,G-53-4,0.868
G-53,2628,EEE,Tanvi Joshi,Female,4.08,G-53-4,1.028
G-53,5281,CCEB,Finn Ramirez,Male,4.18,G-53-4,1.148424
G-53,2396,ASE,Nisha Binti,Female,4.02,G-53-4,1.26813
G-53,476,SPMS,Dylan King,Male,4.06,G-53-4,1.348012
G-53,4260,CoB (NBS),Aihua,Female,3.9,G-53-5,0.309253
G-53,3588,CCDS,Riku Saito,Male,4.12,G-53-5,0.948074
G-53,1365,CCEB,Chloe Lin,Female,4.14,G-53-5,1.068159
G-53,2026,NIE,Hui Xuan,Female,4.2,G-53-5,1.228605
G-53,3183,LKCMedicine,Vinny Rivera,Male,4.04,G-53-5,1.308055
G-53,3200,CoB (NBS),Emily Mitchell,Female,3.92,G-53-6,0.308986
G-53,971,CCDS,Jae-Won Oh,Male,4.2,G-53-6,0.948605
G-53,2669,EEE,Rina Lim,Female,4.15,G-53-6,1.028213
G-53,1103,MSE,Grace Walker,Female,4.02,G-53-6,1.18813
G-53,87,CoE,Zhang Li,Male,4.1,G-53-6,1.308021
G-53,1001,CoB (NBS),Siena Chang,Female,3.91,G-53-7,0.309116
G-53,58,CCDS,Wira Setiawan,Male,4.15,G-53-7,0.948213
G-53,4816,EEE,Neha Singh,Female,4.03,G-53-7,1.028088
G-53,741,MSE,Maya Perry,Female,4.14,G-53-7,1.188159
G-53,2415,CEE,Ayden Clark,Male,4.15,G-53-7,1.308213
G-53,819,WKW SCI,Ashton Yang,Male,4.06,G-53-8,0.388012
G-53,2354,CCDS,Lijuan,Female,4.15,G-53-8,0.868213
G-53,5115,CCEB,Nadia Binti Rahman,Female,4.04,G-53-8,1.068055
G-53,5541,CoE,Naina Rani,Female,4.02,G-53-8,1.22813
G-53,12,LKCMedicine,Henry Wood,Male,4.09,G-53-8,1.308007
G-53,634,CoB (NBS),Nathan Ong,Male,4.16,G-53-9,0.388276
G-53,5863,EEE,Ophelia Harris,Female,4.06,G-53-9,1.028012
G-53,1731,CCEB,Iqra Awan,Female,4.09,G-53-9,1.068007
G-53,1570,SSS,Lola Martinez,Female,4.22,G-53-9,1.228818
G-53,2500,NIE,Zhen Zhou,Male,3.8,G-53-9,1.311069
G-53,1420,CCDS,Yao Chen,Female,4.12,G-53-10,0.868074
G-53,2348,CCDS,Kaden Hernandez,Male,4.12,G-53-10,0.948074
G-53,4959,EEE,Jing Xu,Male,3.89,G-53-10,1.109399
G-53,730,MAE,Sulekha Yadav,Female,4.06,G-53-10,1.268012
G-53,2927,SoH,Nash Wong,Male,3.92,G-53-10,1.348986
G-54,756,CoB (NBS),Yasmin Wong,Female,4.03,G-54-1,0.25869
G-54,200,CCDS,Elya Fitria,Female,4.05,G-54-1,0.81857
G-54,1997,MAE,Bradley Wong,Male,4.1,G-54-1,1.418409
G-54,3739,SBS,Nabihah Binti Rahman,Female,4.73,G-54-1,1.153519
G-54,5473,SSS,Brady Yang,Male,4.19,G-54-1,1.298624
G-54,2242,CoB (NBS),Rina Matsumoto,Female,4.2,G-54-2,0.258688
G-54,4922,CCDS,Jameson Cruz,Male,4.1,G-54-2,1.018409
G-54,4340,SSS,Tina Goh,Female,4.2,G-54-2,1.098688
G-54,617,EEE,David Brown,Male,4.2,G-54-2,1.138688
G-54,5667,SBS,Sandeep Sharma,Male,4.11,G-54-2,1.338401
G-54,1881,CoB (NBS),Jing Yu,Female,4.27,G-54-3,0.259359
G-54,4335,CCDS,Aisha Tan,Female,4.02,G-54-3,0.818763
G-54,5547,CCDS,Jonathan Yang,Male,4.03,G-54-3,1.01869
G-54,1079,ADM,Miranda Wang,Female,4.15,G-54-3,1.178448
G-54,4,SBS,Zhang Li,Male,4.25,G-54-3,1.339127
G-54,3871,CoB (NBS),Kayla Brooks,Female,4.04,G-54-4,0.258626
G-54,158,CCDS,Liam Yang,Male,4.12,G-54-4,1.018401
G-54,5342,CCEB,Haley Santos,Female,4.2,G-54-4,1.098688
G-54,1712,EEE,Rohan Joshi,Male,4.05,G-54-4,1.13857
G-54,5831,MSE,Zhen Wei,Female,4.25,G-54-4,1.219127
G-54,1483,CoB (NBS),Yasmine Kwan,Female,4.19,G-54-5,0.258624
G-54,1178,CCDS,Derek Tan,Male,4.09,G-54-5,1.018425
G-54,388,CCEB,Charlotte Ortiz,Female,4.14,G-54-5,1.098425
G-54,2528,EEE,Aariv Patel,Male,4.04,G-54-5,1.138626
G-54,4594,LKCMedicine,Emma Wang,Female,4.15,G-54-5,1.218448
G-54,4955,WKW SCI,Isaiah Moore,Male,4.14,G-54-6,0.458425
G-54,4674,EEE,Pratiwi Sari,Female,4.15,G-54-6,0.938448
G-54,4863,CCDS,Wyatt Cheung,Male,4.22,G-54-6,1.018839
G-54,2641,SoH,Anya Dela Cruz,Female,4.04,G-54-6,1.178626
G-54,136,SPMS,Marcus Turner,Male,4.03,G-54-6,1.37869
G-54,5060,CoB (NBS),Fariha Malik,Female,4.09,G-54-7,0.258425
G-54,2424,CCDS,Tarun Singh,Male,4.14,G-54-7,1.018425
G-54,2740,CCEB,Talia Lin,Female,4.1,G-54-7,1.098409
G-54,2676,EEE,Hieu Nguyen,Male,4.1,G-54-7,1.138409
G-54,1220,CoE,Piper Reyes,Female,4,G-54-7,1.178931
G-54,4584,WKW SCI,Yuri Sokolov,Male,4.17,G-54-8,0.45852
G-54,2308,EEE,Kaira Singh,Female,4.03,G-54-8,0.93869
G-54,507,CCEB,Aoi Sakamoto,Female,3.88,G-54-8,1.100613
G-54,5430,CoE,Sara Lee,Female,4.11,G-54-8,1.178401
G-54,3121,SPMS,Muhammad Amir,Male,4.15,G-54-8,1.378448
G-54,3140,CCDS,Akiko Yamashita,Female,4.17,G-54-9,0.81852
G-54,5137,EEE,Lena Tan,Female,4.02,G-54-9,0.938763
G-54,833,SSS,Aaliyah Sanders,Female,3.88,G-54-9,1.100613
G-54,5109,SoH,Maya Wang,Female,4.06,G-54-9,1.178522
G-54,2320,CEE,Jordan Washington,Male,4.19,G-54-9,1.418624
G-54,3604,CCDS,Rameez Khan,Female,4.19,G-54-10,0.818624
G-54,5353,EEE,Siti Zainab,Female,3.9,G-54-10,0.940252
G-54,4301,SSS,Sophie Sanders,Female,3.87,G-54-10,1.100805
G-54,309,ADM,Rani Kurnia,Female,4.05,G-54-10,1.17857
G-54,2621,CCDS,Malcolm Chen,Male,4.18,G-54-10,1.018568
G-55,1281,WKW SCI,Gavin Kim,Male,4.14,G-55-1,0.304886
G-55,3488,EEE,Nguyen Thanh Tam,Female,4.09,G-55-1,0.904801
G-55,1204,SoH,Vladislav Nikiforov,Male,4.05,G-55-1,1.064876
G-55,962,MAE,Sushmita Das,Female,4.15,G-55-1,1.224927
G-55,3102,MSE,Faris Aji,Male,4.15,G-55-1,1.264927
G-55,2175,EEE,Deepak Kumar,Male,4.09,G-55-2,0.784801
G-55,5660,SoH,Connor Murphy,Male,4.11,G-55-2,1.064811
G-55,4362,CoE,Axel Liu,Male,4.08,G-55-2,1.184807
G-55,5303,SBS,Ray Tan,Male,4.21,G-55-2,1.185342
G-55,712,SSS,Autumn Powell,Female,4.05,G-55-2,1.344876
G-55,1636,EEE,Saad Khatri,Male,4.09,G-55-3,0.784801
G-55,4817,EEE,Xiao Mei,Female,4.12,G-55-3,0.904828
G-55,3955,CCDS,Thomas Wu,Male,4.09,G-55-3,1.184801
G-55,1599,CoE,Mason Carter,Male,4.02,G-55-3,1.185017
G-55,3814,CCEB,Ly Nguyen,Female,4.17,G-55-3,1.345033
G-55,4122,CoB (NBS),Zain Tran,Male,4.02,G-55-4,0.305017
G-55,187,EEE,Veronica Zhao,Female,4.12,G-55-4,0.904828
G-55,405,SoH,Tobias Wu,Male,4.25,G-55-4,1.065778
G-55,3723,MAE,Maya Chang,Female,4,G-55-4,1.22515
G-55,5941,ASE,Ashok Pillai,Male,4.09,G-55-4,1.264801
G-55,4852,CoB (NBS),Tessa Bennett,Female,4.1,G-55-5,0.424802
G-55,726,EEE,Owen Chen,Male,4.15,G-55-5,0.784927
G-55,1769,SoH,Yusuf Bin Ahmad,Male,4,G-55-5,1.06515
G-55,4152,MAE,Ava Chen,Female,4.2,G-55-5,1.225253
G-55,2718,SPMS,Grace Rogers,Female,4.03,G-55-5,1.304962
G-55,694,CoB (NBS),Clara Wu,Female,4.08,G-55-6,0.424807
G-55,1546,EEE,Kieran Villanueva,Male,4.2,G-55-6,0.785253
G-55,3759,MAE,Irfan Bin Mohd,Male,4,G-55-6,1.10515
G-55,4706,SoH,Alina Yeo,Female,4.2,G-55-6,1.185253
G-55,3328,SBS,Nadia Binti Noor,Female,4,G-55-6,1.30515
G-55,1571,CoB (NBS),Isabella Rossellini,Female,3.88,G-55-7,0.426625
G-55,658,EEE,Talha Ali,Male,4.05,G-55-7,0.784876
G-55,3832,SPMS,Lucas Cox,Male,4.15,G-55-7,1.184927
G-55,5314,CCDS,Dmitry Alekseev,Male,4.18,G-55-7,1.185099
G-55,5463,CoE,Serena Chen,Female,4.2,G-55-7,1.305253
G-55,4374,EEE,Xavier Lee,Male,4.06,G-55-8,0.784845
G-55,2615,EEE,Priya Sharma,Female,3.95,G-55-8,0.905625
G-55,2837,CCDS,Xavier Salazar,Male,4.12,G-55-8,1.184828
G-55,3234,SSS,Dylan Anderson,Male,4.05,G-55-8,1.224876
G-55,3764,CCEB,Hafizah Binti Rahman,Female,4.25,G-55-8,1.345778
G-55,4002,EEE,Kye Wu,Male,4.2,G-55-9,0.785253
G-55,4164,EEE,Anjali Mehta,Female,3.85,G-55-9,0.907174
G-55,1370,SBS,Dylan Ong,Male,4.11,G-55-9,1.184811
G-55,144,CEE,Harlan Wu,Male,4.2,G-55-9,1.265253
G-55,2699,LKCMedicine,Brenda Li,Female,4.05,G-55-9,1.384876
G-55,755,CoB (NBS),Fatima Syed,Female,4.18,G-55-10,0.425099
G-55,4652,EEE,Victor So,Male,4,G-55-10,0.78515
G-55,4337,MAE,Yuri Salazar,Male,4.05,G-55-10,1.104876
G-55,364,SoH,Nadia Rehman,Female,4.2,G-55-10,1.185253
G-55,4965,SPMS,Ella Robinson,Female,3.9,G-55-10,1.306299
G-56,5795,WKW SCI,Ulysses Wong,Male,3.9,G-56-1,0.448308
G-56,5238,CCEB,Yuki Tan,Female,4.16,G-56-1,1.00755
G-56,4267,CoE,Aubrey Sanchez,Female,4.03,G-56-1,1.087253
G-56,5293,SSS,Florence Ong,Female,4.12,G-56-1,1.127315
G-56,1494,CCDS,Yong Chen,Male,4.18,G-56-1,1.367716
G-56,428,CoB (NBS),Diana Wong,Female,3.89,G-56-2,0.208445
G-56,5486,CCEB,Ananya Bansal,Female,4.11,G-56-2,1.007276
G-56,4154,MAE,Nguyen Thi Trang,Female,4,G-56-2,1.087376
G-56,1958,EEE,James Turner,Male,4.08,G-56-2,1.167207
G-56,5819,SoH,Seng Hua Lim,Male,4.3,G-56-2,1.329383
G-56,3129,CoB (NBS),Keira Tan,Female,3.95,G-56-3,0.207742
G-56,1485,EEE,Natalie Ong,Female,4.15,G-56-3,0.92748
G-56,4018,SPMS,Maya Wong,Female,3.94,G-56-3,1.047839
G-56,5876,CEE,Jackson Cruz,Male,4.11,G-56-3,1.287276
G-56,3906,ADM,Kael Huang,Male,4.22,G-56-3,1.328144
G-56,1566,CoB (NBS),Cyrus Liu,Male,3.89,G-56-4,0.448445
G-56,2885,CCEB,Nafisa Iqbal,Female,4.22,G-56-4,1.008144
G-56,3219,ADM,Aishwarya Rao,Female,4.04,G-56-4,1.087228
G-56,387,SSS,Olivia Bell,Female,4,G-56-4,1.127376
G-56,910,NIE,Jing Lin Tan,Male,4.2,G-56-4,1.407914
G-56,1014,EEE,Fay Wong,Female,4.08,G-56-5,0.927207
G-56,3064,SPMS,Nguyen Thi An,Female,4.06,G-56-5,1.047202
G-56,936,SoH,Jasmine Lee,Female,4,G-56-5,1.087376
G-56,3014,LKCMedicine,Wei Lin,Female,4.15,G-56-5,1.16748
G-56,2493,ASE,Rizal Bin Ibrahim,Male,4.05,G-56-5,1.407211
G-56,4963,CoB (NBS),Bushra Ali,Female,4.05,G-56-6,0.207211
G-56,803,EEE,Wen Lee Tan,Female,4.05,G-56-6,0.927211
G-56,1741,SPMS,Lydia Young,Female,4.12,G-56-6,1.047315
G-56,3872,CEE,Floyd Mendoza,Male,4.09,G-56-6,1.287222
G-56,1508,MAE,Yun Chen,Male,4.01,G-56-6,1.327327
G-56,4145,CoB (NBS),Sami Al-Mansoori,Male,4.08,G-56-7,0.447207
G-56,3938,CCEB,Qinwen,Female,4.1,G-56-7,1.007245
G-56,2489,ADM,Becky Adams,Female,4.03,G-56-7,1.087253
G-56,556,SBS,Nora Simmons,Female,4.01,G-56-7,1.127327
G-56,2726,CCDS,Derek Wong,Male,4.08,G-56-7,1.367207
G-56,1180,CoB (NBS),Karla Mendoza,Female,4.08,G-56-8,0.207207
G-56,4454,EEE,Fengyi,Female,4.05,G-56-8,0.927211
G-56,3753,CEE,Mei Xuan Lim,Female,4.1,G-56-8,1.047245
G-56,3305,CCEB,Krishna Kumar,Male,3.95,G-56-8,1.247742
G-56,3479,CoE,Darren Yeo,Male,4.12,G-56-8,1.327315
G-56,1832,CoB (NBS),Lai Thi Ngan,Female,3.92,G-56-9,0.208057
G-56,5949,EEE,Kylie Hughes,Female,3.89,G-56-9,0.928445
G-56,4491,SoH,Riya Iyer,Female,4.22,G-56-9,1.088144
G-56,2506,MAE,Jackson Carter,Male,4.08,G-56-9,1.327207
G-56,1263,SBS,Finn Tan,Male,4.18,G-56-9,1.367716
G-56,2123,CoB (NBS),Elsie Ward,Female,4.04,G-56-10,0.207228
G-56,5924,EEE,Ashley Castillo,Female,4.21,G-56-10,0.928025
G-56,710,CEE,Yasmine Price,Female,4.03,G-56-10,1.047253
G-56,3449,SPMS,Daniel Taylor,Male,4.14,G-56-10,1.287417
G-56,4570,CoE,Jasper Green,Male,3.86,G-56-10,1.328904
G-57,234,MAE,Asha Kakade,Female,4.08,G-57-1,0.924427
G-57,4950,CCEB,Aiko Yoshida,Female,3.94,G-57-1,1.004918
G-57,4915,EEE,Theo Santos,Male,4.09,G-57-1,1.124452
G-57,1258,CCDS,William Stewart,Male,4.11,G-57-1,1.164526
G-57,4395,MSE,Lina Zhou,Female,4.2,G-57-1,1.245255
G-57,5306,WKW SCI,Harsh Patel,Male,3.89,G-57-2,0.445473
G-57,5131,CCEB,Harper Robinson,Female,4.2,G-57-2,1.005255
G-57,4023,CCDS,Nina Ali,Female,4.22,G-57-2,1.005505
G-57,518,NIE,Meher Noor,Female,4.17,G-57-2,1.16494
G-57,2667,SoH,Jin Zhi Lim,Male,3.9,G-57-2,1.365346
G-57,2408,CoB (NBS),Leo Santos,Male,4.09,G-57-3,0.444452
G-57,2557,EEE,Elena Mikhailovna,Female,3.89,G-57-3,0.965473
G-57,420,CCEB,Liang Wei Tan,Female,4.2,G-57-3,1.005255
G-57,1755,CCDS,Saad Khan,Male,4.09,G-57-3,1.164452
G-57,646,SSS,Ananya Das,Female,4.08,G-57-3,1.244427
G-57,3940,MAE,Kaylee Turner,Female,4.02,G-57-4,0.924446
G-57,3459,CCEB,Lola Wu,Female,4.06,G-57-4,1.004402
G-57,1213,EEE,Noah Murphy,Male,4.15,G-57-4,1.12477
G-57,1467,CCDS,Oliver Wu,Male,4.17,G-57-4,1.16494
G-57,1920,NIE,Ashok Reddy,Male,3.95,G-57-4,1.324831
G-57,1647,MAE,Jenna Tan,Female,4.11,G-57-5,0.924526
G-57,4250,CCDS,Pooja Reddy,Female,4.02,G-57-5,1.004446
G-57,1703,EEE,Matthew Perez,Male,4.01,G-57-5,1.124477
G-57,157,SoH,Fatimah Omar,Female,4.03,G-57-5,1.204423
G-57,3106,SBS,Tobias Li,Male,4.12,G-57-5,1.364575
G-57,1110,CoB (NBS),Riya Nair,Female,4,G-57-6,0.284516
G-57,5391,EEE,Addison Cooper,Female,4.01,G-57-6,0.964477
G-57,922,MAE,Rajesh Sharma,Male,4.08,G-57-6,1.084427
G-57,5957,CCDS,Jude Ong,Male,4.12,G-57-6,1.164575
G-57,3929,ASE,Rhea Kaur,Female,4.06,G-57-6,1.244402
G-57,217,CoB (NBS),Grace Bell,Female,4.01,G-57-7,0.284477
G-57,3134,EEE,Soo-Yeon Park,Female,4.03,G-57-7,0.964423
G-57,1900,MAE,Riku Yamamoto,Male,4.15,G-57-7,1.08477
G-57,3486,CCDS,Soren Liu,Male,4.04,G-57-7,1.164408
G-57,4136,SPMS,Isha Kapoor,Female,4.02,G-57-7,1.244446
G-57,4171,MAE,Hannah Lee,Female,4.12,G-57-8,0.924575
G-57,1849,CCEB,Savannah Thompson,Female,4.02,G-57-8,1.004446
G-57,2568,EEE,Ethan Smith,Male,3.89,G-57-8,1.125473
G-57,5354,CoE,Maya Bansal,Female,4.02,G-57-8,1.204446
G-57,1208,CEE,Vivek Iyer,Male,4.09,G-57-8,1.404452
G-57,4948,MAE,Sofia Ng,Female,4.01,G-57-9,0.924477
G-57,1886,CCEB,Li Ming,Female,4.05,G-57-9,1.004401
G-57,1531,EEE,Grayson Lee,Male,4.01,G-57-9,1.124477
G-57,4730,CoE,Charlotte Chang,Female,4.04,G-57-9,1.204408
G-57,3896,NIE,Irfan Bin Zain,Male,4.02,G-57-9,1.324446
G-57,1772,MAE,Nina Zhang,Female,4.18,G-57-10,0.925037
G-57,4489,CCEB,Ritika Das,Female,4.03,G-57-10,1.004423
G-57,2016,MAE,Jaxon Hall,Male,3.9,G-57-10,1.085346
G-57,4936,SBS,Sadia Javed,Female,3.95,G-57-10,1.204831
G-57,1935,ADM,Yuri Viktorov,Male,4.05,G-57-10,1.404401
G-58,4468,EEE,Graham Tsang,Male,4.23,G-58-1,1.021811
G-58,3876,CEE,Shalini Reddy,Female,3.85,G-58-1,1.06383
G-58,5749,SSS,Charlotte Zhang,Female,4.15,G-58-1,1.141276
G-58,3483,SBS,Wei Li,Female,4.12,G-58-1,1.181207
G-58,939,SBS,Daniel Green,Male,4.52,G-58-1,1.348043
G-58,964,CoB (NBS),Kien Tran,Male,4.26,G-58-2,0.422144
G-58,5441,EEE,Grace Tan,Female,4.19,G-58-2,0.86148
G-58,3697,MAE,Yasmin Tan,Female,4.05,G-58-2,1.141327
G-58,3071,MSE,Lumina Tsai,Female,3.93,G-58-2,1.182445
G-58,661,SPMS,Riyaz Khan,Male,4.17,G-58-2,1.341362
G-58,3235,CoB (NBS),Timothy Reed,Male,4.19,G-58-3,0.42148
G-58,296,EEE,Shanaya Chan,Female,4.03,G-58-3,0.861433
G-58,4721,CCEB,Sarita Sharma,Female,4.2,G-58-3,1.10155
G-58,670,MSE,Saanvi Sharma,Female,4.01,G-58-3,1.181572
G-58,314,SoH,Chen Li,Male,4.15,G-58-3,1.301276
G-58,2095,CoB (NBS),Malcolm Yang,Male,4.11,G-58-4,0.421201
G-58,2267,EEE,Maya Bennett,Female,4.03,G-58-4,0.861433
G-58,3714,CCEB,Emily Davis,Female,4.16,G-58-4,1.101315
G-58,1727,SoH,Sari Ningsih,Female,4.25,G-58-4,1.142025
G-58,1128,MAE,Rohit Sharma,Male,4.01,G-58-4,1.301572
G-58,5021,CoB (NBS),Indah Tanjung,Female,4.1,G-58-5,0.261202
G-58,1024,EEE,Jayden Turner,Male,4.08,G-58-5,1.021228
G-58,2717,CoE,Kavya Iyer,Female,4.14,G-58-5,1.101245
G-58,4969,CEE,Alvin Tan,Male,4.18,G-58-5,1.221417
G-58,3653,CCDS,Scott Santos,Male,4.05,G-58-5,1.261327
G-58,152,CoB (NBS),Maya Khan,Female,4.05,G-58-6,0.261327
G-58,2406,EEE,Chase Rivera,Male,4.21,G-58-6,1.021629
G-58,95,CCEB,Abigail Rodriguez,Female,4.02,G-58-6,1.101499
G-58,5768,CEE,Binh Nguyen,Male,4.03,G-58-6,1.221433
G-58,2558,CoE,Matthew Thompson,Male,4.23,G-58-6,1.261811
G-58,1934,CoB (NBS),Mei Hwa,Female,3.95,G-58-7,0.262178
G-58,2532,EEE,Sami Khan,Male,3.93,G-58-7,1.022445
G-58,4623,CCDS,Uma Parker,Female,4.52,G-58-7,1.108043
G-58,4363,SSS,Reina Fujimoto,Female,4.19,G-58-7,1.14148
G-58,5530,CoE,Kiran Desai,Male,3.9,G-58-7,1.262904
G-58,1406,CoB (NBS),Meera Choudhury,Female,4.03,G-58-8,0.261433
G-58,1439,EEE,Ryan Zhao,Male,4.26,G-58-8,1.022144
G-58,1106,CCDS,Tina Yeo,Female,4.1,G-58-8,1.101202
G-58,3614,SSS,Ellie Sanchez,Female,4.01,G-58-8,1.141572
G-58,5096,CoE,Owais Tariq,Male,4.01,G-58-8,1.261572
G-58,4980,EEE,Haarika Reddy,Female,4.15,G-58-9,0.861276
G-58,1999,CEE,Erica Lim,Female,4.2,G-58-9,1.06155
G-58,4790,SoH,Yvette Chan,Female,4.1,G-58-9,1.141202
G-58,1735,SPMS,Lara Smith,Female,4.11,G-58-9,1.181201
G-58,2682,MAE,Eli Martinez,Male,3.85,G-58-9,1.30383
G-58,5967,CoB (NBS),Amina Khan,Female,4.03,G-58-10,0.261433
G-58,5584,EEE,Sable Lin,Female,4.15,G-58-10,0.861276
G-58,3785,CCEB,Amani Yusof,Female,4.02,G-58-10,1.101499
G-58,3827,CEE,Soren Liu,Male,4.01,G-58-10,1.221572
G-58,627,CCDS,Simon Tan,Male,4.1,G-58-10,1.261202
G-59,785,CoB (NBS),Safira Binti Aziz,Female,3.8,G-59-1,0.231012
G-59,201,WKW SCI,Rishi Sharma,Male,4.01,G-59-1,0.388166
G-59,2154,MAE,Lily Huang,Female,4.02,G-59-1,1.068118
G-59,709,EEE,Zhou Chen,Male,4.1,G-59-1,1.148026
G-59,41,LKCMedicine,Laras Wati,Female,4.73,G-59-1,1.205192
G-59,134,CoB (NBS),Chloe Evans,Female,4.25,G-59-2,0.229233
G-59,348,EEE,Madison Murphy,Female,3.86,G-59-2,0.989839
G-59,4925,SBS,Zhao Chen,Female,4.09,G-59-2,1.10801
G-59,5616,SPMS,Addison Clarke,Female,4.26,G-59-2,1.109378
G-59,4813,CEE,Aaron Wu,Male,4.02,G-59-2,1.268118
G-59,1739,CoB (NBS),Ximena Li,Female,4.05,G-59-3,0.228024
G-59,1740,WKW SCI,Nasir Ali,Male,4.21,G-59-3,0.388735
G-59,3535,SBS,Daisy Cheung,Female,3.96,G-59-3,1.108523
G-59,4455,EEE,Gunnar Yang,Male,4.02,G-59-3,1.148118
G-59,2183,SSS,Zachary Zhang,Male,4.19,G-59-3,1.268535
G-59,5951,CoB (NBS),Sara Yong,Female,4.05,G-59-4,0.228024
G-59,3912,CoB (NBS),Zane Patel,Male,4.19,G-59-4,0.388535
G-59,1575,MAE,Holly Cheung,Female,4,G-59-4,1.068221
G-59,1533,EEE,Sandeep Singh,Male,4.03,G-59-4,1.148079
G-59,3893,CEE,Tyler Johnson,Male,4.12,G-59-4,1.268083
G-59,4497,CoB (NBS),Jeremiah Green,Male,4.04,G-59-5,0.388047
G-59,3084,MAE,Kira Shimizu,Female,4.09,G-59-5,1.06801
G-59,1138,CCEB,Nia Tsai,Female,4.04,G-59-5,1.108047
G-59,867,SoH,Eka Ramadhan,Female,4.05,G-59-5,1.148024
G-59,1642,CoE,Brayden Young,Male,4.17,G-59-5,1.348366
G-59,3809,CoB (NBS),Lexi Zhao,Female,4.15,G-59-6,0.228229
G-59,5854,CoB (NBS),Dedy Kurniawan,Male,3.85,G-59-6,0.390014
G-59,2765,SSS,Ivy Thompson,Female,4.19,G-59-6,1.108535
G-59,3884,CCDS,Kang-Soo Lee,Male,4.11,G-59-6,1.188051
G-59,3374,CCEB,Naim Bin Mohamad,Male,4.05,G-59-6,1.268024
G-59,5997,CoB (NBS),Xiang Li,Female,4.2,G-59-7,0.228631
G-59,5630,EEE,Stella James,Female,4.01,G-59-7,0.988166
G-59,1763,CEE,Sofia Yang,Female,4.02,G-59-7,1.108118
G-59,4914,CCDS,Miles Lim,Male,4.06,G-59-7,1.188008
G-59,2892,SBS,Derek Scott,Male,4,G-59-7,1.268221
G-59,138,CoB (NBS),Alya Binti Rahim,Female,4.52,G-59-8,0.235942
G-59,557,CCDS,Nguyen Thi Mai,Female,3.9,G-59-8,1.029217
G-59,1559,SSS,Hui Ling,Female,3.92,G-59-8,1.108954
G-59,792,SoH,Opal Wang,Female,4,G-59-8,1.148221
G-59,4662,SPMS,Eli Carter,Male,3.95,G-59-8,1.268619
G-59,5552,CoB (NBS),Hina Malik,Female,4.06,G-59-9,0.228008
G-59,1334,CoB (NBS),Milo Cruz,Male,4.03,G-59-9,0.388079
G-59,2760,MAE,Bella Brooks,Female,4.02,G-59-9,1.068118
G-59,5320,EEE,Jasper Ortiz,Male,4.17,G-59-9,1.148366
G-59,4125,CCDS,Rizqi Bin Farhan,Male,4,G-59-9,1.188221
G-59,1833,CoB (NBS),Fiona Chang,Female,4.05,G-59-10,0.228024
G-59,985,CCDS,Alyssa Scott,Female,3.94,G-59-10,1.028723
G-59,4080,SPMS,Hannah Green,Female,4.08,G-59-10,1.108001
G-59,3678,CCEB,Valentina Mikhailova,Female,3.91,G-59-10,1.109081
G-59,4458,NIE,Axel Liu,Male,4.18,G-59-10,1.348446
G-60,652,CoB (NBS),Puti Rahayu,Female,4.2,G-60-1,0.266803
G-60,413,SSS,Pooja Bhatia,Female,4.01,G-60-1,1.106721
G-60,607,WKW SCI,Ren Tan,Male,4.14,G-60-1,0.346465
G-60,1335,SoH,Zhou Min,Male,4.01,G-60-1,1.186721
G-60,1931,CCEB,Haoran Wang,Male,4.14,G-60-1,1.266465
G-60,3741,SPMS,Arjun Kumar,Male,4.48,G-60-2,1.152188
G-60,4650,SSS,Vanessa Cabral,Female,4.09,G-60-2,1.106404
G-60,5803,CCDS,Diana Lewis,Female,3.86,G-60-2,1.108696
G-60,4441,SBS,Yoshiko Sakamoto,Female,4.14,G-60-2,1.186465
G-60,1742,CoE,Lucas Thompson,Male,4,G-60-2,1.306797
G-60,2020,CoB (NBS),Noel Wu,Male,4.08,G-60-3,0.346415
G-60,381,NIE,Chloe Huang,Female,3.97,G-60-3,1.107072
G-60,2072,EEE,Lina Chen,Female,4.18,G-60-3,1.106659
G-60,170,SoH,Liang Chen,Male,4.14,G-60-3,1.186465
G-60,5055,CCEB,Sung-Jin Kim,Male,4.18,G-60-3,1.266659
G-60,4285,CoB (NBS),Owen Wright,Male,4.12,G-60-4,0.346417
G-60,881,MAE,Tamara Tan,Female,4.09,G-60-4,1.106404
G-60,718,SoH,Heidi Tan,Female,4.19,G-60-4,1.106727
G-60,3684,SBS,Kiara Chen,Female,4.04,G-60-4,1.186542
G-60,1819,MSE,Pablo Reyes,Male,4.1,G-60-4,1.3064
G-60,3006,CoB (NBS),Ritika Iyer,Female,4.01,G-60-5,0.266721
G-60,2143,MAE,Fern Lim,Female,4.09,G-60-5,1.106404
G-60,4531,SPMS,Keng Jie Tan,Male,4.12,G-60-5,1.146417
G-60,2915,EEE,Aaron Hall,Male,4.12,G-60-5,1.186417
G-60,5964,ADM,Nora Jenkins,Female,4.19,G-60-5,1.226727
G-60,2834,WKW SCI,Eva Lee,Female,4.09,G-60-6,0.266404
G-60,2231,CoB (NBS),Umair Shah,Male,4.2,G-60-6,0.346803
G-60,3443,SoH,Elina Binti Mohd,Female,4.2,G-60-6,1.106803
G-60,2454,MAE,Boris Villanueva,Male,4.09,G-60-6,1.186404
G-60,2613,CCDS,Alexander Cox,Male,3.88,G-60-6,1.188329
G-60,5968,CoB (NBS),Sophia Tan,Female,4.18,G-60-7,0.266659
G-60,3931,EEE,Yvette Santos,Female,4.03,G-60-7,1.106594
G-60,2542,SPMS,Isaac Rodriguez,Male,4.12,G-60-7,1.146417
G-60,4011,NIE,Liam Reyes,Male,4.11,G-60-7,1.186404
G-60,4394,LKCMedicine,Linda Chen,Female,4.02,G-60-7,1.226653
G-60,5995,CoB (NBS),Nandita Roy,Female,4.17,G-60-8,0.266598
G-60,535,SPMS,Zhong Wei,Female,4.02,G-60-8,1.066653
G-60,2244,MAE,Juna Wang,Female,4.17,G-60-8,1.106598
G-60,4153,NIE,Zachary Chen,Male,4.05,G-60-8,1.186498
G-60,4411,CEE,Leonardus Budi,Male,4.05,G-60-8,1.266498
G-60,31,CoB (NBS),Cassidy Kim,Female,4.12,G-60-9,0.266417
G-60,4707,SPMS,Wang Li,Female,4.11,G-60-9,1.066404
G-60,358,SSS,Isabella Torres,Female,4.15,G-60-9,1.106502
G-60,1668,EEE,Rina Matsui,Male,4.16,G-60-9,1.186546
G-60,1073,CCDS,Carl Lee,Male,3.88,G-60-9,1.188329
G-60,1031,CoB (NBS),Nina Binti Omar,Female,3.9,G-60-10,0.267994
G-60,5524,CCDS,Nadia Binti Jamil,Female,4.1,G-60-10,1.1064
G-60,3980,SSS,Aria Liu,Female,4.09,G-60-10,1.106404
G-60,4161,NIE,Omer Qureshi,Male,4.22,G-60-10,1.18698
G-60,4486,CEE,Gage Yang,Male,4.18,G-60-10,1.266659
G-61,1261,CCDS,Sophia Patel,Female,4.01,G-61-1,0.941364
G-61,2272,EEE,Cathy Liu,Female,4.04,G-61-1,1.021246
G-61,1259,SoH,Shafina Binti Ahmad,Female,4.3,G-61-1,1.103243
G-61,3671,SPMS,Hui Ying,Female,3.95,G-61-1,1.181815
G-61,1456,SBS,Kumar Sundaram,Male,4.15,G-61-1,1.341431
G-61,3454,CCDS,Gita Tan,Female,4.02,G-61-2,0.941317
G-61,4665,MAE,Aina Binti Zain,Female,4.05,G-61-2,1.021223
G-61,987,SoH,Miyuki Ikeda,Female,4.19,G-61-2,1.101738
G-61,608,SBS,Cleo Tan,Female,4.01,G-61-2,1.181364
G-61,1055,LKCMedicine,Jacob Yang,Male,4.18,G-61-2,1.381649
G-61,5680,CoB (NBS),Quincy Li,Male,4.22,G-61-3,0.422053
G-61,5858,EEE,Dewi Tan,Female,4.05,G-61-3,1.021223
G-61,2879,SSS,Ananya Kapoor,Female,4.11,G-61-3,1.101252
G-61,5654,CCEB,Siti Aisha,Female,4.14,G-61-3,1.141374
G-61,5228,CEE,Teddy Kurniawan,Male,3.9,G-61-3,1.262411
G-61,4877,CCDS,Hazel Goh,Female,4.1,G-61-4,0.941227
G-61,2488,MAE,Aifen,Female,4.05,G-61-4,1.021223
G-61,1536,CCDS,Quang Tran,Male,4.08,G-61-4,1.101201
G-61,355,EEE,Zhang Ming,Male,4.14,G-61-4,1.181374
G-61,1194,CoE,Karan Joshi,Male,4.02,G-61-4,1.301317
G-61,728,CoB (NBS),Elijah Murphy,Male,4.03,G-61-5,0.421277
G-61,2831,MAE,Sushma Rao,Female,4.06,G-61-5,1.021208
G-61,5583,SoH,Zhenyu,Female,4.15,G-61-5,1.101431
G-61,3263,EEE,Jun Chen,Male,4.12,G-61-5,1.181285
G-61,5362,CEE,Pandu Rahmat,Male,4,G-61-5,1.261419
G-61,4433,CoB (NBS),Wilfredo Salazar,Male,4.03,G-61-6,0.421277
G-61,521,MAE,Leila Wong,Female,3.97,G-61-6,1.021633
G-61,5259,CCDS,Isaac Martinez,Male,4.03,G-61-6,1.101277
G-61,3160,CCEB,Tanya Nair,Female,4.04,G-61-6,1.141246
G-61,4592,SoH,Parker Li,Male,4.27,G-61-6,1.262737
G-61,2722,CoB (NBS),James Thompson,Male,4.3,G-61-7,0.423243
G-61,3950,EEE,Sana Javed,Female,4.02,G-61-7,1.021317
G-61,3890,SSS,Marta Sihombing,Female,3.95,G-61-7,1.101815
G-61,5245,CCEB,Chloe Martinez,Female,3.87,G-61-7,1.142865
G-61,4533,CoE,Jayden Chen,Male,4.2,G-61-7,1.301835
G-61,4968,CoB (NBS),Vanessa Lim,Female,3.9,G-61-8,0.262411
G-61,5833,MAE,Mikayla Murphy,Female,4.2,G-61-8,1.021835
G-61,2328,CCDS,Tristan Harris,Male,4.14,G-61-8,1.101374
G-61,5240,EEE,Kazuki Watanabe,Male,4.09,G-61-8,1.18121
G-61,46,CEE,Harsh Sharma,Male,4,G-61-8,1.261419
G-61,5911,CCDS,Bunga Sari,Female,4.25,G-61-9,0.942439
G-61,3123,SSS,Isabella Martinez,Female,4.07,G-61-9,1.101201
G-61,352,CoE,Yasmin Naeem,Female,4.08,G-61-9,1.141201
G-61,5591,SPMS,Samantha Ramos,Female,3.93,G-61-9,1.182029
G-61,5264,NIE,Karan Kapoor,Male,4,G-61-9,1.381419
G-61,5383,CoB (NBS),Hannah Patel,Female,4.19,G-61-10,0.261738
G-61,3918,CCDS,Erqi,Female,4.3,G-61-10,0.943243
G-61,5651,CEE,Ella Garcia,Female,3.92,G-61-10,1.102149
G-61,965,MAE,Paul Allen,Male,4.03,G-61-10,1.181277
G-61,1438,SSS,Quang Tran,Male,3.85,G-61-10,1.263207
G-62,3806,CoB (NBS),Harvey Wu,Male,4.26,G-62-1,0.33314
G-62,3094,EEE,Christian Liu,Male,4.05,G-62-1,1.011608
G-62,900,SPMS,Owais Hussain,Male,3.93,G-62-1,1.172316
G-62,2554,SoH,Zainab Binti Jamal,Female,4.2,G-62-1,1.212342
G-62,889,ASE,Nikolai Alvarado,Male,4.18,G-62-1,1.29214
G-62,5481,WKW SCI,Tyler Adams,Male,3.89,G-62-2,0.332808
G-62,3125,CCDS,Carter Edwards,Male,4.16,G-62-2,0.97197
G-62,1558,SPMS,Jaxon Wood,Male,4.22,G-62-2,1.172576
G-62,1489,SoH,Savannah Chen,Female,4.15,G-62-2,1.211897
G-62,2093,LKCMedicine,Clara Murphy,Female,4.12,G-62-2,1.291726
G-62,3230,CoB (NBS),Kangming,Female,4.2,G-62-3,0.332342
G-62,4222,CCDS,Usman Rehman,Male,3.92,G-62-3,0.972427
G-62,5575,SPMS,Hannah Rodriguez,Female,4.01,G-62-3,1.171716
G-62,5425,CCEB,Nate Chan,Male,4.2,G-62-3,1.212342
G-62,3015,ADM,Aria Nair,Female,4.02,G-62-3,1.291677
G-62,1822,CoB (NBS),Andrei Sokolov,Male,4.08,G-62-4,0.33161
G-62,1046,CCDS,Ava Allen,Female,4.14,G-62-4,0.971832
G-62,758,EEE,Kaden White,Male,3.95,G-62-4,1.012118
G-62,5907,CCEB,Zhihao,Female,4.05,G-62-4,1.211608
G-62,1804,MSE,Sebastian Mitchell,Male,4.11,G-62-4,1.251685
G-62,3613,CoB (NBS),Xena Nelson,Female,4.08,G-62-5,0.33161
G-62,2338,CCDS,Hunter Carter,Male,4.04,G-62-5,0.971623
G-62,643,EEE,Lenora Chang,Female,4.09,G-62-5,1.011627
G-62,3346,SoH,Nishant Kapoor,Male,4.03,G-62-5,1.211646
G-62,5464,MAE,Miranda Wu,Female,4.04,G-62-5,1.251623
G-62,3560,WKW SCI,Ethan Martinez,Male,4.2,G-62-6,0.332342
G-62,363,CCDS,Maya Binti Rahman,Female,4.2,G-62-6,0.972342
G-62,3619,EEE,Jack Nelson,Male,3.94,G-62-6,1.012213
G-62,4861,SBS,Jasmine Lim,Female,3.92,G-62-6,1.212427
G-62,2232,CEE,Rashmika Jain,Female,4.02,G-62-6,1.291677
G-62,3163,CoB (NBS),Anya Wong,Female,4.01,G-62-7,0.331716
G-62,3883,CCDS,Sultan Bin Rahman,Male,4.1,G-62-7,0.971652
G-62,3781,EEE,Oliver Lim,Male,4.14,G-62-7,1.011832
G-62,2436,CCEB,Shalina Lee,Female,4,G-62-7,1.211763
G-62,3718,SSS,Pooja Agarwal,Female,4.01,G-62-7,1.251716
G-62,329,CoB (NBS),Tariq Iqbal,Male,4.06,G-62-8,0.331601
G-62,4088,CCDS,Mira Tan,Female,4.08,G-62-8,0.97161
G-62,5629,EEE,Hazel Chen,Female,4.03,G-62-8,1.011646
G-62,2051,SPMS,Carter Brown,Male,3.86,G-62-8,1.173261
G-62,3326,SSS,Nia Lee,Female,4.21,G-62-8,1.252455
G-62,3808,CoB (NBS),Karishma Shah,Female,3.95,G-62-9,0.332118
G-62,1299,CCDS,George So,Male,4.17,G-62-9,0.972051
G-62,2205,EEE,Zeke Yang,Male,4,G-62-9,1.011763
G-62,3646,SBS,Miho Sato,Female,4.15,G-62-9,1.211897
G-62,148,MAE,Saanvi Iyer,Female,3.9,G-62-9,1.252673
G-62,3062,CoB (NBS),Saanvi Gupta,Female,4.16,G-62-10,0.33197
G-62,3201,CCDS,Kamal Ahmed,Male,3.95,G-62-10,0.972118
G-62,3035,EEE,Yumiko Takeda,Female,4.01,G-62-10,1.011716
G-62,4699,SBS,Harrison Torres,Male,4.09,G-62-10,1.211627
G-62,4494,MSE,Hiroki Fujimoto,Male,3.91,G-62-10,1.252546
G-63,1528,WKW SCI,Ethan Johnson,Male,4.3,G-63-1,0.334393
G-63,5893,CCDS,Sophia Scott,Female,4.18,G-63-1,1.012826
G-63,4619,EEE,Sung-Jo Lee,Male,4.01,G-63-1,1.172578
G-63,199,CCEB,Devika Nair,Female,4.25,G-63-1,1.1736
G-63,5348,CoE,Nikolai Semyonov,Male,4.03,G-63-1,1.252488
G-63,4203,CoB (NBS),Zhou Min,Female,4.2,G-63-2,0.333007
G-63,154,MAE,Benedict Cruz,Male,4,G-63-2,1.052636
G-63,2950,SoH,Nikita Patel,Female,4.03,G-63-2,1.172488
G-63,264,CCEB,Rhett Chen,Male,4.22,G-63-2,1.17322
G-63,3946,SBS,Dimas Santoso,Male,4.01,G-63-2,1.252578
G-63,1098,CCDS,Emma Li,Female,4.03,G-63-3,1.012488
G-63,2709,MAE,Zachary Young,Male,4.12,G-63-3,1.052475
G-63,3733,EEE,Demi Lee,Female,4.06,G-63-3,1.172411
G-63,5944,CEE,Hikaru Sato,Male,4.13,G-63-3,1.212513
G-63,1137,ASE,Qiming,Male,4.05,G-63-3,1.292429
G-63,1671,CoB (NBS),Megan Wright,Female,4.1,G-63-4,0.332422
G-63,5848,CCDS,Chao Wang,Male,4.01,G-63-4,1.012578
G-63,3306,MAE,Kiran Khanna,Female,3.85,G-63-4,1.054458
G-63,1963,SoH,Elvin Wong,Male,4.22,G-63-4,1.17322
G-63,2870,SPMS,Tomoko Sato,Female,4.19,G-63-4,1.212913
G-63,5225,CCDS,Aasiyah Khan,Female,4.09,G-63-5,1.012407
G-63,2861,MAE,Ethan Wong,Male,4.08,G-63-5,1.0524
G-63,5600,SoH,Anjali Bhatia,Female,4.06,G-63-5,1.172411
G-63,633,SPMS,Shahbaz Malik,Male,4.06,G-63-5,1.212411
G-63,4064,CoE,Chandni Sethi,Female,4.06,G-63-5,1.252411
G-63,3186,WKW SCI,Saqib Khan,Male,4.15,G-63-6,0.332614
G-63,4465,CCDS,Dingming,Female,4,G-63-6,1.012636
G-63,291,EEE,Le Minh Tuan,Male,4.09,G-63-6,1.172407
G-63,4205,SSS,Wenyi,Female,4.15,G-63-6,1.172614
G-63,2268,SPMS,Leila Tan,Female,3.95,G-63-6,1.213043
G-63,4544,CCDS,Naresh Kumar,Male,4.05,G-63-7,1.012429
G-63,2662,MAE,Ariana Liu,Female,4.09,G-63-7,1.052407
G-63,5538,CCEB,Vishnu Rao,Male,4.07,G-63-7,1.172402
G-63,856,EEE,Sita Rahman,Female,4.22,G-63-7,1.17322
G-63,2606,MSE,Chloe Tam,Female,3.88,G-63-7,1.293949
G-63,3271,CoB (NBS),Lina Wong,Female,3.85,G-63-8,0.334458
G-63,748,MAE,Mason Reed,Male,4.21,G-63-8,1.05311
G-63,4347,SSS,Neelam Singh,Female,4.1,G-63-8,1.172422
G-63,5007,SoH,Rei Takahashi,Male,3.94,G-63-8,1.173149
G-63,1680,SBS,Glenn Lim,Male,4.2,G-63-8,1.253007
G-63,389,WKW SCI,Sung-Jin Lee,Male,4,G-63-9,0.332636
G-63,3758,CCDS,Laila Binti Rahim,Female,4.15,G-63-9,1.012614
G-63,3719,CCEB,Isaiah Patel,Male,4.07,G-63-9,1.172402
G-63,606,SSS,Lily Carter,Female,4.17,G-63-9,1.172747
G-63,4415,CEE,Zhou Li,Male,3.9,G-63-9,1.21365
G-63,915,CCDS,Jett Li,Male,4.02,G-63-10,1.012529
G-63,295,MAE,Nina Kelly,Female,4.03,G-63-10,1.052488
G-63,483,SSS,Nathan Lee,Male,4.05,G-63-10,1.172429
G-63,4735,CEE,Jacob Lin,Female,4.06,G-63-10,1.212411
G-63,1215,LKCMedicine,Feng Qian,Female,4.1,G-63-10,1.292422
G-64,4226,CoB (NBS),Ethan Moore,Male,4.19,G-64-1,0.311152
G-64,4583,EEE,Xiaoling Zhou,Female,4.03,G-64-1,0.950975
G-64,3881,SoH,Leo Xu,Male,4.14,G-64-1,1.150877
G-64,5619,CCDS,Diana Tan,Female,4.01,G-64-1,1.191097
G-64,3359,CEE,Tyler Price,Male,4.17,G-64-1,1.231018
G-64,2059,CoB (NBS),Ningqi,Male,4.2,G-64-2,0.311231
G-64,3058,EEE,Layla Khan,Female,4.26,G-64-2,0.951873
G-64,4034,CCDS,Gage Wright,Male,3.87,G-64-2,1.152847
G-64,5404,MAE,Ava Li,Female,4.01,G-64-2,1.191097
G-64,5779,SSS,Evelyn Collins,Female,4.18,G-64-2,1.231081
G-64,3544,WKW SCI,Simran Bhatia,Female,4.27,G-64-3,0.352008
G-64,3977,EEE,Zane Wu,Male,4.09,G-64-3,0.910802
G-64,2585,SoH,Bethany Wang,Female,4.11,G-64-3,1.190808
G-64,2544,CoE,Dong-Soo Lee,Male,4.2,G-64-3,1.191231
G-64,2399,ADM,Chaya Desai,Female,3.85,G-64-3,1.313225
G-64,2461,CoB (NBS),Hoa Tran,Female,4.25,G-64-4,0.351746
G-64,1244,EEE,Kain Yang,Male,4.09,G-64-4,0.910802
G-64,841,CCEB,Cherie Wong,Female,4.1,G-64-4,1.190801
G-64,332,SPMS,Daniel Robinson,Male,4.2,G-64-4,1.191231
G-64,2948,SBS,Mira Binti Bakar,Female,3.85,G-64-4,1.273225
G-64,3378,CoB (NBS),Zara Dwi,Female,4,G-64-5,0.35117
G-64,5832,EEE,Logan Rivera,Male,4.14,G-64-5,0.910877
G-64,4582,MAE,Brendan Reyes,Male,4.15,G-64-5,1.150916
G-64,4141,SSS,Kamran Shah,Male,4.14,G-64-5,1.190877
G-64,5117,SPMS,Emily Thompson,Female,4.05,G-64-5,1.230885
G-64,523,WKW SCI,Bobby Yip,Male,4.09,G-64-6,0.310802
G-64,794,EEE,Dina Sari,Female,4.15,G-64-6,0.950916
G-64,4501,CCDS,Elias Bennett,Male,4.03,G-64-6,1.150975
G-64,3877,CCEB,Leila Dela Cruz,Female,4.06,G-64-6,1.190852
G-64,4823,CEE,Jacob Bennett,Male,4.14,G-64-6,1.230877
G-64,530,EEE,Hiroki Tanaka,Male,4.1,G-64-7,0.910801
G-64,926,SoH,Khairul Bin Ali,Male,3.9,G-64-7,1.15234
G-64,3784,MAE,Ranya Ibrahim,Female,4.12,G-64-7,1.190823
G-64,2179,CoE,Faisal Naeem,Male,4.23,G-64-7,1.191516
G-64,4697,NIE,Talia Chen,Female,4.12,G-64-7,1.310823
G-64,4554,WKW SCI,Andrei Konstantinov,Male,4.05,G-64-8,0.310885
G-64,3322,EEE,Sara Martin,Female,4.19,G-64-8,0.951152
G-64,2598,MAE,Daniel Green,Male,4.11,G-64-8,1.150808
G-64,5961,CCEB,Uy Nguyen,Female,4.01,G-64-8,1.191097
G-64,3666,CoE,Lina Rahmawati,Female,4.1,G-64-8,1.230801
G-64,3464,CoB (NBS),Chen Yi,Male,4.05,G-64-9,0.310885
G-64,873,EEE,Renee Tan,Female,4.22,G-64-9,0.951413
G-64,4233,CCDS,Sandi Prasetyo,Male,4.1,G-64-9,1.150801
G-64,3894,SoH,Scarlett Young,Female,3.88,G-64-9,1.19267
G-64,2688,SBS,Kenneth Tan,Male,4.19,G-64-9,1.231152
G-64,4957,CoB (NBS),Syahrul Bin Mohd,Male,3.85,G-64-10,0.313225
G-64,616,EEE,Ravi Yadav,Male,4.2,G-64-10,0.911231
G-64,5929,CCEB,Mi-Ra Kim,Female,4.12,G-64-10,1.190823
G-64,1026,SPMS,Farooq Khan,Male,4.22,G-64-10,1.191413
G-64,5758,SSS,Chloe Lim,Female,4.03,G-64-10,1.230975
G-65,3426,CoB (NBS),Sushmita Sharma,Female,4.22,G-65-1,0.275459
G-65,4375,CCEB,Naomi Cheung,Female,4.06,G-65-1,1.07484
G-65,784,EEE,Aria Carter,Female,4,G-65-1,1.115136
G-65,5852,SBS,Kevin Patel,Male,4.04,G-65-1,1.234907
G-65,1666,NIE,Wyatt Thompson,Male,4.26,G-65-1,1.275934
G-65,359,CoB (NBS),Phuc Tran,Female,4.2,G-65-2,0.27527
G-65,3513,MAE,Nikita Sinha,Female,4.03,G-65-2,1.074952
G-65,3060,CCDS,Jing Chen,Male,3.97,G-65-2,1.075391
G-65,4049,EEE,William Yang,Male,4.14,G-65-2,1.234894
G-65,1291,CoE,Khanh Le,Male,4.2,G-65-2,1.27527
G-65,211,CoB (NBS),Elle Li,Female,4.03,G-65-3,0.274952
G-65,5459,CCDS,Kai Zhang,Male,4.04,G-65-3,1.074907
G-65,2234,SSS,Elena Chua,Female,4.22,G-65-3,1.115459
G-65,468,EEE,Harith Bin Rahman,Male,4.05,G-65-3,1.234869
G-65,5871,LKCMedicine,Joshua Wang,Male,4.18,G-65-3,1.275113
G-65,1072,CCDS,Naya Tan,Female,3.92,G-65-4,0.955978
G-65,4120,CCEB,Ika Binti Zain,Female,4.2,G-65-4,1.07527
G-65,2082,SSS,Grace Yang,Female,4.12,G-65-4,1.114832
G-65,3644,LKCMedicine,Mira Binti Ali,Female,4.1,G-65-4,1.154803
G-65,59,SoH,Zheng Rui,Male,4.18,G-65-4,1.315113
G-65,3393,CCDS,Sonia Ong,Female,4.15,G-65-5,0.954936
G-65,538,MAE,Diana Yeo,Female,4.09,G-65-5,1.0748
G-65,14,SBS,Tanisha Desai,Female,4.03,G-65-5,1.114952
G-65,1037,CoE,Yuuta Nakamura,Male,4.12,G-65-5,1.274832
G-65,4478,SoH,Jin Wei Tan,Male,4.1,G-65-5,1.314803
G-65,5139,CoB (NBS),Isabel Wong,Female,4.08,G-65-6,0.274805
G-65,2929,CCDS,Orion Setiawan,Male,4.05,G-65-6,1.074869
G-65,4532,SSS,Leila Iyer,Female,4.14,G-65-6,1.114894
G-65,5388,MAE,Adam Cooper,Male,4.17,G-65-6,1.195046
G-65,1374,SPMS,Ravi Kiran,Male,4.03,G-65-6,1.274952
G-65,5782,CoB (NBS),Akiko Matsuda,Female,4.03,G-65-7,0.274952
G-65,2866,CCDS,Owen Chan,Male,4.18,G-65-7,1.075113
G-65,5134,SSS,Alice Wall,Female,4.06,G-65-7,1.11484
G-65,5916,CCEB,Toni Susanto,Male,4.2,G-65-7,1.19527
G-65,2925,LKCMedicine,Izzat Bin Mohd,Male,4,G-65-7,1.275136
G-65,271,CCDS,Nadine Lee,Female,4.22,G-65-8,0.955459
G-65,5049,MAE,Prisha Ong,Female,4.15,G-65-8,1.074936
G-65,2762,EEE,Vivi Anggraini,Female,4.1,G-65-8,1.114803
G-65,21,SPMS,David Smith,Male,4.05,G-65-8,1.274869
G-65,3746,NIE,Evan Lewis,Male,3.86,G-65-8,1.276946
G-65,1035,CCEB,Nandini Rao,Female,4.18,G-65-9,1.075113
G-65,2510,MAE,Xena Santos,Female,4.19,G-65-9,1.075187
G-65,3458,SBS,Nguyen Van Thanh,Female,4.11,G-65-9,1.114814
G-65,708,CoE,Sophie Wright,Female,4.03,G-65-9,1.154952
G-65,2527,CEE,Kiran Malhotra,Male,3.8,G-65-9,1.358201
G-65,5602,CCDS,Asad Bukhari,Female,4.04,G-65-10,0.954907
G-65,2953,CCEB,Shivani Tan,Female,4.15,G-65-10,1.074936
G-65,2678,SBS,Areeba Noor,Female,4.09,G-65-10,1.1148
G-65,3587,SPMS,Benjamin Hernandez,Male,4.12,G-65-10,1.274832
G-65,4169,NIE,Ilya Semyonov,Male,3.9,G-65-10,1.276268
G-66,4498,CoB (NBS),Rhea Iyer,Female,4.22,G-66-1,0.327298
G-66,575,EEE,Devon Tan,Male,4.25,G-66-1,1.047602
G-66,957,SBS,Zhihao,Male,4.15,G-66-1,1.166869
G-66,1696,ASE,Jason Martin,Male,4.15,G-66-1,1.206869
G-66,1977,LKCMedicine,Kaira Ong,Female,3.88,G-66-1,1.288887
G-66,720,CoB (NBS),Hannah Wu,Female,4.22,G-66-2,0.327298
G-66,5384,EEE,Yale Cruz,Male,3.91,G-66-2,1.048375
G-66,220,CEE,Joseph Lee,Male,4.22,G-66-2,1.167298
G-66,4903,CoE,Samit Kumar,Male,4.15,G-66-2,1.206869
G-66,761,SoH,Clara Lim,Female,4.14,G-66-2,1.28684
G-66,425,CoB (NBS),Aarav Patil,Male,3.85,G-66-3,0.289471
G-66,207,MAE,Sabrina Lin,Female,4.1,G-66-3,1.086803
G-66,97,SPMS,Zheng Hao Tan,Male,4,G-66-3,1.12727
G-66,315,SBS,Tina Lim,Female,4.21,G-66-3,1.207213
G-66,820,ASE,Zhihao,Male,4.48,G-66-3,1.212323
G-66,3202,CoB (NBS),Ritika Suresh,Female,4.2,G-66-4,0.327136
G-66,2580,MAE,Jing Mei,Male,4.04,G-66-4,1.046987
G-66,3566,SPMS,Kajal Kaur,Female,4.12,G-66-4,1.166805
G-66,4192,CCEB,Lachlan Zhao,Male,4.09,G-66-4,1.206814
G-66,3445,NIE,Vera Lim,Female,4.19,G-66-4,1.247066
G-66,5868,CoB (NBS),Saira Khan,Female,4.09,G-66-5,0.326814
G-66,3701,EEE,Arjun Mehta,Male,4.21,G-66-5,1.047213
G-66,4550,CEE,Dustin Chen,Male,4.06,G-66-5,1.166894
G-66,5330,SSS,Ying Yue,Female,4.17,G-66-5,1.206952
G-66,2156,MSE,Ellie Russell,Female,4.08,G-66-5,1.246832
G-66,1226,CoB (NBS),Andrew Phillips,Male,4.15,G-66-6,0.286869
G-66,4331,CoB (NBS),Pallavi Joshi,Female,4.25,G-66-6,0.327602
G-66,3947,MAE,Yuki Yamamoto,Female,3.92,G-66-6,1.08822
G-66,246,CEE,Caiyun,Male,4.25,G-66-6,1.167602
G-66,843,CCEB,Khalifah Binti Abd,Male,4,G-66-6,1.20727
G-66,906,CoB (NBS),Violet Tsai,Female,4.1,G-66-7,0.326803
G-66,4648,EEE,Oliver Thomas,Male,4.15,G-66-7,1.046869
G-66,11,MAE,Fiona Tsai,Female,4.14,G-66-7,1.08684
G-66,4701,CCDS,Kong Ming,Male,4.02,G-66-7,1.207113
G-66,2779,MSE,Chloe Ong,Female,4.09,G-66-7,1.246814
G-66,382,CoB (NBS),Tao Ming,Male,4.22,G-66-8,0.287298
G-66,5078,MAE,Maya Lopez,Female,4.11,G-66-8,1.0868
G-66,5932,SPMS,Alvin Lee,Male,4.15,G-66-8,1.126869
G-66,4598,SSS,Nisha Joshi,Female,4.08,G-66-8,1.206832
G-66,997,SBS,Jasmine Ali,Female,3.9,G-66-8,1.208537
G-66,4645,CoB (NBS),Xiu Chen,Female,4.1,G-66-9,0.326803
G-66,272,EEE,James Li,Male,4.19,G-66-9,1.047066
G-66,5527,SPMS,Carlos Martinez,Male,4.15,G-66-9,1.126869
G-66,2149,SSS,Ella Tsai,Female,4.03,G-66-9,1.207046
G-66,287,CCDS,Daniel Kim,Male,3.89,G-66-9,1.208708
G-66,1090,WKW SCI,Syed Bilal Bin Rahman,Male,4.15,G-66-10,0.286869
G-66,2584,MAE,Lina Yeo,Female,4.09,G-66-10,1.086814
G-66,4021,EEE,Zoe Yip,Female,4,G-66-10,1.08727
G-66,4779,NIE,Cameron Hall,Male,4.21,G-66-10,1.207213
G-66,3009,CoE,In-Ho Kim,Male,3.9,G-66-10,1.208537
G-67,5283,CoB (NBS),Disha Nair,Female,4.01,G-67-1,0.25465
G-67,5717,CCDS,Ava Chan,Female,4.22,G-67-1,0.935086
G-67,5253,SSS,Janelle Pineda,Female,4.02,G-67-1,1.13459
G-67,5272,SPMS,Umara Rahmadani,Female,4.15,G-67-1,1.174549
G-67,1321,CEE,Zane Lee,Male,4.19,G-67-1,1.254808
G-67,852,CoB (NBS),Justin Li,Male,4.2,G-67-2,0.374893
G-67,249,EEE,Remy Mendoza,Female,4.14,G-67-2,1.094504
G-67,5252,NIE,Natsumi Yamamoto,Female,4.01,G-67-2,1.17465
G-67,2393,MSE,Zoe Leung,Female,4.12,G-67-2,1.214438
G-67,1792,LKCMedicine,Hugo Wang,Male,4.1,G-67-2,1.334405
G-67,5509,CoB (NBS),Sameer Khan,Male,4.01,G-67-3,0.37465
G-67,3038,CCDS,Lian Huang,Female,3.95,G-67-3,0.935173
G-67,2219,CoE,Olivia Lee,Female,4.12,G-67-3,1.134438
G-67,1364,MAE,Zara Santos,Female,4.25,G-67-3,1.175437
G-67,4275,SBS,Julian Carter,Male,4.22,G-67-3,1.255086
G-67,2285,CoB (NBS),Oliver Huang,Male,4.08,G-67-4,0.374403
G-67,1660,CCDS,Kieu Nguyen,Female,4.01,G-67-4,0.93465
G-67,2291,SoH,Aria Wu,Female,4.18,G-67-4,1.134731
G-67,4681,MAE,Jaya Singh,Female,4.01,G-67-4,1.17465
G-67,2311,CEE,Ethan Taylor,Male,4.21,G-67-4,1.254986
G-67,3966,WKW SCI,Owen Hall,Male,4.22,G-67-5,0.375086
G-67,2521,EEE,Anastasia Smirnova,Female,4.09,G-67-5,1.0944
G-67,5878,SSS,Olivia Kim,Female,4.09,G-67-5,1.1344
G-67,5764,CCEB,Rina Lestari,Female,4,G-67-5,1.174717
G-67,453,NIE,Dylan Liu,Male,4.09,G-67-5,1.2944
G-67,2889,CoB (NBS),Peyton Chang,Female,4.09,G-67-6,0.2544
G-67,3350,CCDS,Jerome Tan,Male,4.18,G-67-6,1.054731
G-67,2305,EEE,Umme Aiman,Female,4,G-67-6,1.094717
G-67,1023,ASE,Peishan,Male,4.1,G-67-6,1.254405
G-67,571,SoH,Paul Chan,Male,4.06,G-67-6,1.254434
G-67,1459,CoB (NBS),Sanya Gupta,Female,4.12,G-67-7,0.254438
G-67,5778,CCDS,Bingli,Male,4.2,G-67-7,1.054893
G-67,716,SoH,Sanya Maheshwari,Female,4,G-67-7,1.134717
G-67,393,EEE,Yuki Takahashi,Male,4.06,G-67-7,1.214434
G-67,5454,SBS,Leo Huang,Male,4.04,G-67-7,1.254496
G-67,3153,WKW SCI,Xue Ying,Male,4.17,G-67-8,0.374662
G-67,4916,CCDS,Kah Ying,Female,3.88,G-67-8,0.936147
G-67,2314,CEE,Emery Rice,Female,4.12,G-67-8,1.134438
G-67,1729,CCEB,Lila Young,Female,4.01,G-67-8,1.17465
G-67,5973,CoE,Dev Raj,Male,4.23,G-67-8,1.255195
G-67,4818,CoB (NBS),Vika Rahmadani,Female,4.15,G-67-9,0.254549
G-67,4473,CCDS,Jett Brown,Male,4.2,G-67-9,1.054893
G-67,549,SSS,Ayesha Malik,Female,4,G-67-9,1.134717
G-67,4628,ASE,Eli Chen,Male,4.06,G-67-9,1.254434
G-67,2947,CoE,Rahul Gupta,Male,3.9,G-67-9,1.255829
G-67,4977,CoB (NBS),Alexander Adams,Male,4.23,G-67-10,0.375195
G-67,3570,CCDS,Addison Bell,Female,3.85,G-67-10,0.936685
G-67,2297,SBS,Isabella Hernandez,Female,4.1,G-67-10,1.134405
G-67,1871,SPMS,Cynthia Lee,Female,4.16,G-67-10,1.174602
G-67,227,ASE,Akira Matsuda,Male,3.85,G-67-10,1.256685
G-68,5976,CoB (NBS),Xiuqin,Female,4.05,G-68-1,0.299629
G-68,2624,EEE,Hunter Yang,Male,4.08,G-68-1,1.0196
G-68,451,SBS,Mabel Wang,Female,4.02,G-68-1,1.01973
G-68,139,CCDS,Rahul Mehta,Male,4.04,G-68-1,1.139655
G-68,3512,NIE,Sadie Rivera,Female,4.52,G-68-1,1.22745
G-68,4276,CoB (NBS),Leona Chua,Female,4.05,G-68-2,0.299629
G-68,918,EEE,Leo Kelly,Male,4.1,G-68-2,1.019621
G-68,4613,SBS,Valerie Tan,Female,3.95,G-68-2,1.020245
G-68,1084,CCDS,Adrian Liu,Male,4.22,G-68-2,1.140418
G-68,4314,SPMS,Nora Parker,Female,4.18,G-68-2,1.220024
G-68,3349,WKW SCI,Lin Chen,Female,4.1,G-68-3,0.299621
G-68,2643,EEE,Maddox Torres,Male,4.03,G-68-3,1.019688
G-68,3755,CCDS,Jennifer Tan,Female,4.2,G-68-3,1.020205
G-68,1457,SBS,Samuel Torres,Male,4.03,G-68-3,1.139688
G-68,2530,NIE,Sophie Turner,Female,4.12,G-68-3,1.219674
G-68,1050,CoB (NBS),Yong Zhang,Male,4.03,G-68-4,0.419688
G-68,1918,CCDS,Sanya Malik,Female,4.18,G-68-4,1.020024
G-68,5415,EEE,Matthew Hall,Male,4.19,G-68-4,1.020111
G-68,2996,SSS,Aditi Kapoor,Female,4,G-68-4,1.139837
G-68,1576,SPMS,Riley Adams,Male,4,G-68-4,1.339837
G-68,858,EEE,Naomi Ueno,Female,4.22,G-68-5,0.900418
G-68,3762,SBS,Maya Ramirez,Female,4.01,G-68-5,1.01978
G-68,4557,MAE,Sana Mehta,Female,4.11,G-68-5,1.059644
G-68,2464,MAE,Jayden Lee,Male,4.02,G-68-5,1.17973
G-68,83,MSE,Knox Yang,Male,4.03,G-68-5,1.379688
G-68,120,EEE,Fatimah Binti Ali,Female,3.88,G-68-6,0.901152
G-68,2435,SBS,Luna Rivera,Female,4.19,G-68-6,1.020111
G-68,4695,MAE,Mia Lewis,Female,4.13,G-68-6,1.059712
G-68,630,SSS,Luna Long,Female,4.03,G-68-6,1.139688
G-68,5572,LKCMedicine,Levi Li,Male,4.14,G-68-6,1.379759
G-68,1393,CoB (NBS),Ursula Wong,Female,4.14,G-68-7,0.299759
G-68,1743,EEE,Aiden Thompson,Male,4.16,G-68-7,1.019876
G-68,2513,MAE,Laura Garcia,Female,3.85,G-68-7,1.061661
G-68,5105,SSS,Nina Patel,Female,4.16,G-68-7,1.139876
G-68,3605,CoE,Nashit Khan,Male,4.02,G-68-7,1.33973
G-68,2433,CoB (NBS),Iris Zhao,Female,4.02,G-68-8,0.29973
G-68,5603,EEE,Jin Le Tan,Male,4.15,G-68-8,1.019813
G-68,4420,MAE,Diya Mathur,Female,4.02,G-68-8,1.05973
G-68,1579,CCDS,Hunter Johnson,Male,4.15,G-68-8,1.139813
G-68,2731,CCEB,Vina Herlina,Female,3.9,G-68-8,1.260853
G-68,1714,CoB (NBS),Song-Joo Lee,Female,4.12,G-68-9,0.299674
G-68,1591,EEE,Tenzin Wangchuk,Male,4.14,G-68-9,1.019759
G-68,733,SBS,Wenwen,Female,3.8,G-68-9,1.022669
G-68,1196,CCDS,Henry Smith,Male,4.15,G-68-9,1.139813
G-68,485,SSS,Ahmad Bin Zakaria,Male,4.01,G-68-9,1.25978
G-68,3836,EEE,Anika Tan,Female,3.95,G-68-10,0.900245
G-68,1218,SBS,Emma Tsai,Female,4.22,G-68-10,1.020418
G-68,5510,CCDS,Li Jun,Male,4.05,G-68-10,1.139629
G-68,1448,MAE,Tran Van Dung,Male,4.11,G-68-10,1.179644
G-68,3561,CoE,Mohammed Ali,Male,3.88,G-68-10,1.341152
G-69,923,EEE,Naim Bin Rahim,Male,4.15,G-69-1,1.040071
G-69,2212,SoH,Xiang Yu Tan,Male,4.05,G-69-1,1.120135
G-69,765,SBS,Lucas Wilson,Male,4.17,G-69-1,1.160154
G-69,151,CCEB,Mia Wu,Female,4.09,G-69-1,1.200013
G-69,4159,CEE,Ella Cooper,Female,4.14,G-69-1,1.240041
G-69,1361,CoB (NBS),James Anderson,Male,4.09,G-69-2,0.320013
G-69,515,EEE,Clara Tsai,Female,4.02,G-69-2,1.04031
G-69,869,SoH,Jian Liu,Male,4.18,G-69-2,1.120207
G-69,1443,CoE,Jia Tan,Female,4.3,G-69-2,1.161475
G-69,1131,MSE,Libby Tan,Female,4,G-69-2,1.240467
G-69,4830,CoB (NBS),Ivy Reyes,Female,4.06,G-69-3,0.320092
G-69,2432,EEE,Fikri Andika,Male,4.2,G-69-3,1.040339
G-69,3576,SSS,Hina Ali,Female,3.95,G-69-3,1.120999
G-69,3769,CCDS,Xander Lim,Male,4.15,G-69-3,1.200071
G-69,5669,CCEB,Milo Liu,Male,4.22,G-69-3,1.200502
G-69,2412,CoB (NBS),Sanjay Kapoor,Male,3.91,G-69-4,0.321568
G-69,2298,SSS,Kiera Wong,Female,4.02,G-69-4,1.12031
G-69,3360,SBS,Scarlett Bell,Female,4.2,G-69-4,1.160339
G-69,4540,CoE,Ningyue,Female,4.3,G-69-4,1.161475
G-69,995,CEE,Shakir Bin Ahmad,Male,4.15,G-69-4,1.240071
G-69,3332,EEE,Cindy Chang,Female,4.06,G-69-5,1.040092
G-69,4017,SoH,Jackson Mitchell,Male,4.17,G-69-5,1.120154
G-69,3209,SBS,Ji-Hoon Kim,Male,4.19,G-69-5,1.160269
G-69,2697,CCDS,Victoria Parker,Female,4.01,G-69-5,1.200384
G-69,426,ASE,Nita Nair,Female,4.14,G-69-5,1.280041
G-69,1385,EEE,Ryan Lin,Male,4.1,G-69-6,1.040003
G-69,3452,SSS,Colin Wong,Male,4.11,G-69-6,1.12
G-69,845,SBS,Jessica Brown,Female,4.02,G-69-6,1.16031
G-69,1086,CCEB,Maxine Ong,Female,4.12,G-69-6,1.200006
G-69,2516,ADM,Xiangqi,Female,4.2,G-69-6,1.240339
G-69,2001,CoB (NBS),Gaurav Joshi,Male,4.18,G-69-7,0.320207
G-69,3693,SoH,Amina Binti Noor,Female,4.05,G-69-7,1.120135
G-69,3706,CoE,Aria Young,Female,4.12,G-69-7,1.160006
G-69,1038,MAE,Irfan Bin Zain,Male,4,G-69-7,1.200467
G-69,1602,SPMS,Kenta Hashimoto,Male,4.19,G-69-7,1.240269
G-69,651,CoB (NBS),Jonas Lee,Male,4.14,G-69-8,0.320041
G-69,1338,EEE,Nora Binti Zainal,Female,3.95,G-69-8,1.040999
G-69,2575,SSS,Sofia Hall,Female,4.01,G-69-8,1.120384
G-69,1243,MAE,Erhua,Male,4.2,G-69-8,1.200339
G-69,749,MSE,Hina Khan,Female,4.22,G-69-8,1.240502
G-69,195,CoB (NBS),Luca Carter,Male,4.18,G-69-9,0.320207
G-69,2239,SSS,Katherine Wood,Female,4.05,G-69-9,1.120135
G-69,3992,CoE,Jingyi,Male,4.05,G-69-9,1.160135
G-69,1670,MAE,Serena Wong,Female,4.16,G-69-9,1.200108
G-69,418,ADM,Jack Huang,Male,4.06,G-69-9,1.240092
G-69,544,CoB (NBS),Fiona Binti Wong,Female,4.1,G-69-10,0.320003
G-69,5900,EEE,Jin Hao,Male,3.88,G-69-10,1.042079
G-69,4013,SoH,Narin Tan,Female,4.1,G-69-10,1.120003
G-69,2117,CCDS,Daniel Campbell,Male,4.02,G-69-10,1.20031
G-69,4238,SPMS,Aarav Yadav,Male,4.27,G-69-10,1.24105
G-70,3508,SSS,Renee Wong,Female,4.09,G-70-1,0.966401
G-70,5636,CCDS,Nimisha Gupta,Female,4.12,G-70-1,1.006427
G-70,3272,EEE,Rina Amelia,Female,4.15,G-70-1,1.046525
G-70,3078,CCEB,Guangzhen,Male,4.1,G-70-1,1.326401
G-70,3599,SoH,Dylan Collins,Male,4.15,G-70-1,1.326525
G-70,3287,CoB (NBS),Rashid Khan,Female,4.18,G-70-2,0.206694
G-70,4808,SSS,Ella Rodriguez,Female,4.01,G-70-2,0.966684
G-70,795,SoH,Saanvi Patel,Female,4.07,G-70-2,1.046423
G-70,3470,CCDS,Finn James,Male,4.08,G-70-2,1.286408
G-70,459,CoE,Khalil Bin Ismail,Male,4.2,G-70-2,1.326848
G-70,4424,SSS,Aifang,Female,4.15,G-70-3,0.966525
G-70,5485,CCEB,Kyla Cheung,Female,4.11,G-70-3,1.04641
G-70,5631,SoH,Emma Thomas,Female,4.1,G-70-3,1.046401
G-70,2780,SBS,Hina Raza,Female,4.14,G-70-3,1.126484
G-70,1556,CEE,Ken Yamamoto,Male,4.04,G-70-3,1.366518
G-70,2034,CoB (NBS),Anjali Desai,Female,4.03,G-70-4,0.206565
G-70,1946,SSS,Alice Kwan,Female,4.02,G-70-4,0.96662
G-70,3340,MSE,Raisha Khanna,Female,4.22,G-70-4,1.047033
G-70,3661,NIE,Wayne Tan,Male,4.22,G-70-4,1.247033
G-70,3766,EEE,Jack Ng,Male,4.02,G-70-4,1.32662
G-70,1572,CoB (NBS),Sumita Sharma,Female,4.04,G-70-5,0.206518
G-70,3944,SSS,Tina Yung,Female,4.22,G-70-5,0.967033
G-70,3032,CoE,Elena Kwan,Female,4.02,G-70-5,1.04662
G-70,2355,NIE,Finn Walker,Male,4,G-70-5,1.246755
G-70,2902,EEE,Ming Shen,Male,4.18,G-70-5,1.326694
G-70,1750,CoB (NBS),Katherine Chen,Female,4.14,G-70-6,0.206484
G-70,4024,SSS,Aiko Tanaka,Female,4.03,G-70-6,0.966565
G-70,5054,MSE,Maya Evans,Female,4.13,G-70-6,1.046451
G-70,1125,NIE,Zachary Wu,Male,4.14,G-70-6,1.246484
G-70,3029,CoE,Dante Lewis,Male,4.02,G-70-6,1.32662
G-70,1694,NIE,Amelia Thompson,Female,4.08,G-70-7,0.966408
G-70,5392,MSE,Aarvi Gupta,Female,3.9,G-70-7,1.047909
G-70,1578,CCEB,Jasmine Bhat,Female,4.18,G-70-7,1.046694
G-70,1250,MAE,Dina Farhan,Female,4.11,G-70-7,1.16641
G-70,1414,LKCMedicine,Yasin Shah,Male,4.18,G-70-7,1.446694
G-70,1093,NIE,Cary Tan,Female,4.1,G-70-8,0.966401
G-70,662,CCDS,Ulyssa Dela Cruz,Female,4.17,G-70-8,1.00663
G-70,4791,EEE,Jing Mei,Female,3.94,G-70-8,1.047351
G-70,45,CCEB,Jett Martinez,Male,4.11,G-70-8,1.32641
G-70,2872,CEE,Huang Feng,Male,4.06,G-70-8,1.366447
G-70,3756,CoB (NBS),Zara Chan,Female,4.22,G-70-9,0.207033
G-70,5827,NIE,Emma Thompson,Female,4.01,G-70-9,0.966684
G-70,2668,MSE,Kangtai,Female,4.05,G-70-9,1.046478
G-70,2522,CCDS,Beau Dela Cruz,Male,4.2,G-70-9,1.286848
G-70,838,SoH,Nguyen Van Tinh,Male,3.9,G-70-9,1.327909
G-70,1287,CoB (NBS),Jaxon Kim,Male,4.11,G-70-10,0.48641
G-70,1843,CCDS,Jasmine Binti Ali,Female,3.9,G-70-10,1.007909
G-70,1869,CoE,Aria Phillips,Female,4.25,G-70-10,1.047371
G-70,2609,CEE,Hafsa Noor,Female,4.09,G-70-10,1.086401
G-70,4686,SBS,Benjamin Allen,Male,4.03,G-70-10,1.406565
G-71,1725,CoB (NBS),Vivek Nair,Male,4.05,G-71-1,0.449307
G-71,1161,CCEB,Olivia Ng,Female,4.17,G-71-1,1.009387
G-71,3603,SoH,Sofia Perez,Female,4.15,G-71-1,1.089294
G-71,4063,LKCMedicine,Mia Lim,Female,4.22,G-71-1,1.169761
G-71,5923,CEE,Kamran Hussain,Male,4.23,G-71-1,1.409859
G-71,3874,CoB (NBS),Indira Ong,Female,4.48,G-71-2,0.214927
G-71,2460,EEE,Hira Ali,Female,4.15,G-71-2,0.889294
G-71,2935,SSS,Peyton Villanueva,Female,4.05,G-71-2,1.049307
G-71,1430,CCEB,Dmitri Volkov,Male,3.9,G-71-2,1.250826
G-71,4378,NIE,Fei Hong Lim,Male,4.04,G-71-2,1.329352
G-71,3433,CoB (NBS),Mohammad Ali,Male,4.14,G-71-3,0.449259
G-71,1713,CCEB,Lila Martinez,Female,4.08,G-71-3,1.009219
G-71,5223,SBS,Rhea Bennett,Female,4.1,G-71-3,1.0892
G-71,4434,CoE,Jade Tan,Female,4.02,G-71-3,1.169466
G-71,5052,CCDS,Dong-Soo Lee,Male,4.21,G-71-3,1.40967
G-71,3484,CoB (NBS),Evelyn Yeo,Female,4.05,G-71-4,0.209307
G-71,1567,CoB (NBS),Zhang Yi,Male,3.95,G-71-4,0.450119
G-71,1245,SSS,Cassandra Reyes,Female,4.26,G-71-4,1.050204
G-71,2007,EEE,Eric Huang,Male,4.18,G-71-4,1.129446
G-71,2109,SoH,Renji Tanaka,Male,4.08,G-71-4,1.329219
G-71,2990,CoB (NBS),Soo-Yeon Kim,Female,4.08,G-71-5,0.209219
G-71,3063,CoB (NBS),Uriah Pineda,Male,4.22,G-71-5,0.449761
G-71,3643,CCEB,Emily Tsai,Female,3.88,G-71-5,1.011164
G-71,5794,EEE,Jonas Evans,Male,4.2,G-71-5,1.129587
G-71,5229,SPMS,Lucas Martinez,Male,4.13,G-71-5,1.329232
G-71,1808,WKW SCI,Monique Fernandez,Female,4.04,G-71-6,0.209352
G-71,3011,CCEB,Carmen Lin,Female,4.02,G-71-6,1.009466
G-71,1404,SSS,Kylie Ross,Female,4.52,G-71-6,1.056202
G-71,3402,SBS,Ningyu,Female,3.9,G-71-6,1.090826
G-71,1810,ASE,Aiwen Wang,Male,4,G-71-6,1.409613
G-71,3267,CoB (NBS),Ming Zhao,Female,4.01,G-71-7,0.209536
G-71,5488,EEE,Lana Lee,Female,4.15,G-71-7,0.889294
G-71,2854,SSS,Nora Campbell,Female,4.19,G-71-7,1.049513
G-71,704,NIE,Mia Garcia,Female,4.2,G-71-7,1.089587
G-71,1574,SBS,Adriel Reyes,Male,3.88,G-71-7,1.331164
G-71,473,WKW SCI,Lily Turner,Female,4.17,G-71-8,0.209387
G-71,1543,EEE,Aisha Khan,Female,4.1,G-71-8,0.8892
G-71,1270,MAE,Maya Iyer,Female,4.04,G-71-8,1.049352
G-71,2794,EEE,Uriah Wong,Male,4.05,G-71-8,1.129307
G-71,3575,SPMS,Carter Xu,Male,4.03,G-71-8,1.329405
G-71,1945,CoB (NBS),Anisah Binti,Female,4.18,G-71-9,0.209446
G-71,5861,EEE,Fiona Lam,Female,4.14,G-71-9,0.889259
G-71,5041,MAE,Priyanka Kapoor,Female,4,G-71-9,1.049613
G-71,297,MAE,Hiroki Nakamura,Male,4.03,G-71-9,1.289405
G-71,1858,SPMS,Ravi Sharma,Male,4.03,G-71-9,1.329405
G-71,261,WKW SCI,Tara Chen,Female,4.26,G-71-10,0.210204
G-71,3185,EEE,Amina Binti Rahman,Female,3.84,G-71-10,0.891937
G-71,628,MAE,Willa Pineda,Female,4.48,G-71-10,1.054927
G-71,4384,SoH,Ayla Turner,Female,3.86,G-71-10,1.091535
G-71,4646,NIE,Zain Bin Ali,Male,3.94,G-71-10,1.330245
G-72,2125,EEE,Hafiz Rahman,Male,4.12,G-72-1,1.037612
G-72,5200,SoH,Erik Chen,Male,4.14,G-72-1,1.117657
G-72,1659,SPMS,William Young,Male,4.08,G-72-1,1.15762
G-72,1087,MSE,Michael Jackson,Male,4.16,G-72-1,1.197733
G-72,1861,SSS,Sophia Hernandez,Female,4.22,G-72-1,1.318153
G-72,2767,EEE,Hoang Van Loc,Male,4.1,G-72-2,1.0376
G-72,3049,SoH,Evan Yang,Male,4.12,G-72-2,1.117612
G-72,1689,CoE,Siddharth Iyer,Male,4.27,G-72-2,1.118724
G-72,3282,NIE,Fatimah Binti,Male,4.12,G-72-2,1.197612
G-72,2770,SBS,Nari Yoshida,Female,4,G-72-2,1.318019
G-72,4485,CoB (NBS),Maria Stepanova,Female,4.19,G-72-3,0.397907
G-72,3417,CCEB,Shahid Bin Ahmad,Male,4.3,G-72-3,1.039162
G-72,2163,CoE,Kevin Wang,Male,4.01,G-72-3,1.117942
G-72,4740,EEE,Disha Iyer,Female,4.05,G-72-3,1.15771
G-72,4401,MAE,Sakura Takahashi,Female,4.03,G-72-3,1.23781
G-72,2075,CoB (NBS),Gideon Reed,Male,4.18,G-72-4,0.277841
G-72,3275,EEE,Caleb Moreno,Male,4.01,G-72-4,1.037942
G-72,4111,CCDS,Sara Malik,Female,4.23,G-72-4,1.118251
G-72,2135,CoE,Priti Sharma,Female,4.11,G-72-4,1.237602
G-72,1276,MAE,Belle Wang,Female,4.03,G-72-4,1.23781
G-72,5971,CoB (NBS),Jayden Bennett,Male,4.12,G-72-5,0.277612
G-72,409,EEE,Nitin Sharma,Male,4.04,G-72-5,1.037756
G-72,1664,CCDS,Ulya Handayani,Female,4.2,G-72-5,1.117981
G-72,969,CCEB,Rida Noor,Female,4.19,G-72-5,1.157907
G-72,640,CEE,Callie Lin,Female,4.01,G-72-5,1.237942
G-72,954,WKW SCI,Preston Davis,Male,4.06,G-72-6,0.277672
G-72,2146,EEE,Yusuf Bin Ahmad,Male,4.2,G-72-6,1.037981
G-72,3736,CCDS,Elena Petrovna,Female,4,G-72-6,1.118019
G-72,5813,MAE,Vani Rani,Female,4.13,G-72-6,1.23763
G-72,2317,SoH,Zoe Li,Female,4.16,G-72-6,1.237733
G-72,373,CCDS,Rashid Malik,Male,4.2,G-72-7,0.997981
G-72,513,CoE,Nathan Roberts,Male,4.03,G-72-7,1.11781
G-72,801,CCEB,Gina Tan,Female,4.05,G-72-7,1.15771
G-72,2571,NIE,Luke Howard,Male,4.13,G-72-7,1.19763
G-72,3247,SSS,Suki Tanaka,Female,4.02,G-72-7,1.317872
G-72,744,CCDS,Takahiro Nakashima,Male,4.13,G-72-8,0.99763
G-72,2630,CEE,Caleb Liu,Male,4.08,G-72-8,1.11762
G-72,2833,CCEB,Zehra Noor,Female,4.1,G-72-8,1.1576
G-72,5251,SPMS,Nguyen Hoang Long,Male,3.89,G-72-8,1.159405
G-72,958,MAE,Sophie Tan,Female,4.2,G-72-8,1.237981
G-72,3281,CCDS,Tristan Li,Male,4.22,G-72-9,0.998153
G-72,5736,CEE,Sebastian Wright,Male,4.12,G-72-9,1.117612
G-72,4296,CCEB,Tara Nair,Female,4.05,G-72-9,1.15771
G-72,1129,SBS,Aaron Wilson,Male,4.12,G-72-9,1.197612
G-72,3934,MSE,Ava Chua,Female,3.85,G-72-9,1.320148
G-72,5857,CCDS,Max Lim,Male,4.1,G-72-10,0.9976
G-72,124,CEE,Lian Chen,Male,4.09,G-72-10,1.117606
G-72,953,CCEB,Jade Kwan,Female,4.11,G-72-10,1.157602
G-72,2821,SPMS,Luke Price,Male,4.19,G-72-10,1.157907
G-72,3774,SoH,Mei Wong,Female,3.86,G-72-10,1.23995
G-73,4961,CoB (NBS),Zhen Wei,Male,4.1,G-73-1,0.434007
G-73,303,MAE,Hannah Martinez,Female,4.01,G-73-1,1.034235
G-73,2271,CEE,Addie Lin,Female,4.12,G-73-1,1.114045
G-73,4467,SSS,Aditi Mehta,Female,4.16,G-73-1,1.154216
G-73,3440,CoE,Nguyen Van Son,Male,4.22,G-73-1,1.274712
G-73,4249,EEE,Saira Ali,Female,4.12,G-73-2,0.954045
G-73,4496,CCEB,Maya Thompson,Female,4.09,G-73-2,1.074
G-73,2839,CEE,Nina Kwan,Female,4.11,G-73-2,1.114022
G-73,5399,ADM,Shanaya Rao,Female,4.11,G-73-2,1.194022
G-73,143,SoH,Marc Cheung,Male,4.06,G-73-2,1.314028
G-73,4694,CoB (NBS),Stella Peterson,Female,3.91,G-73-3,0.235248
G-73,1908,CCDS,Hannah Sanchez,Female,4.03,G-73-3,0.994128
G-73,1091,SBS,Aaliyah Flores,Female,4.2,G-73-3,1.074514
G-73,254,EEE,Josh Thompson,Male,4.19,G-73-3,1.154428
G-73,3763,CCEB,Kazuo Higashi,Male,4.14,G-73-3,1.274114
G-73,1757,CoB (NBS),Uma Dela Cruz,Female,3.96,G-73-4,0.234641
G-73,126,EEE,Vira Andini,Female,4.2,G-73-4,0.954514
G-73,1577,SBS,Xiang Yu,Female,4.06,G-73-4,1.074028
G-73,3511,CCDS,Zylen Alvarado,Male,4.09,G-73-4,1.194
G-73,5504,CoE,Leo Li,Male,4.14,G-73-4,1.274114
G-73,4976,CoB (NBS),Lilah Diaz,Female,4.2,G-73-5,0.234514
G-73,1526,CCDS,Yuna Nakamura,Female,3.91,G-73-5,0.995248
G-73,1057,CoE,Nadia Ismail,Female,4.15,G-73-5,1.074161
G-73,3143,EEE,Ryan Lim,Male,4.17,G-73-5,1.154278
G-73,2397,CCEB,Dylan Yang,Male,4.01,G-73-5,1.274235
G-73,3309,CoB (NBS),Trey Liu,Male,4.12,G-73-6,0.434045
G-73,4131,MAE,Liang Zhang,Female,4.2,G-73-6,1.034514
G-73,2108,SoH,Celine Wong,Female,3.9,G-73-6,1.115393
G-73,1206,SSS,Megan Lewis,Female,4.03,G-73-6,1.154128
G-73,5665,SPMS,Wyatt Adams,Male,4.16,G-73-6,1.354216
G-73,4119,CoB (NBS),Nguyen Van Hao,Male,4.02,G-73-7,0.434177
G-73,1379,MAE,Tran Van Thanh,Female,4.22,G-73-7,1.034712
G-73,4698,CEE,Angela Yip,Female,4.05,G-73-7,1.114054
G-73,5562,SPMS,Tiantian Liu,Female,4.01,G-73-7,1.154235
G-73,2984,SoH,Rahul Desai,Male,4.09,G-73-7,1.314
G-73,3007,CoB (NBS),Ty Wu,Male,4.09,G-73-8,0.434
G-73,3318,MAE,Kiran Noor,Female,4.09,G-73-8,1.034
G-73,743,SBS,Xia Chen,Female,4.05,G-73-8,1.074054
G-73,2956,EEE,Akira Nishida,Male,4,G-73-8,1.1543
G-73,2345,CCDS,Hao Chen,Male,4.14,G-73-8,1.194114
G-73,3635,CoB (NBS),Guangqiang,Female,3.95,G-73-9,0.234746
G-73,5671,CCDS,Lucy Simmons,Female,4.15,G-73-9,0.994161
G-73,5721,CCEB,Lina Lim,Female,4.15,G-73-9,1.074161
G-73,4452,EEE,Henry Li,Male,4.11,G-73-9,1.154022
G-73,3025,CoE,Matthew Wilson,Male,4,G-73-9,1.2743
G-73,3531,CoB (NBS),Claudia Dela Cruz,Female,3.89,G-73-10,0.235546
G-73,5805,EEE,Rida Shah,Female,4.18,G-73-10,0.954349
G-73,2799,SBS,Hui Zhang,Female,4.03,G-73-10,1.074128
G-73,5637,CCDS,Faisal Rehman,Male,4.05,G-73-10,1.194054
G-73,4940,MAE,Levi Morgan,Male,4.19,G-73-10,1.234428
G-74,5250,CoB (NBS),Elaine Dela Cruz,Female,4.2,G-74-1,0.298551
G-74,2177,MAE,Eva Lestari,Female,3.95,G-74-1,1.098703
G-74,1437,SPMS,Aarav Bajaj,Male,4.11,G-74-1,1.13803
G-74,1854,SBS,Jaxon Lee,Male,4.08,G-74-1,1.218
G-74,1658,CoE,Nikita Alexeyev,Male,4.11,G-74-1,1.21803
G-74,1754,CCDS,Sophie Bennett,Female,4.03,G-74-2,1.098111
G-74,4998,SSS,Chloe Brown,Female,4.03,G-74-2,1.058111
G-74,4860,MAE,Layla Zhang,Female,4.12,G-74-2,1.098056
G-74,597,SPMS,Quinn Yang,Male,4.22,G-74-2,1.138755
G-74,1738,CoE,Saurabh Mehta,Male,4.04,G-74-2,1.218073
G-74,2223,WKW SCI,Emmy Wang,Female,4.17,G-74-3,0.298306
G-74,5155,SSS,Lina Binti Ismail,Female,3.85,G-74-3,1.060164
G-74,5340,CCDS,Mason Reyes,Male,4.12,G-74-3,1.138056
G-74,3939,CEE,Elijah Liu,Male,4.11,G-74-3,1.21803
G-74,478,CCEB,Jace Rivera,Male,4.18,G-74-3,1.218379
G-74,4538,WKW SCI,Ellis Zhao,Male,4.15,G-74-4,0.338182
G-74,3996,CCDS,Meena Devi,Female,3.95,G-74-4,1.098703
G-74,4130,MAE,Huda Binti Ali,Female,4.25,G-74-4,1.099121
G-74,4126,CEE,Ariana Coleman,Female,4,G-74-4,1.178273
G-74,267,SoH,Zachary Allen,Male,4.08,G-74-4,1.298
G-74,2659,CoB (NBS),Fatma Binti Ali,Female,4.25,G-74-5,0.299121
G-74,2048,CCDS,Amelia Wang,Female,4.03,G-74-5,1.098111
G-74,5036,SPMS,Laila Binti Ismail,Female,3.95,G-74-5,1.098703
G-74,43,CoE,Dylan Wong,Male,4.09,G-74-5,1.218002
G-74,4507,MSE,Jasper King,Male,4.11,G-74-5,1.25803
G-74,3559,CoB (NBS),Natalie Rivera,Female,4.01,G-74-6,0.298211
G-74,1167,SSS,Tingwei,Female,4.3,G-74-6,1.059891
G-74,4814,SPMS,Luca Murphy,Male,4.02,G-74-6,1.138157
G-74,5125,EEE,Dika Saputra,Male,3.9,G-74-6,1.179334
G-74,732,CCEB,Aidan Tan,Male,4.18,G-74-6,1.218379
G-74,2816,CoB (NBS),Mithun Nair,Male,4.15,G-74-7,0.338182
G-74,1298,CCDS,Sanjana Iyer,Female,4.05,G-74-7,1.098043
G-74,2006,EEE,Shuqi,Female,4,G-74-7,1.138273
G-74,569,CCEB,Cindy Lestari,Female,4.1,G-74-7,1.178012
G-74,2723,NIE,Ethan Thomas,Male,4.11,G-74-7,1.29803
G-74,3550,SSS,Xara Alvarado,Female,4.08,G-74-8,1.058
G-74,2426,MAE,Ling Feng,Male,4.15,G-74-8,1.138182
G-74,682,EEE,Theo Ross,Male,4.2,G-74-8,1.178551
G-74,4773,SBS,Calla Chen,Female,4.18,G-74-8,1.178379
G-74,5894,MSE,Jiayi,Female,3.8,G-74-8,1.221195
G-74,36,CoB (NBS),Sanya Verma,Female,4.06,G-74-9,0.29802
G-74,4025,SSS,Aditi Nair,Female,4.12,G-74-9,1.058056
G-74,1005,SPMS,Naim Bin Rahim,Male,4.07,G-74-9,1.138006
G-74,5623,EEE,Daniel Koh,Male,4.19,G-74-9,1.178461
G-74,4321,SBS,Victor Lim,Male,3.93,G-74-9,1.218931
G-74,2901,CoB (NBS),Saki Nishimura,Female,4.03,G-74-10,0.298111
G-74,572,SSS,Amira Noor,Female,4.01,G-74-10,1.058211
G-74,5199,MAE,Nash Wong,Male,4.14,G-74-10,1.138132
G-74,1972,CoB (NBS),Victoria Adams,Female,4.06,G-74-10,0.29802
G-74,3233,CEE,Kaden Reed,Male,4.11,G-74-10,1.21803
G-75,2329,MAE,Olivia Garcia,Female,3.86,G-75-1,1.011603
G-75,3525,CCDS,Oliver Thomas,Male,4.09,G-75-1,1.129602
G-75,4637,MSE,Ying Xu,Female,4.02,G-75-1,1.129763
G-75,431,SSS,Bingli,Male,4.18,G-75-1,1.20997
G-75,1004,NIE,Samantha Sun,Female,4.52,G-75-1,1.257211
G-75,252,MAE,Mi-Sook Choi,Female,4.11,G-75-2,1.009627
G-75,5496,CCDS,Tessa Alonzo,Female,3.88,G-75-2,1.051261
G-75,2312,EEE,Anil Reddy,Male,4.12,G-75-2,1.169652
G-75,3543,SSS,William Lim,Male,4.19,G-75-2,1.210051
G-75,811,SPMS,Mateo Huang,Male,4.18,G-75-2,1.28997
G-75,3548,CCDS,Kavya Sharma,Female,4.08,G-75-3,1.049601
G-75,4535,SSS,Ritika Sethi,Female,4.06,G-75-3,1.129623
G-75,4999,EEE,Asher Phillips,Male,4.04,G-75-3,1.169677
G-75,1114,SBS,Jasmine Binti Lee,Female,4.15,G-75-3,1.169775
G-75,308,CoE,Nitin Singhal,Male,4.15,G-75-3,1.289775
G-75,932,MAE,Ava Rivera,Female,4.48,G-75-4,1.015879
G-75,178,EEE,Kavita Sharma,Female,4.11,G-75-4,1.089627
G-75,4357,CCEB,Salma Khan,Female,4.02,G-75-4,1.129763
G-75,2924,SoH,Ava Green,Female,3.89,G-75-4,1.171102
G-75,1304,CoE,Yuri Mikhailov,Male,3.95,G-75-4,1.290316
G-75,2330,WKW SCI,Yasir Malik,Male,3.88,G-75-5,0.371261
G-75,4943,CCDS,Laila Rahman,Female,4.21,G-75-5,1.050237
G-75,4995,SSS,Ruchi Gupta,Female,4.12,G-75-5,1.129652
G-75,3630,CCEB,Mikhail Ivanov,Male,4.21,G-75-5,1.210237
G-75,4110,SoH,Kiran Rao,Male,4.01,G-75-5,1.249818
G-75,2618,CoB (NBS),Ivy Ong,Female,4.15,G-75-6,0.289775
G-75,3616,MAE,David Simmons,Male,3.95,G-75-6,1.090316
G-75,793,CCDS,Felix Tan,Male,4.14,G-75-6,1.129726
G-75,5692,SoH,Anika Reddy,Female,4.14,G-75-6,1.169726
G-75,3683,CEE,Ahmad Bin Azhar,Male,4.02,G-75-6,1.249763
G-75,3524,CoB (NBS),Santi Kusuma,Female,4.3,G-75-7,0.29147
G-75,4803,MAE,Shan Biao,Male,4.09,G-75-7,1.089602
G-75,3241,CCEB,Sneha Reddy,Female,4,G-75-7,1.129881
G-75,4196,MSE,Sanjay Nair,Male,4.06,G-75-7,1.209623
G-75,462,SBS,Victor Reyes,Male,3.95,G-75-7,1.250316
G-75,4069,CoB (NBS),Anika Iyer,Female,4.05,G-75-8,0.289646
G-75,3217,MAE,Liam Chen,Male,4.09,G-75-8,1.089602
G-75,3145,MSE,Ava Nguyen,Female,4.12,G-75-8,1.129652
G-75,4200,EEE,Wyatt Yang,Male,4.02,G-75-8,1.169763
G-75,1000,CEE,Jian Li,Male,4.09,G-75-8,1.249602
G-75,4072,CCDS,Tianyi,Female,4.2,G-75-9,1.05014
G-75,2140,CCEB,Sunita Iyer,Female,4.05,G-75-9,1.129646
G-75,5188,SBS,Xanthe Scott,Female,4.12,G-75-9,1.169652
G-75,2400,CEE,Pooja Sharma,Female,3.89,G-75-9,1.171102
G-75,5612,SPMS,Leo Zhang,Male,4.01,G-75-9,1.289818
G-75,1273,CoB (NBS),Chen Hui,Female,4.2,G-75-10,0.29014
G-75,5681,MAE,Arvind Kumar,Male,3.88,G-75-10,1.091261
G-75,2987,MSE,Kiran Chawla,Female,4.2,G-75-10,1.13014
G-75,1143,EEE,Mohammed Patel,Male,3.94,G-75-10,1.170427
G-75,237,ASE,Rumana Niazi,Female,4.02,G-75-10,1.249763
G-76,1651,CoB (NBS),Anup Kumar,Male,4.19,G-76-1,0.396336
G-76,5696,MAE,Samantha Teo,Female,4.01,G-76-1,1.036313
G-76,1268,SoH,Sajida Noor,Female,4.12,G-76-1,1.156019
G-76,2295,SPMS,Nina Anggraini,Female,4.05,G-76-1,1.196094
G-76,1593,NIE,Tariq Ahmed,Male,4.17,G-76-1,1.236205
G-76,5162,EEE,Ananya Joshi,Female,4.19,G-76-2,0.916336
G-76,2570,MAE,Danielle Dela Cruz,Female,4.02,G-76-2,1.036246
G-76,2398,CCEB,Aubrey Lin,Female,4.17,G-76-2,1.156205
G-76,831,SSS,Fang Ying,Female,4.18,G-76-2,1.196266
G-76,5367,SSS,Julian Bautista,Male,3.97,G-76-2,1.316659
G-76,4483,EEE,Yara Ong,Female,4.04,G-76-3,0.916136
G-76,5234,CoB (NBS),Ryota Yamada,Male,4.06,G-76-3,0.396059
G-76,4741,MAE,Andrew Li,Male,4.15,G-76-3,1.156107
G-76,2469,SPMS,Aanya Kapoor,Female,4.17,G-76-3,1.196205
G-76,5849,CCEB,Elijah Harris,Male,4.1,G-76-3,1.276
G-76,5230,CoB (NBS),Naina Sharma,Female,4.2,G-76-4,0.276413
G-76,719,EEE,Henry Martin,Male,4.18,G-76-4,1.036266
G-76,5257,CCDS,Adeel Qureshi,Female,3.89,G-76-4,1.117737
G-76,1041,CEE,James Taylor,Male,4.13,G-76-4,1.19604
G-76,3441,SBS,Brittany Wong,Female,4.1,G-76-4,1.236
G-76,1859,WKW SCI,Bobby Hidayat,Male,4.05,G-76-5,0.396094
G-76,2270,EEE,Kylie Tan,Female,4.23,G-76-5,0.916693
G-76,1341,SoH,Sienna Wong,Female,4.09,G-76-5,1.156003
G-76,2104,CEE,Shiv Patel,Male,4.06,G-76-5,1.196059
G-76,5713,CCDS,Kian Zhang,Male,4.06,G-76-5,1.236059
G-76,1828,CoB (NBS),Ming Zhou,Male,4.04,G-76-6,0.396136
G-76,2998,EEE,Gloria Sanders,Female,4.19,G-76-6,0.916336
G-76,2288,SoH,Meena Bhatia,Female,4.04,G-76-6,1.156136
G-76,1039,CCEB,Shreya Sharma,Female,4.22,G-76-6,1.156591
G-76,4794,CEE,Yang Jun Lim,Male,4,G-76-6,1.196387
G-76,432,CoB (NBS),Crystal Lim,Female,4.15,G-76-7,0.276107
G-76,4214,EEE,Kiran Bhatia,Male,4.1,G-76-7,1.036
G-76,214,NIE,Bella Lee,Female,4.03,G-76-7,1.116187
G-76,631,MAE,Kong Wei Tan,Male,4.2,G-76-7,1.156413
G-76,683,CoE,Tania Sinha,Female,4.01,G-76-7,1.196313
G-76,2636,CoB (NBS),Katherine Goh,Female,3.85,G-76-8,0.278468
G-76,3914,EEE,Brian Yang,Male,4.22,G-76-8,1.036591
G-76,5786,CCDS,Elaine Wang,Female,4.09,G-76-8,1.116003
G-76,1326,CEE,Andrew Lewis,Male,4.1,G-76-8,1.196
G-76,4579,ADM,Ying Xuan Tan,Female,4.2,G-76-8,1.236413
G-76,346,CoB (NBS),Nicholas Griffin,Male,4.2,G-76-9,0.396413
G-76,1909,EEE,Penny Tan,Female,4,G-76-9,0.916387
G-76,5824,MAE,Alexander Clark,Male,4.12,G-76-9,1.156019
G-76,3492,CoE,Amara Kim,Female,4.1,G-76-9,1.196
G-76,1644,NIE,Shahrir Bin Rahman,Male,4.03,G-76-9,1.236187
G-76,3682,MAE,Meera Joshi,Female,4.12,G-76-10,1.036019
G-76,1115,EEE,Camila Lee,Female,4.26,G-76-10,0.917045
G-76,4144,NIE,Riya Sharma,Female,3.88,G-76-10,1.117908
G-76,734,CEE,Mikhail Petrov,Male,4.1,G-76-10,1.196
G-76,679,CCDS,Ian Lee,Male,4.09,G-76-10,1.236003
G-77,1223,CCDS,Gideon Hall,Male,4.09,G-77-1,1.1556
G-77,5202,SSS,Sofia Green,Female,4.08,G-77-1,0.995606
G-77,4654,MAE,Zoe Mitchell,Female,4.22,G-77-1,1.076251
G-77,5558,CCEB,Fatima Rahman,Female,4.52,G-77-1,1.122914
G-77,5175,CEE,Ren Tanaka,Male,4.09,G-77-1,1.3156
G-77,5198,WKW SCI,Aarav Desai,Male,4.17,G-77-2,0.435841
G-77,2131,SSS,Tsubasa Takahashi,Female,4.15,G-77-2,0.995733
G-77,4577,MAE,Poppy Green,Female,4.26,G-77-2,1.076724
G-77,5051,NIE,Jasmine Lin,Female,4.09,G-77-2,1.1556
G-77,3676,ADM,Tanner Wu,Male,4.02,G-77-2,1.39581
G-77,2286,CCDS,Madison Zhang,Female,4.11,G-77-3,0.955612
G-77,612,SPMS,Leena Joshi,Female,4.25,G-77-3,0.996594
G-77,620,CCEB,Kezhen,Female,4.15,G-77-3,1.115733
G-77,3474,SBS,Soo-Yeon Jang,Female,3.92,G-77-3,1.196789
G-77,209,CoE,Eli Walker,Male,4.11,G-77-3,1.395612
G-77,1230,CoB (NBS),Nolan Perez,Male,3.97,G-77-4,0.436199
G-77,4281,SSS,Riley Dela Cruz,Female,4.19,G-77-4,0.995981
G-77,5586,CEE,Tanya Ali,Female,4.12,G-77-4,1.11563
G-77,3699,NIE,Emily Ng,Female,4.11,G-77-4,1.155612
G-77,1728,MSE,Christopher Li,Male,4.1,G-77-4,1.395602
G-77,1617,CoB (NBS),Lily Johnson,Female,4.09,G-77-5,0.2356
G-77,4876,CCDS,Holly Tan,Female,4.15,G-77-5,0.955733
G-77,4845,SPMS,Chloe Wong,Female,3.89,G-77-5,0.997239
G-77,1160,SSS,Ferdie Navarro,Male,4.1,G-77-5,1.195602
G-77,3317,EEE,Rahul Kumar,Male,4.21,G-77-5,1.236153
G-77,2605,CoB (NBS),Hina Iqbal,Female,4.04,G-77-6,0.23571
G-77,2206,CCDS,Lily Foster,Female,4.2,G-77-6,0.956063
G-77,4435,SSS,Larasati Wulandari,Female,3.85,G-77-6,0.99795
G-77,552,SPMS,Anderson Wu,Male,4.19,G-77-6,1.195981
G-77,1076,EEE,Karan Nair,Male,4.15,G-77-6,1.235733
G-77,3981,CoB (NBS),John Brown,Male,4.04,G-77-7,0.43571
G-77,1359,SPMS,Nusrat Ali,Female,4.14,G-77-7,0.995691
G-77,1534,MAE,Jinlong,Female,4.15,G-77-7,1.075733
G-77,2294,CEE,Ema Binti Rahman,Female,4.3,G-77-7,1.117324
G-77,4269,SoH,Huilin,Male,3.8,G-77-7,1.39902
G-77,3211,CoB (NBS),Victor Reyes,Male,4.14,G-77-8,0.435691
G-77,4870,SSS,Aisha binti Hassan,Female,4.02,G-77-8,0.99581
G-77,168,EEE,Nadia Binti Fadli,Female,4.1,G-77-8,1.035602
G-77,1460,CCDS,Roy Tan,Male,3.9,G-77-8,1.157081
G-77,3265,CCEB,James Griffin,Male,4.22,G-77-8,1.316251
G-77,1136,WKW SCI,Sreya Rao,Female,4.01,G-77-9,0.235872
G-77,5280,CCDS,Riley Edwards,Female,4.03,G-77-9,0.955756
G-77,3139,EEE,Nadia Binti Mohd,Female,4.15,G-77-9,1.035733
G-77,1008,SPMS,Kiran Nair,Male,3.95,G-77-9,1.196411
G-77,5061,MAE,Jett Yang,Male,4.08,G-77-9,1.275606
G-77,2029,WKW SCI,Alyssa Cox,Female,3.97,G-77-10,0.236199
G-77,5158,CCDS,Chloe Rivera,Female,3.87,G-77-10,0.957578
G-77,4193,EEE,Priyanka Kaur,Female,4.11,G-77-10,1.035612
G-77,5368,CoB (NBS),David Murphy,Male,4.15,G-77-10,0.435733
G-77,3150,SPMS,Toni Saputra,Male,3.9,G-77-10,1.197081
G-78,2209,CoB (NBS),Aihua Zhuang,Male,4.05,G-78-1,0.384012
G-78,5099,CCDS,Sophia Garcia,Female,3.8,G-78-1,0.946864
G-78,2446,CCEB,Patricia Lee,Female,4.18,G-78-1,1.104505
G-78,2514,CEE,Isabella Walker,Female,4.18,G-78-1,1.184505
G-78,5821,ASE,Agung Prabowo,Male,4.2,G-78-1,1.304701
G-78,2071,CoB (NBS),Queenie Pineda,Female,4.2,G-78-2,0.264701
G-78,5615,CCDS,Navya Arya,Female,3.94,G-78-2,0.944651
G-78,539,EEE,Min Yi Tan,Male,4.05,G-78-2,1.144012
G-78,2830,SoH,Jun Huang,Male,4.03,G-78-2,1.224057
G-78,663,SPMS,Nguyen Van Hieu,Male,4.15,G-78-2,1.264272
G-78,1025,CoB (NBS),Zara Amalia,Female,4.15,G-78-3,0.264272
G-78,2567,CCDS,Zoya Tsai,Female,4.04,G-78-3,0.94403
G-78,4307,SoH,Fauziah Binti Ahmad,Female,4.15,G-78-3,1.104272
G-78,2447,SPMS,Noah Huang,Male,4.15,G-78-3,1.264272
G-78,5982,ADM,Raghav Singh,Male,3.88,G-78-3,1.265408
G-78,4175,WKW SCI,Daniel Edwards,Male,4.02,G-78-4,0.384091
G-78,4104,EEE,Nina Chen,Female,4.14,G-78-4,1.02421
G-78,5904,SBS,Nurul binti Zainal,Female,4.19,G-78-4,1.144599
G-78,5581,CEE,Scarlett Hall,Female,4.15,G-78-4,1.184272
G-78,3057,LKCMedicine,Jaxon Jenkins,Male,3.85,G-78-4,1.345894
G-78,3020,CoB (NBS),Wanda Cruz,Female,3.88,G-78-5,0.265408
G-78,5507,CCDS,Isabella Lim,Female,4.2,G-78-5,0.944701
G-78,3213,EEE,Sun Li,Male,4.2,G-78-5,1.144701
G-78,4822,CoE,Sienna Edwards,Female,4,G-78-5,1.184183
G-78,3291,SPMS,Rafael Tan,Male,4.06,G-78-5,1.264002
G-78,5324,CoB (NBS),Rita Narayan,Female,4,G-78-6,0.264183
G-78,4106,CCDS,Oliver Morales,Male,4.18,G-78-6,1.064505
G-78,1,SoH,Kylie Torres,Female,4.01,G-78-6,1.104133
G-78,813,CCEB,Alaric Yang,Male,4.03,G-78-6,1.224057
G-78,2721,ADM,Vikram Nair,Male,4.11,G-78-6,1.264072
G-78,4849,CCDS,Kiran Patil,Female,4.06,G-78-7,0.944002
G-78,4633,EEE,Alya Rahman,Female,4.09,G-78-7,1.02402
G-78,4542,SBS,Adalyn Tan,Female,4.18,G-78-7,1.144505
G-78,5725,ASE,Riya Reddy,Female,3.8,G-78-7,1.186864
G-78,3245,NIE,Teng Wei Lim,Male,4.2,G-78-7,1.344701
G-78,3214,CoB (NBS),Nathan Tan,Male,4.11,G-78-8,0.384072
G-78,5727,EEE,Feng Yi Tan,Female,4.05,G-78-8,1.024012
G-78,5539,CCEB,Lina Devi,Female,4.14,G-78-8,1.10421
G-78,2867,CoE,Samantha Cox,Female,3.94,G-78-8,1.184651
G-78,1885,MSE,Josh Tan,Male,4.08,G-78-8,1.344006
G-78,2702,CoB (NBS),Nami Fujimoto,Female,4.14,G-78-9,0.26421
G-78,3748,CCDS,Zachary Patel,Male,4.02,G-78-9,1.064091
G-78,3262,SoH,Diana Li,Female,4.04,G-78-9,1.10403
G-78,464,CCEB,Aldo Setiawan,Male,3.9,G-78-9,1.225124
G-78,4815,SBS,Khalid Rahman,Male,4.18,G-78-9,1.264505
G-78,269,CCDS,Elisha Wu,Male,3.9,G-78-10,1.065124
G-78,1585,EEE,Jasmine Hapsari,Female,4.05,G-78-10,1.024012
G-78,5195,ADM,Alice Tan,Female,4.02,G-78-10,1.144091
G-78,1892,SSS,Diana Malik,Female,4.01,G-78-10,1.224133
G-78,5884,MAE,Kunal Bhatia,Male,4.3,G-78-10,1.34616
G-79,3826,CCDS,Sadia Malik,Female,4.17,G-79-1,0.989399
G-79,129,SSS,Xena Santiago,Female,4.15,G-79-1,1.069302
G-79,5726,MAE,Zhao Qiang,Male,4.09,G-79-1,1.189204
G-79,4672,CEE,Ashton Clark,Male,4.06,G-79-1,1.229262
G-79,289,CoE,Omer Farooq,Male,4.06,G-79-1,1.269262
G-79,1108,MAE,Nina Lee,Female,4.11,G-79-2,1.069204
G-79,3208,CCEB,Hani Binti Noor,Female,4.1,G-79-2,1.1092
G-79,3411,CoE,Shruti Verma,Female,4.22,G-79-2,1.149782
G-79,5991,NIE,Khushboo Malik,Female,3.91,G-79-2,1.190635
G-79,2538,LKCMedicine,Bilal Hussain,Male,4.22,G-79-2,1.309782
G-79,787,CCDS,Rongwei,Male,4.1,G-79-3,1.1092
G-79,2724,CCEB,Siti Zulaikha,Female,4.05,G-79-3,1.109298
G-79,610,SoH,Eva Clark,Female,4.14,G-79-3,1.149266
G-79,4696,SBS,Anika Varma,Female,4.11,G-79-3,1.229204
G-79,2024,LKCMedicine,Rizan Bin Ahmad,Male,4.15,G-79-3,1.309302
G-79,4992,CCDS,Hui Liu,Female,4.19,G-79-4,0.989528
G-79,2884,SSS,Diana Binti Zain,Female,4.2,G-79-4,1.069605
G-79,153,CCDS,Elijah Reed,Male,4.04,G-79-4,1.109341
G-79,3178,EEE,Isaac Brooks,Male,4.06,G-79-4,1.229262
G-79,5840,SPMS,Gavin Wu,Male,4.02,G-79-4,1.269452
G-79,2148,SSS,Amira Wong,Female,4.05,G-79-5,1.069298
G-79,2946,CCEB,Valentina Zhao,Female,4.18,G-79-5,1.10946
G-79,5273,SoH,Nari Kim,Female,3.89,G-79-5,1.150954
G-79,327,MSE,Eun-Ji Lee,Female,4.16,G-79-5,1.229347
G-79,4600,NIE,Nhat Nguyen,Male,4.22,G-79-5,1.309782
G-79,5981,CCDS,Sakshi Joshi,Female,4.22,G-79-6,0.989782
G-79,2164,CCEB,Olive Green,Female,4.01,G-79-6,1.10952
G-79,1056,SSS,Perry Villanueva,Male,4.02,G-79-6,1.189452
G-79,4361,EEE,Kartik Sharma,Male,4.06,G-79-6,1.229262
G-79,3669,ASE,Hao Wu,Male,4.16,G-79-6,1.309347
G-79,986,CoB (NBS),Vina Safira,Female,4.05,G-79-7,0.269298
G-79,5641,CCDS,Arvind Sharma,Male,3.9,G-79-7,1.11079
G-79,5746,SPMS,Miyako Shimizu,Female,4.22,G-79-7,1.149782
G-79,29,EEE,Haruto Fujimoto,Male,4.08,G-79-7,1.229215
G-79,3104,CEE,Jin Zhi,Male,4.22,G-79-7,1.229782
G-79,3655,MAE,Nova Gonzalez,Female,4.1,G-79-8,1.0692
G-79,4675,CEE,Chaofeng,Female,4.1,G-79-8,1.1092
G-79,5326,SPMS,Wang Yu,Female,4.09,G-79-8,1.149204
G-79,5659,ADM,Hui Min Tan,Female,4.05,G-79-8,1.229298
G-79,141,ASE,Logan Thompson,Male,4.11,G-79-8,1.309204
G-79,5435,SSS,Bella Wong,Female,4.03,G-79-9,1.069393
G-79,2152,MAE,Nadia Binti Ismail,Female,4,G-79-9,1.069595
G-79,3351,CCDS,Qing Wei Lim,Male,4,G-79-9,1.109595
G-79,4290,CEE,Paul Tan,Male,4.11,G-79-9,1.229204
G-79,2483,CoE,Landon Reed,Male,4.3,G-79-9,1.27081
G-79,1440,CoB (NBS),Nora Howard,Female,4.05,G-79-10,0.269298
G-79,5938,CoB (NBS),Zara Wong,Female,4.2,G-79-10,0.269605
G-79,5571,SoH,Xing Yu,Female,3.89,G-79-10,1.150954
G-79,3888,MAE,Tyler Moore,Male,4.19,G-79-10,1.189528
G-79,2359,EEE,Nashit Khan,Male,4.16,G-79-10,1.229347
G-80,4993,CoB (NBS),Layla Wu,Female,4.04,G-80-1,0.390953
G-80,1939,EEE,Feri andika,Male,4.15,G-80-1,1.070893
G-80,2638,NIE,Kiran Sethi,Male,4.15,G-80-1,1.110893
G-80,1207,CoE,Jing Yi Tan,Female,4.3,G-80-1,1.152371
G-80,4241,SBS,Nguyen Thi Ai,Female,4.03,G-80-1,1.271006
G-80,5138,CoB (NBS),Nida Khan,Female,4.03,G-80-2,0.391006
G-80,2361,EEE,Killian Wu,Male,4.18,G-80-2,1.071045
G-80,3573,NIE,Quinlan Roberts,Male,4.2,G-80-2,1.111186
G-80,17,CEE,Lan Shi,Female,4.15,G-80-2,1.230893
G-80,3988,SBS,Orla James,Female,4.03,G-80-2,1.271006
G-80,3404,WKW SCI,Jacob Parker,Male,4.01,G-80-3,0.271137
G-80,4949,CoE,Marwan Bin Ali,Male,4.2,G-80-3,1.031186
G-80,1077,CCDS,Hana Matsumura,Female,4.08,G-80-3,1.110819
G-80,1192,SSS,Priya Kaul,Female,4.1,G-80-3,1.2308
G-80,2594,NIE,Yareli Cruz,Female,4.17,G-80-3,1.230986
G-80,270,CoB (NBS),Baodong,Female,4.15,G-80-4,0.390893
G-80,5442,CoE,Arjun Verma,Male,4.03,G-80-4,1.031006
G-80,5896,CEE,Hao Wei Tan,Male,4.15,G-80-4,1.110893
G-80,1557,SoH,Adil Bin Rahman,Male,4.35,G-80-4,1.113264
G-80,2759,SSS,Zoe Wong,Female,3.88,G-80-4,1.232768
G-80,4668,CCDS,Indra Prasetyo,Male,4.3,G-80-5,0.992371
G-80,2545,SoH,Arjun Deshmukh,Male,4.1,G-80-5,1.1108
G-80,1274,NIE,Lucas Kim,Male,3.95,G-80-5,1.111722
G-80,1620,MSE,Harold Lee,Male,4.14,G-80-5,1.230858
G-80,1479,CCEB,Sophia Baker,Female,4.05,G-80-5,1.350907
G-80,2322,CCDS,Jack Green,Male,4.12,G-80-6,0.990813
G-80,3179,EEE,Aaron Thompson,Male,3.95,G-80-6,1.071722
G-80,805,SoH,Hassan Ibrahim,Male,4.22,G-80-6,1.111359
G-80,4179,MAE,John Doe,Male,4.14,G-80-6,1.190858
G-80,2485,SBS,Zahra Ali,Female,4.08,G-80-6,1.270819
G-80,5453,CCDS,Michael Walker,Male,4.26,G-80-7,0.991801
G-80,3239,EEE,Huang Xin,Male,3.94,G-80-7,1.071847
G-80,2060,CEE,Keshav Yadav,Male,4.2,G-80-7,1.111186
G-80,5999,SPMS,Killian James,Male,4.03,G-80-7,1.191006
G-80,5101,MAE,Ruth Tan,Female,4.06,G-80-7,1.31087
G-80,5694,CoB (NBS),Caleb Butler,Male,4.09,G-80-8,0.270806
G-80,1797,CCDS,Igor Petrov,Male,4.52,G-80-8,0.997796
G-80,1633,SSS,Ron Tan,Male,3.91,G-80-8,1.112271
G-80,4059,CoE,Hana Ng,Female,4.05,G-80-8,1.150907
G-80,5548,SoH,Nisha Desai,Female,3.9,G-80-8,1.232429
G-80,2444,CoB (NBS),Mahesh Babu,Male,4.15,G-80-9,0.270893
G-80,625,CoE,Nathan Tan,Male,4.04,G-80-9,1.030953
G-80,277,CCDS,Kira Lee,Female,4.14,G-80-9,1.110858
G-80,1762,EEE,Nora Bailey,Female,3.86,G-80-9,1.193139
G-80,5231,SSS,Mollie Edwards,Female,4.18,G-80-9,1.231045
G-80,5500,CoB (NBS),Lu Jian,Female,4.05,G-80-10,0.390907
G-80,3696,CoE,Ravi Deshmukh,Male,4.22,G-80-10,1.031359
G-80,2407,CCDS,Maria Garcia,Female,4.03,G-80-10,1.111006
G-80,2778,SPMS,Cameron Zhao,Male,4.14,G-80-10,1.190858
G-80,5796,CEE,Siti Aishah,Female,3.89,G-80-10,1.232594
G-81,489,SPMS,Fiona Huang,Female,4.26,G-81-1,1.151027
G-81,392,MAE,Isha Begum,Female,4.07,G-81-1,1.070036
G-81,837,CCEB,Farah Lim,Female,4.01,G-81-1,1.070323
G-81,600,ASE,Emma Wong,Female,4.22,G-81-1,1.190578
G-81,1067,SBS,Max Carter,Male,4.07,G-81-1,1.390036
G-81,3338,CCEB,Rory Chen,Female,4.08,G-81-2,1.070016
G-81,5027,SSS,Ying Wu,Female,4.04,G-81-2,1.070143
G-81,4500,EEE,Kyo Tan,Male,4.25,G-81-2,1.110902
G-81,2966,MAE,Lola Bennett,Female,4.09,G-81-2,1.070004
G-81,1254,ADM,Ming Yue,Male,4.1,G-81-2,1.35
G-81,4897,EEE,Holly Hughes,Female,4.22,G-81-3,0.950578
G-81,3181,CCEB,Avery Robinson,Female,4.01,G-81-3,1.070323
G-81,2479,SoH,Nina Lim,Female,4.23,G-81-3,1.070678
G-81,1266,CoE,Emery Collins,Male,4.04,G-81-3,1.230143
G-81,5664,SPMS,Tao Feng,Male,4.06,G-81-3,1.310063
G-81,5063,CCEB,Lina Cheong,Female,3.92,G-81-4,1.071293
G-81,4456,CCDS,Irina Dmitrieva,Female,4.02,G-81-4,1.070255
G-81,4352,MAE,Sophie Hughes,Female,4.52,G-81-4,1.077063
G-81,991,ASE,Aria Perez,Female,4.03,G-81-4,1.190195
G-81,2646,CEE,Zhou Yu,Male,4.05,G-81-4,1.390099
G-81,4746,CoE,Zara Wu,Female,4.1,G-81-5,1.07
G-81,2793,CCDS,Bushra Khan,Female,4.05,G-81-5,1.070099
G-81,5008,EEE,Jasper Li,Male,4.2,G-81-5,1.110402
G-81,4103,SPMS,Mira Patel,Female,3.9,G-81-5,1.151597
G-81,5434,SoH,Sandeep Reddy,Male,4.26,G-81-5,1.231027
G-81,1986,SSS,Samira Ali,Female,4.09,G-81-6,1.070004
G-81,3397,CCDS,Fiona Tan,Female,4.18,G-81-6,1.070257
G-81,1516,EEE,Santiago Huang,Male,4.05,G-81-6,1.110099
G-81,2675,ADM,Khushboo Khan,Female,4.09,G-81-6,1.190004
G-81,3821,NIE,Jack Morgan,Male,4.08,G-81-6,1.390016
G-81,1607,CoB (NBS),Kiran Desai,Female,4.2,G-81-7,0.270402
G-81,2110,SoH,Ada Zhang,Female,4.01,G-81-7,1.070323
G-81,2018,EEE,Alvin Yeo,Male,4.1,G-81-7,1.11
G-81,1596,SSS,Gavin Tan,Male,4.12,G-81-7,1.230016
G-81,2162,CCDS,Dylan Wang,Male,4.01,G-81-7,1.230323
G-81,4066,WKW SCI,Lucy Watson,Female,3.88,G-81-8,0.271932
G-81,4030,SSS,Piper Yip,Female,4.2,G-81-8,1.070402
G-81,1706,EEE,Eryan,Male,4.2,G-81-8,1.110402
G-81,2053,CoE,Arjun Patel,Male,4.14,G-81-8,1.230065
G-81,2011,SoH,Marcus Green,Male,4.01,G-81-8,1.230323
G-81,2132,SSS,Samantha Chan,Female,4.1,G-81-9,1.07
G-81,5817,MAE,Neelima Das,Female,4.06,G-81-9,1.070063
G-81,3585,EEE,Yi Ming Lim,Male,4.1,G-81-9,1.11
G-81,4198,SoH,Wayne Tan,Male,4.15,G-81-9,1.230101
G-81,5311,CoE,Sanjay Gupta,Male,4.01,G-81-9,1.230323
G-81,5724,EEE,Tatiana Sergeyevna,Female,4.08,G-81-10,0.950016
G-81,5043,MAE,Grace Wu,Female,4.14,G-81-10,1.070065
G-81,2582,CoE,Sophia Martinez,Female,4.2,G-81-10,1.070402
G-81,2384,CCEB,Qian Yu Tan,Male,4.05,G-81-10,1.230099
G-81,3629,CCDS,Zainal Abidin,Male,3.94,G-81-10,1.231021
G-82,3468,CoB (NBS),Wren Zhao,Female,4.14,G-82-1,0.415381
G-82,3923,CCEB,Jay Wu,Male,4.01,G-82-1,1.015358
G-82,5,MAE,Henry Baker,Male,4.48,G-82-1,1.061832
G-82,3067,CCDS,Nash De Leon,Male,4.19,G-82-1,1.175749
G-82,2529,SPMS,Aaliyah Rodriguez,Female,3.94,G-82-1,1.335905
G-82,4448,CoB (NBS),Gabriel Ramirez,Male,3.88,G-82-2,0.256687
G-82,4474,CEE,Julian Sanders,Male,4.04,G-82-2,1.015243
G-82,3192,CCEB,Simone Lim,Female,4.08,G-82-2,1.175202
G-82,4140,NIE,Nguyen Van Phong,Male,4.21,G-82-2,1.175953
G-82,2735,SoH,Lara Chen,Female,4.26,G-82-2,1.336602
G-82,2744,EEE,Lucas Young,Male,4.14,G-82-3,0.935381
G-82,2750,CCEB,Jasbir Singh,Male,3.9,G-82-3,1.016394
G-82,2023,SPMS,Eli Wu,Male,4.14,G-82-3,1.175381
G-82,5056,CCDS,Suresh Yadav,Male,4.2,G-82-3,1.175847
G-82,1231,SBS,Hana Kuroda,Female,4.03,G-82-3,1.335273
G-82,5828,CoB (NBS),Dimas Santoso,Male,4.1,G-82-4,0.25523
G-82,1677,EEE,Zhao Wei,Male,3.92,G-82-4,0.936134
G-82,2088,CEE,Lakshmi Rao,Female,4.14,G-82-4,1.175381
G-82,74,CCEB,Ella Kwan,Female,4.15,G-82-4,1.175438
G-82,5918,MSE,Le Thi Nhung,Female,4.08,G-82-4,1.295202
G-82,5687,CoB (NBS),Vincent Ng,Male,3.96,G-82-5,0.255709
G-82,3215,CEE,Ronin Smith,Male,4.26,G-82-5,1.016602
G-82,1994,EEE,Annika Chang,Female,4.11,G-82-5,1.095255
G-82,1225,MAE,Violet Yip,Female,3.92,G-82-5,1.216134
G-82,4397,SoH,Aubrey Bell,Female,4.12,G-82-5,1.335289
G-82,2972,CoB (NBS),Samir Khan,Male,4.02,G-82-6,0.255312
G-82,3608,CEE,Ping Wang,Male,4.2,G-82-6,1.015847
G-82,2283,EEE,Ava Johnson,Female,3.89,G-82-6,1.096537
G-82,905,MAE,Gemma Rivera,Female,4.08,G-82-6,1.215202
G-82,466,SSS,Sabrina Binti Mohd,Female,4.15,G-82-6,1.335438
G-82,5165,EEE,Mohd Rizal Bin Hassan,Male,4.05,G-82-7,0.935221
G-82,1989,CEE,Toni Saputra,Male,4.04,G-82-7,1.015243
G-82,996,MSE,Isaac Ward,Male,4.01,G-82-7,1.135358
G-82,1926,SBS,Kyo Tan,Male,4.2,G-82-7,1.175847
G-82,13,SSS,Alya Faris,Female,4.03,G-82-7,1.335273
G-82,4008,EEE,Mohan Nair,Male,4.18,G-82-8,0.93566
G-82,684,MAE,Henry Tan,Male,3.88,G-82-8,1.056687
G-82,1279,NIE,Asher Kim,Male,4.11,G-82-8,1.175255
G-82,4466,ADM,Liam Smith,Male,4.12,G-82-8,1.215289
G-82,477,CoE,Yuki Nishiyama,Female,4.03,G-82-8,1.375273
G-82,4449,CoB (NBS),Chinh Nguyen,Male,4.02,G-82-9,0.255312
G-82,3416,CEE,Mason Kim,Male,4.15,G-82-9,1.015438
G-82,2184,EEE,Sarah Miller,Female,4.03,G-82-9,1.095273
G-82,884,CCEB,Haoqiang,Female,3.85,G-82-9,1.177186
G-82,2807,MSE,Amara Tan,Female,4.09,G-82-9,1.295212
G-82,2484,WKW SCI,Rizwan Bin Ahmad,Male,4.05,G-82-10,0.255221
G-82,427,EEE,Owais Tariq,Male,4.19,G-82-10,0.935749
G-82,3825,CCEB,Tanisha Nair,Female,4.06,G-82-10,1.175207
G-82,5706,MAE,Sadia Ali,Female,3.93,G-82-10,1.216016
G-82,1825,LKCMedicine,Harrison Lee,Male,3.88,G-82-10,1.216687
G-83,4641,EEE,Ahmad Zaki Bin Rahman,Male,4.1,G-83-1,0.860401
G-83,5448,SBS,Dorian Villanueva,Male,4.11,G-83-1,0.980409
G-83,2741,SoH,David Wu,Male,4.1,G-83-1,1.100401
G-83,4261,CCDS,Shruti Nair,Female,4.12,G-83-1,1.260425
G-83,1369,NIE,Cecilia Morales,Female,4.17,G-83-1,1.300624
G-83,457,CoB (NBS),Evan Parker,Male,4.01,G-83-2,0.26069
G-83,3133,SBS,Xander Mendoza,Male,4.18,G-83-2,0.980688
G-83,5090,EEE,Isha Alvarado,Female,4.22,G-83-2,1.061023
G-83,4551,CCDS,Anjali Iyer,Female,4.12,G-83-2,1.260425
G-83,172,NIE,Lisa Lim,Female,4.05,G-83-2,1.300482
G-83,2390,EEE,Nash Reddy,Male,4.1,G-83-3,0.860401
G-83,4728,MSE,Finn Pineda,Male,4.06,G-83-3,1.06045
G-83,1170,MAE,Shamsher Ali,Male,4.2,G-83-3,1.140839
G-83,3747,CEE,Haruto Yamamoto,Male,4.03,G-83-3,1.22057
G-83,2604,SSS,Svetlana Alexandrova,Female,4.16,G-83-3,1.420568
G-83,5282,MSE,Ritika Patil,Female,4.15,G-83-4,1.26052
G-83,5449,SBS,Kelvin Tan,Male,4.19,G-83-4,0.980759
G-83,5033,SoH,Nash Wu,Male,4.12,G-83-4,1.100425
G-83,5705,CCEB,Gavin Flores,Male,4.16,G-83-4,1.180568
G-83,3863,MAE,Elisa Rivera,Female,3.91,G-83-4,1.341772
G-83,72,EEE,An Nguyen,Male,4.2,G-83-5,0.860839
G-83,3757,CCDS,Colton Harris,Male,4.05,G-83-5,1.060482
G-83,4097,MAE,Guangqiang,Male,4.15,G-83-5,1.14052
G-83,4245,SPMS,Kah Ying,Male,4,G-83-5,1.180763
G-83,2840,LKCMedicine,Priya Tan,Female,4.1,G-83-5,1.420401
G-83,603,CoB (NBS),Leo White,Male,4.14,G-83-6,0.26048
G-83,700,EEE,Vincent Lam,Male,4.22,G-83-6,0.861023
G-83,4129,EEE,Anita Gupta,Female,3.94,G-83-6,1.061363
G-83,4578,SBS,Nora Abdul,Female,4,G-83-6,1.180763
G-83,3901,CCDS,Stella Zhao,Female,4.2,G-83-6,1.260839
G-83,3865,CoB (NBS),James White,Male,4.12,G-83-7,0.260425
G-83,669,EEE,Tu Nguyen,Female,4.15,G-83-7,1.06052
G-83,1234,NIE,Elliot Lim,Male,4.03,G-83-7,1.10057
G-83,439,SBS,Guangli,Female,4.15,G-83-7,1.18052
G-83,3274,MSE,Amani Binti Hisham,Female,4,G-83-7,1.260763
G-83,2235,WKW SCI,Efei,Male,3.9,G-83-8,0.261924
G-83,1704,SBS,Daniel Chen,Male,3.9,G-83-8,0.981924
G-83,1348,NIE,Kou Suzuki,Male,4.12,G-83-8,1.100425
G-83,3670,EEE,Fahad Nadeem,Male,4.2,G-83-8,0.860839
G-83,3982,SoH,Nian Zhang,Female,4.27,G-83-8,1.301622
G-83,5649,EEE,Grayson Li,Male,4.19,G-83-9,0.860759
G-83,2395,MSE,Anthony Parker,Male,4.01,G-83-9,1.06069
G-83,3292,SoH,Ravi Patel,Male,4.05,G-83-9,1.100482
G-83,2456,SPMS,Syafiq Bin Mohd,Male,4.15,G-83-9,1.18052
G-83,2670,CCEB,Kali Chen,Female,3.95,G-83-9,1.381243
G-83,266,WKW SCI,Mateo Yang,Male,4.08,G-83-10,0.260409
G-83,4564,EEE,Farhan Hussain,Female,4.15,G-83-10,1.06052
G-83,2737,CCDS,Saul Huang,Male,3.9,G-83-10,1.061924
G-83,5503,SBS,Aminah Ali,Female,4.15,G-83-10,1.18052
G-83,4174,MSE,Elena Murphy,Female,4.03,G-83-10,1.26057
G-84,1667,WKW SCI,Zhen Yi Tan,Female,4.25,G-84-1,0.232795
G-84,4236,CCEB,Isabella Moore,Female,4.01,G-84-1,0.992392
G-84,2908,CCDS,Bodhi Edwards,Male,4.18,G-84-1,1.112202
G-84,5084,CoE,Siti Nurhaliza,Female,4.2,G-84-1,1.112331
G-84,5328,SBS,Pranav Nair,Male,4.01,G-84-1,1.312392
G-84,2228,CoB (NBS),Oka Susilo,Male,4.2,G-84-2,0.432331
G-84,2423,CCEB,Zoe Bailey,Female,4.22,G-84-2,0.992493
G-84,5801,SBS,Aaliyah Lin,Female,4.11,G-84-2,1.112
G-84,3170,ASE,Aubree Kelly,Female,4.02,G-84-2,1.152317
G-84,3363,CoE,Leo Chen,Male,4.09,G-84-2,1.312014
G-84,3961,CoB (NBS),Aarav Sharma,Male,4,G-84-3,0.432475
G-84,4360,CCEB,Serena Tan,Female,4.26,G-84-3,0.992912
G-84,3039,MAE,Nana Ohashi,Female,4.15,G-84-3,1.112067
G-84,379,ASE,Ning Hui,Female,4.06,G-84-3,1.152096
G-84,5943,NIE,Liam Sharma,Male,4.12,G-84-3,1.312005
G-84,1066,CoB (NBS),Mira Ong,Female,4.09,G-84-4,0.232014
G-84,4432,CCDS,Tara Devi,Female,4.22,G-84-4,0.912493
G-84,3195,SSS,Charlotte Chen,Female,3.85,G-84-4,1.074683
G-84,4213,CCDS,Gabriel Adams,Male,4.2,G-84-4,1.112331
G-84,4905,EEE,Kaito Takahashi,Male,4.22,G-84-4,1.272493
G-84,142,CCDS,Zhang Ying,Female,4.15,G-84-5,0.912067
G-84,323,SSS,Li Mei,Female,4.11,G-84-5,1.072
G-84,2783,CCDS,Simon Zhao,Male,4.19,G-84-5,1.112262
G-84,5897,LKCMedicine,Yukiko Takahashi,Female,4.06,G-84-5,1.192096
G-84,48,SPMS,Vignesh Nair,Male,4.05,G-84-5,1.352139
G-84,131,CoB (NBS),William Taylor,Male,4,G-84-6,0.432475
G-84,5248,SSS,Mei Hong Tan,Female,4.15,G-84-6,1.072067
G-84,4032,SBS,Elena Chang,Female,4.19,G-84-6,1.112262
G-84,1993,SPMS,Kiran Menon,Female,4.11,G-84-6,1.152
G-84,2994,CEE,Ajay Singh,Male,4.11,G-84-6,1.392
G-84,5418,CoE,Rajiv Nair,Male,4.04,G-84-7,1.31219
G-84,5211,EEE,Brooke Tan,Female,4.2,G-84-7,1.072331
G-84,4506,MAE,Hannah Chen,Female,4.22,G-84-7,1.112493
G-84,2671,ADM,Celeste Bautista,Female,3.88,G-84-7,1.194098
G-84,4552,CCEB,Sabrina Binti Ghazali,Female,4.2,G-84-7,0.992331
G-84,691,CoB (NBS),Owen Ramirez,Male,4.19,G-84-8,0.432262
G-84,2419,SoH,Silas Wong,Male,3.93,G-84-8,1.393282
G-84,3194,EEE,Xue Mei,Female,4.14,G-84-8,1.072038
G-84,1719,NIE,Diana Binti Jasmi,Female,4.2,G-84-8,1.112331
G-84,3116,CCDS,Evelyn Tan,Female,4,G-84-8,0.912475
G-84,4091,CoB (NBS),Kavya Menon,Female,4.2,G-84-9,0.232331
G-84,3788,CCDS,Binghua,Female,4.25,G-84-9,0.912795
G-84,4867,EEE,Sadie Wang,Female,4.01,G-84-9,1.072392
G-84,5432,CCEB,Bobby Chua,Male,3.8,G-84-9,1.195819
G-84,5419,NIE,Kaito Takahashi,Male,4.19,G-84-9,1.312262
G-84,3216,CoB (NBS),Faris Abdul,Male,4.04,G-84-10,0.43219
G-84,3837,CCEB,Rani Devi,Female,4.16,G-84-10,0.992104
G-84,632,SSS,Samantha Gray,Female,4.17,G-84-10,1.072149
G-84,2768,CCDS,Hiroki Matsusaka,Male,3.86,G-84-10,1.11448
G-84,2256,MAE,Imran Khan,Male,4.19,G-84-10,1.312262
G-85,3197,EEE,Isabella Robinson,Female,4.12,G-85-1,0.891602
G-85,4323,CCDS,Sofia Zhang,Female,4.12,G-85-1,1.011602
G-85,753,SSS,Kavya Reddy,Female,4.12,G-85-1,1.051602
G-85,5106,MAE,Owais Hussain,Male,4.2,G-85-1,1.291811
G-85,3782,CEE,Gabriel Morris,Male,4.14,G-85-1,1.331606
G-85,362,WKW SCI,Lily Mitchell,Female,4.18,G-85-2,0.251711
G-85,5217,CCEB,Sophie Zhang,Female,4.01,G-85-2,1.012151
G-85,2280,EEE,Imran Ashraf,Male,3.95,G-85-2,1.092859
G-85,602,CCDS,Cody Evans,Male,4.03,G-85-2,1.211979
G-85,3489,NIE,Kaito Saito,Male,4.52,G-85-2,1.337765
G-85,2336,EEE,Tuan Nguyen,Male,4.26,G-85-3,1.092303
G-85,5787,CCEB,Ngoc Nguyen,Female,4.22,G-85-3,1.011943
G-85,4443,MAE,Selena Liu,Female,4.09,G-85-3,1.091656
G-85,3325,CEE,Emma Bryant,Female,4.01,G-85-3,1.132151
G-85,2220,SBS,Hoang Minh Hieu,Male,4.11,G-85-3,1.371612
G-85,3408,EEE,Sahar Jamil,Female,4.01,G-85-4,0.892151
G-85,676,CCEB,Shikha Gupta,Female,4.15,G-85-4,1.01162
G-85,490,SSS,Rani Patel,Female,4.26,G-85-4,1.052303
G-85,2940,MAE,Samuel Zhao,Male,4.22,G-85-4,1.291943
G-85,419,SBS,Tao Chen,Male,4.03,G-85-4,1.371979
G-85,5859,EEE,Belle Chen,Female,4.2,G-85-5,0.891811
G-85,5887,CCDS,Kavita Joshi,Female,4.01,G-85-5,1.012151
G-85,3845,CEE,Zara Patel,Female,4.11,G-85-5,1.131612
G-85,5611,LKCMedicine,Scarlett Hernandez,Female,4.2,G-85-5,1.211811
G-85,888,ADM,Chris Tan,Male,4.12,G-85-5,1.411602
G-85,3290,CoB (NBS),Shirley Ong,Female,4.12,G-85-6,0.251602
G-85,4062,EEE,Pooja Singh,Female,4.52,G-85-6,0.897765
G-85,5766,SSS,Kira Chen,Female,4.04,G-85-6,1.051906
G-85,4756,CCEB,Khalid Amir,Male,3.92,G-85-6,1.213321
G-85,4052,SPMS,Ryan Taylor,Male,4.03,G-85-6,1.331979
G-85,1605,CoB (NBS),Yoko Nagano,Female,4.17,G-85-7,0.251673
G-85,1978,CCEB,Megan Yang,Female,4.1,G-85-7,1.01163
G-85,1807,EEE,Hiroshi Sato,Male,4.03,G-85-7,1.091979
G-85,4679,CCDS,Ethan Zhou,Male,4.18,G-85-7,1.211711
G-85,4096,NIE,Luka Liu,Male,4.14,G-85-7,1.331606
G-85,2033,CoB (NBS),Elena Liu,Female,4.25,G-85-8,0.252201
G-85,5370,CCEB,Scarlett Mitchell,Female,4,G-85-8,1.012249
G-85,4166,SSS,Maliha Khan,Female,4.15,G-85-8,1.05162
G-85,3283,CCDS,Sameer Kapoor,Male,4,G-85-8,1.212249
G-85,2134,SPMS,Arjun Tan,Male,4.2,G-85-8,1.331811
G-85,899,CoB (NBS),Lily Ho,Female,4.2,G-85-9,0.251811
G-85,2474,CCDS,Lillian Rivera,Female,4.06,G-85-9,1.011782
G-85,2094,EEE,Simran Jain,Female,4.09,G-85-9,0.891656
G-85,5934,MAE,Isaiah Foster,Male,4.12,G-85-9,1.291602
G-85,2418,SPMS,Lucas Mitchell,Male,4.1,G-85-9,1.33163
G-85,920,EEE,Kavita Rao,Female,4.12,G-85-10,0.891602
G-85,5037,SSS,Sharon Lim,Female,4.18,G-85-10,1.051711
G-85,5337,NIE,Lily Moore,Female,4.05,G-85-10,1.13184
G-85,3480,MSE,Kavita Mehta,Female,4.1,G-85-10,1.21163
G-85,5480,SoH,Jin Tao,Male,4.11,G-85-10,1.411612
G-86,1356,WKW SCI,Jin Tan,Female,3.9,G-86-1,0.270981
G-86,3188,EEE,Faye Ng,Female,4.18,G-86-1,0.90939
G-86,1405,SSS,Lina Cheng,Female,4.14,G-86-1,1.109234
G-86,5661,LKCMedicine,Samantha Hughes,Female,4.1,G-86-1,1.189205
G-86,177,SBS,Zane Wu,Male,4.52,G-86-1,1.275891
G-86,1790,CoB (NBS),Kylie Wang,Female,4.06,G-86-2,0.269304
G-86,519,WKW SCI,Jacob Davis,Male,4.16,G-86-2,0.349296
G-86,5451,EEE,Nolan Reed,Male,4.09,G-86-2,0.989218
G-86,3572,MAE,Catherine Wong,Female,3.89,G-86-2,1.151154
G-86,2856,CCEB,Desmond Chen,Male,4.52,G-86-2,1.235891
G-86,5993,CoB (NBS),Delilah Tsai,Female,4.21,G-86-3,0.269592
G-86,4444,EEE,Asher Brooks,Male,4.12,G-86-3,0.989203
G-86,5850,SSS,Rita Wong,Female,4,G-86-3,1.109693
G-86,2619,SoH,Bess Parker,Female,4.11,G-86-3,1.1892
G-86,5025,LKCMedicine,Jae-Won Oh,Male,4.22,G-86-3,1.269675
G-86,2790,CoB (NBS),Sabrina Lim,Female,4.02,G-86-4,0.269531
G-86,4844,WKW SCI,Philip Harris,Male,4.22,G-86-4,0.349675
G-86,3300,SSS,Mila Chen,Female,4.12,G-86-4,1.109203
G-86,4828,CCDS,Justin Tan,Male,4.06,G-86-4,1.229304
G-86,4124,CEE,Jian Chen,Male,4.14,G-86-4,1.269234
G-86,2032,CoB (NBS),Jasmin Ali,Female,4.17,G-86-5,0.269339
G-86,1964,CoB (NBS),Chad Tan,Male,3.95,G-86-5,0.350237
G-86,2777,EEE,Ali Hasan,Male,4,G-86-5,0.989693
G-86,2453,SoH,Brenda Tan,Female,4.19,G-86-5,1.18945
G-86,934,CEE,Zulfiqar Bin Rahman,Male,4.25,G-86-5,1.269973
G-86,5024,CoB (NBS),Alya Binti,Female,4.12,G-86-6,0.269203
G-86,2368,CoB (NBS),Kota Suzuki,Male,4.09,G-86-6,0.349218
G-86,3848,EEE,Alex Chan,Male,4.1,G-86-6,0.989205
G-86,2550,CCEB,Priya Joshi,Female,4.22,G-86-6,1.149675
G-86,3118,MAE,Sergey Fedorov,Male,4.03,G-86-6,1.229462
G-86,3355,CoB (NBS),Isla Li,Female,4.09,G-86-7,0.269218
G-86,76,CoB (NBS),Nashit Ali,Male,4.12,G-86-7,0.349203
G-86,4459,EEE,Usman Ali,Male,4.1,G-86-7,0.989205
G-86,2878,MAE,Jessica Chen,Female,4.04,G-86-7,1.149402
G-86,96,NIE,Siti Fatimah,Female,4.2,G-86-7,1.229517
G-86,1657,WKW SCI,Joyce Lim,Female,4.14,G-86-8,0.269234
G-86,497,WKW SCI,Keng Jie Tan,Male,4.15,G-86-8,0.349261
G-86,1469,EEE,Ahsan Iqbal,Male,4,G-86-8,0.989693
G-86,5190,CCEB,Hannah Cook,Female,4.03,G-86-8,1.149462
G-86,5551,CCDS,Mohsin Ali,Male,4.19,G-86-8,1.22945
G-86,3858,CoB (NBS),David Stewart,Male,4.11,G-86-9,0.3492
G-86,2763,EEE,Diana Lee,Female,4.03,G-86-9,0.909462
G-86,1265,CCDS,Lydia Carter,Female,4.12,G-86-9,1.149203
G-86,1665,MSE,Dahlia Freeman,Female,4.06,G-86-9,1.229304
G-86,644,CoE,Caleb Liu,Male,4.01,G-86-9,1.309608
G-86,4359,CoB (NBS),Sophie Ross,Female,3.92,G-86-10,0.270659
G-86,226,EEE,Sophie Wong,Female,4.2,G-86-10,0.909517
G-86,5980,SSS,Vaishali Singh,Female,4.14,G-86-10,1.109234
G-86,5925,SBS,Lina Binti Salleh,Female,3.95,G-86-10,1.190237
G-86,3099,ADM,Dapeng,Male,4.05,G-86-10,1.309349
G-87,3633,CoB (NBS),Gaurav Mehta,Male,4.35,G-87-1,0.370142
G-87,334,SSS,Naila Rani,Female,3.97,G-87-1,1.008883
G-87,423,SBS,Ruiying,Female,4.1,G-87-1,1.168014
G-87,4324,SPMS,Jae-Min Lim,Male,4.03,G-87-1,1.248314
G-87,1398,EEE,Suresh Pillai,Male,4.22,G-87-1,1.288411
G-87,3690,CCDS,Serena Lim,Female,4.15,G-87-2,0.968039
G-87,2049,SSS,Hannah Park,Female,4.1,G-87-2,1.008014
G-87,5079,SPMS,Zarina Malik,Female,4.12,G-87-2,1.168
G-87,1099,MAE,Nadia Lim,Female,4.1,G-87-2,1.208014
G-87,2858,NIE,Logan Kim,Male,4.19,G-87-2,1.328204
G-87,5947,CCDS,Aria White,Female,3.87,G-87-3,0.970472
G-87,887,SSS,Tina Lee,Female,4.01,G-87-3,1.008472
G-87,4787,SBS,Ella Lewis,Female,4.16,G-87-3,1.168069
G-87,1862,CEE,Ravi Mehta,Male,4.57,G-87-3,1.21615
G-87,2756,ASE,Zhong Li,Male,4.03,G-87-3,1.288314
G-87,1609,CoB (NBS),Meera Tan,Female,4.02,G-87-4,0.288389
G-87,3927,SSS,Violet Lau,Female,4.19,G-87-4,1.008204
G-87,159,CCDS,Kunal Yadav,Male,4.17,G-87-4,1.048106
G-87,4121,SoH,Nguyen Minh Hoang,Male,4.06,G-87-4,1.208137
G-87,3370,CCEB,Logan Lewis,Male,4.18,G-87-4,1.288151
G-87,5146,CCDS,Chloe Adams,Female,4.12,G-87-5,0.968
G-87,4778,SSS,Lia Nguyen,Female,4.06,G-87-5,1.008137
G-87,4183,SBS,Ava Tan,Female,3.94,G-87-5,1.169276
G-87,1756,SPMS,Noah Qian,Male,4.2,G-87-5,1.248265
G-87,4799,MAE,Yifan Zhao,Male,4.3,G-87-5,1.289316
G-87,1210,CoB (NBS),Alyssa Liu,Female,4.02,G-87-6,0.288389
G-87,2686,CCDS,Kanika Iyer,Female,4.52,G-87-6,0.974445
G-87,5935,CCDS,Zayne Jackson,Male,4.02,G-87-6,1.048389
G-87,5067,SoH,Liam Zhao,Male,4.01,G-87-6,1.208472
G-87,1690,ADM,Huma Iqbal,Female,4.02,G-87-6,1.248389
G-87,3530,CoB (NBS),Mika Kobayashi,Female,4.01,G-87-7,0.288472
G-87,2535,SSS,Alia Kapoor,Female,4.12,G-87-7,1.008
G-87,1085,CoE,Hana Suzuki,Female,4.21,G-87-7,1.168334
G-87,1916,CEE,Miko Setiawan,Male,4.2,G-87-7,1.208265
G-87,5479,CCEB,Charlie Li,Male,4.04,G-87-7,1.288247
G-87,1962,CoB (NBS),Kajal Desai,Female,4.1,G-87-8,0.288014
G-87,2169,CCDS,Ryder Harris,Male,4.14,G-87-8,1.048018
G-87,921,CEE,Elsie Zhao,Female,4.1,G-87-8,1.128014
G-87,4429,SoH,Santiago Garcia,Male,4.17,G-87-8,1.208106
G-87,1061,CoE,Hao Yang,Male,4.03,G-87-8,1.248314
G-87,4099,CoB (NBS),Olivia Scott,Female,4.06,G-87-9,0.288137
G-87,1692,CCDS,Benedict Cruz,Male,4.09,G-87-9,1.048033
G-87,2492,SoH,Lydia Diaz,Female,4.25,G-87-9,1.128691
G-87,5765,CEE,Emmett Carter,Male,4.06,G-87-9,1.208137
G-87,2964,CoE,Yang Jun Lim,Male,4.05,G-87-9,1.248188
G-87,4219,CoB (NBS),Owais Iqbal,Male,4.07,G-87-10,0.368094
G-87,2413,SSS,Soo-Young Park,Female,4.12,G-87-10,1.008
G-87,2963,ASE,Saman Bukhari,Female,4.1,G-87-10,1.208014
G-87,3853,EEE,Victoria Flores,Female,4.03,G-87-10,1.208314
G-87,4263,LKCMedicine,Cheng Yi,Male,4.18,G-87-10,1.328151
G-88,1471,CoB (NBS),Yong Wei,Male,4.22,G-88-1,0.289927
G-88,4309,EEE,Riya Suresh,Female,4.02,G-88-1,1.04937
G-88,3539,SoH,Usman Tariq,Male,4.2,G-88-1,1.089727
G-88,3978,MAE,Xena Alvarado,Female,4.08,G-88-1,1.169201
G-88,3829,SPMS,Zhao Ming,Male,4.12,G-88-1,1.249248
G-88,455,CoB (NBS),Oliver Davis,Male,4.2,G-88-2,0.289727
G-88,2949,EEE,Naoko Nishiyama,Female,4,G-88-2,1.04949
G-88,2824,MAE,Elliot Bautista,Male,4.17,G-88-2,1.089488
G-88,4134,SoH,Megan Ortiz,Female,4.12,G-88-2,1.169248
G-88,2505,CEE,Aiden Huang,Male,4.01,G-88-2,1.249426
G-88,4639,WKW SCI,Rehan Tariq,Male,4.05,G-88-3,0.28925
G-88,3337,EEE,Yuki Suzuki,Female,4.2,G-88-3,1.049727
G-88,1889,SoH,Mason Clark,Male,3.97,G-88-3,1.089731
G-88,1311,MAE,Yuki Sato,Female,4.14,G-88-3,1.16932
G-88,3731,NIE,Brayden Cooper,Male,4.1,G-88-3,1.249209
G-88,5901,EEE,Landon Zhao,Male,4.11,G-88-4,0.969225
G-88,280,MAE,Pablo Mendoza,Male,4.02,G-88-4,1.08937
G-88,395,CCEB,Jade Bell,Female,4.03,G-88-4,1.129322
G-88,4608,CCDS,Sanya Bansal,Female,4.15,G-88-4,1.209368
G-88,2062,LKCMedicine,Fei Wang,Male,4.14,G-88-4,1.24932
G-88,1296,CoB (NBS),Kavya Nair,Female,4.09,G-88-5,0.369201
G-88,5617,EEE,Rashid Khan,Male,3.86,G-88-5,0.971229
G-88,5820,CCEB,Anjali Bansal,Female,4.18,G-88-5,1.129559
G-88,4047,CoE,Wei Jie Yeo,Male,4.15,G-88-5,1.169368
G-88,2434,SBS,Eleanor Hayes,Female,4.14,G-88-5,1.24932
G-88,4410,CoB (NBS),Averie Lin,Female,4.11,G-88-6,0.369225
G-88,4272,EEE,Sergei Moroz,Male,3.86,G-88-6,0.971229
G-88,3398,CCEB,Pengfei,Female,4.15,G-88-6,1.129368
G-88,1152,CoE,Gaurav Nair,Male,4.1,G-88-6,1.169209
G-88,3803,SBS,Qingyu,Female,4.2,G-88-6,1.249727
G-88,5378,CoB (NBS),Sophie Lim,Female,4.05,G-88-7,0.36925
G-88,4022,CCEB,Musa Khan,Male,4.18,G-88-7,1.049559
G-88,735,CCDS,Jaxon Ward,Male,3.92,G-88-7,1.130292
G-88,2978,SBS,Dante Lee,Male,4.04,G-88-7,1.169282
G-88,3708,MSE,Katrina Ong,Female,4.22,G-88-7,1.289927
G-88,5345,EEE,Beckett Liu,Male,4.01,G-88-8,0.969426
G-88,580,SoH,Derek Xu,Male,4.15,G-88-8,1.089368
G-88,5502,CCEB,Layla Moore,Female,4.01,G-88-8,1.129426
G-88,660,MSE,Leonardo Santos,Male,4.04,G-88-8,1.209282
G-88,1354,SSS,Gita Kristina,Female,4.15,G-88-8,1.329368
G-88,3715,CoB (NBS),Petrus Santoso,Male,4.1,G-88-9,0.289209
G-88,3864,EEE,Daphne Tsai,Female,4.08,G-88-9,1.049201
G-88,5128,MAE,Ameen Malik,Male,4.17,G-88-9,1.089488
G-88,2342,SoH,Liangyu,Female,4,G-88-9,1.16949
G-88,493,CCDS,Nina Binti Ismail,Female,4,G-88-9,1.20949
G-88,1565,CoB (NBS),Vera Ong,Female,4.15,G-88-10,0.369368
G-88,3710,CCEB,Pengfei,Male,4,G-88-10,1.04949
G-88,5582,CCDS,Asher King,Male,3.89,G-88-10,1.130724
G-88,3427,CoE,Siddharth Rao,Male,3.95,G-88-10,1.169931
G-88,3580,ADM,Aiko Suzuki,Female,4.26,G-88-10,1.330422
G-89,626,SBS,Cameron Torres,Male,4.01,G-89-1,1.046114
G-89,5532,CCDS,Kieran Lewis,Male,4.03,G-89-1,1.126045
G-89,2503,SSS,Hadley Chen,Female,4.08,G-89-1,1.166011
G-89,2600,SoH,Quinlan Alonzo,Male,4.03,G-89-1,1.246045
G-89,4089,ASE,Lily Evans,Female,4.25,G-89-1,1.287393
G-89,5606,SBS,Sienna Lin,Female,4.16,G-89-2,1.046373
G-89,3320,EEE,Felix Yang,Male,4.14,G-89-2,1.086235
G-89,3003,CCEB,Dong-Hoon Park,Male,4.11,G-89-2,1.126087
G-89,4139,SSS,Amira Yusof,Female,3.88,G-89-2,1.167345
G-89,2666,SPMS,Cynthia Ng,Female,4.08,G-89-2,1.246011
G-89,3053,CoB (NBS),Miki Nishimura,Female,4.03,G-89-3,0.326045
G-89,3645,SBS,Felix Lim,Male,4.19,G-89-3,1.046641
G-89,399,CCDS,Ajay Kumar,Male,3.97,G-89-3,1.126349
G-89,2534,SSS,Victoria Bell,Female,3.95,G-89-3,1.166514
G-89,2340,SoH,Fiona Parker,Female,4.21,G-89-3,1.24686
G-89,3004,CoB (NBS),Yvette Clarke,Female,4.25,G-89-4,0.327393
G-89,5737,EEE,Xiang Chen,Male,3.89,G-89-4,1.087203
G-89,2873,CCDS,Landon Wood,Male,4,G-89-4,1.126161
G-89,1863,SSS,Yasmin Yip,Female,4.18,G-89-4,1.166544
G-89,2876,NIE,Puneet Kumar,Male,4.02,G-89-4,1.246075
G-89,2201,CoB (NBS),David Lewis,Male,4.07,G-89-5,0.326002
G-89,1589,SBS,Yani Lestari,Female,3.8,G-89-5,1.048775
G-89,5792,CCDS,Zahra Sari,Female,4.15,G-89-5,1.1263
G-89,3130,ADM,Harry Chua,Male,4.2,G-89-5,1.206746
G-89,882,NIE,Shen Ming,Male,4.1,G-89-5,1.246054
G-89,1796,CoB (NBS),Nadia Bukhari,Female,4.12,G-89-6,0.326128
G-89,3951,EEE,Kian Wei Lim,Male,4.02,G-89-6,1.086075
G-89,402,CCEB,Chloe Hall,Female,4.01,G-89-6,1.126114
G-89,3225,ADM,Zachary Zhang,Male,4.08,G-89-6,1.206011
G-89,1866,CoE,Peter Harris,Male,4.09,G-89-6,1.246028
G-89,1562,CoB (NBS),Quincy Alvarado,Male,4.18,G-89-7,0.326544
G-89,980,SBS,Carmen Torres,Female,4.48,G-89-7,1.052942
G-89,2039,CCEB,Belinda Ong,Female,3.85,G-89-7,1.127822
G-89,4476,ADM,Huanyu,Male,3.85,G-89-7,1.207822
G-89,1386,SPMS,Taeyang Kim,Male,3.92,G-89-7,1.246823
G-89,4093,WKW SCI,Kiara Tan,Female,3.9,G-89-8,0.327068
G-89,4078,EEE,Dante Tan,Male,4.22,G-89-8,1.086981
G-89,2708,CCEB,Aisha Binti Ahmad,Female,4.11,G-89-8,1.126087
G-89,5525,MAE,Leo Salazar,Male,4.15,G-89-8,1.2063
G-89,4499,CoE,Sana Khan,Female,3.9,G-89-8,1.247068
G-89,3984,SBS,Fengjie,Female,4.15,G-89-9,1.0463
G-89,1351,EEE,Ling Chen,Female,3.8,G-89-9,1.088775
G-89,1584,CCEB,Nadia Lee,Female,4.11,G-89-9,1.126087
G-89,5573,MAE,Seung Cho,Male,4.15,G-89-9,1.2063
G-89,2849,CEE,Liam Wu,Male,4.05,G-89-9,1.246007
G-89,2904,SBS,Alexandra Orlova,Female,4.14,G-89-10,1.046235
G-89,4864,EEE,Isaac Lee,Male,4.1,G-89-10,1.086054
G-89,911,CCDS,Ahsan Waseem,Male,3.88,G-89-10,1.127345
G-89,5475,MAE,Ella White,Female,4.1,G-89-10,1.206054
G-89,2586,CEE,Ananya Iyer,Female,4.03,G-89-10,1.246045
G-90,10,CoB (NBS),Chandra Dewi,Female,4.2,G-90-1,0.306609
G-90,1912,CCDS,Dingming,Male,4.52,G-90-1,1.033864
G-90,1898,CCEB,Zara Rivera,Female,4.22,G-90-1,1.106823
G-90,2440,EEE,Liam Brown,Male,4.17,G-90-1,1.146349
G-90,3136,SPMS,Sakura Yoshida,Female,3.86,G-90-1,1.227877
G-90,4180,CCDS,Alyssa Parker,Female,4.19,G-90-2,0.946514
G-90,132,EEE,Aditi Verma,Female,4,G-90-2,1.066235
G-90,4075,EEE,Dmitry Ivanovich,Male,4.06,G-90-2,1.146011
G-90,4929,CEE,Usman Malik,Male,4.08,G-90-2,1.226
G-90,1319,MAE,Neha Verma,Female,4.06,G-90-2,1.266011
G-90,5319,CCDS,Liang Chen,Female,4.19,G-90-3,0.946514
G-90,1601,SSS,Samira Younis,Female,4.01,G-90-3,1.066177
G-90,24,SoH,Rida Awan,Female,4.06,G-90-3,1.146011
G-90,1702,MSE,Gracie Mendoza,Female,4.03,G-90-3,1.146087
G-90,1561,SBS,Vince Mendoza,Male,4.1,G-90-3,1.306022
G-90,4417,CCDS,Samiullah Tariq,Male,4,G-90-4,1.026235
G-90,2241,SSS,Lakshmi Nair,Female,4.02,G-90-4,1.066128
G-90,2086,MSE,Jingyi Li,Female,4.06,G-90-4,1.146011
G-90,2414,CEE,Yuna Kim,Female,4.15,G-90-4,1.146216
G-90,488,SBS,David Young,Male,4.14,G-90-4,1.306161
G-90,4105,CoB (NBS),Celia Wang,Female,4.14,G-90-5,0.306161
G-90,4729,CCDS,Oscar Ho,Male,3.95,G-90-5,1.026641
G-90,5655,CCEB,Chengwei,Female,4.15,G-90-5,1.106216
G-90,1381,EEE,Nathan Lim,Male,4.02,G-90-5,1.146128
G-90,1514,SoH,Nikhil Singhal,Male,4.1,G-90-5,1.226022
G-90,4191,CoB (NBS),Romy Hughes,Female,4.04,G-90-6,0.306054
G-90,788,CCDS,Dai Sato,Male,4.26,G-90-6,1.027345
G-90,4147,CCEB,Sofiya Khan,Female,4.03,G-90-6,1.106087
G-90,5294,EEE,Karthik Reddy,Male,4.01,G-90-6,1.146177
G-90,353,CEE,Anthony Grant,Male,4.01,G-90-6,1.226177
G-90,4875,CCDS,Jiang Bo,Male,4.03,G-90-7,1.026087
G-90,5235,SSS,Chloe King,Female,4.02,G-90-7,1.066128
G-90,4142,MSE,Meisha Mehta,Female,4.12,G-90-7,1.146075
G-90,1753,SoH,Sonia Lee,Female,4.15,G-90-7,1.146216
G-90,5091,SPMS,Rajesh Mehta,Male,4.03,G-90-7,1.306087
G-90,2313,CoB (NBS),Lila Morgan,Female,4.06,G-90-8,0.306011
G-90,3518,CCDS,Bennett Zhang,Male,4.18,G-90-8,1.026428
G-90,4763,EEE,Mila Richardson,Female,3.92,G-90-8,1.066981
G-90,2612,SSS,Jaden Dela Cruz,Male,4.01,G-90-8,1.146177
G-90,3964,SoH,Liam Davis,Male,4.1,G-90-8,1.226022
G-90,846,CoB (NBS),Mei Li,Female,4.01,G-90-9,0.306177
G-90,3506,CCDS,Nathan Kim,Male,4.26,G-90-9,1.027345
G-90,1887,CCEB,Maya Mehta,Female,4.2,G-90-9,1.106609
G-90,4829,SSS,Oliver Chen,Male,3.89,G-90-9,1.147393
G-90,3779,MSE,Oliver Cheng,Male,3.89,G-90-9,1.227393
G-90,273,CoB (NBS),Yunfeng,Male,4.1,G-90-10,0.386022
G-90,2213,SSS,Hania Khan,Female,4.04,G-90-10,1.066054
G-90,3542,CEE,Nadia Pineda,Female,4.09,G-90-10,1.146007
G-90,4553,CCEB,Sandeep Kumar,Male,3.8,G-90-10,1.18906
G-90,5618,ASE,Evelyn Clark,Female,4.1,G-90-10,1.266022
G-91,5166,EEE,Qiao Min,Female,4.01,G-91-1,1.136625
G-91,5748,CoE,Akash Choudhary,Male,3.85,G-91-1,1.018609
G-91,4240,CCDS,Ajay Thakur,Male,4.14,G-91-1,1.096521
G-91,3998,MAE,Elena Morales,Female,4.17,G-91-1,1.216689
G-91,5640,CCEB,Alya Binti Harun,Female,4.3,G-91-1,1.258249
G-91,5531,CoB (NBS),Sofia Lin,Female,4.14,G-91-2,0.336521
G-91,2660,CoE,Gavin Tan,Male,3.88,G-91-2,1.018081
G-91,4705,EEE,Hui Ling Ng,Male,4.2,G-91-2,1.096929
G-91,1198,MAE,Fatima Ali,Female,4.15,G-91-2,1.216569
G-91,1397,CCEB,Nadia Aziz,Female,4.1,G-91-2,1.256409
G-91,4760,CoB (NBS),Uli Dwi,Female,4.1,G-91-3,0.336409
G-91,5208,CEE,Tristan Zhang,Male,4.09,G-91-3,1.096401
G-91,2441,CCDS,Wei Ming,Male,4.06,G-91-3,1.096425
G-91,5295,SSS,Michael Zhang,Male,3.98,G-91-3,1.136841
G-91,2015,ASE,Tanisha Malhotra,Female,4.21,G-91-3,1.297025
G-91,692,CoB (NBS),Samantha Ng,Female,4.18,G-91-4,0.336761
G-91,5206,CoE,Raymond Lim,Male,4.07,G-91-4,1.016409
G-91,4996,CCDS,Zheng Li,Male,4.11,G-91-4,1.096425
G-91,3505,EEE,Nina Wong,Female,3.9,G-91-4,1.137769
G-91,331,NIE,Oliver Chen,Male,4.17,G-91-4,1.216689
G-91,85,CoB (NBS),Kira Sato,Female,4.01,G-91-5,0.336625
G-91,443,WKW SCI,Huang Wei Lim,Male,4.05,G-91-5,0.296449
G-91,2401,CCDS,Karthik Nair,Male,4.12,G-91-5,1.096449
G-91,84,MAE,Tallulah Tan,Female,4.05,G-91-5,1.216449
G-91,5120,SBS,Aria Wang,Female,4.2,G-91-5,1.296929
G-91,5763,CoB (NBS),Mia Sun,Female,4.12,G-91-6,0.336449
G-91,5082,CoE,Gunnar Yang,Male,4.2,G-91-6,1.016929
G-91,2173,EEE,Kiran Nair,Male,4.05,G-91-6,1.096449
G-91,1009,SSS,Samia Khan,Female,4.03,G-91-6,1.176521
G-91,5972,SoH,Clara Xu,Female,4.03,G-91-6,1.256521
G-91,2997,CoB (NBS),Alyssa Yeo,Female,4.05,G-91-7,0.336449
G-91,2377,CoE,Ryan Peterson,Male,4.15,G-91-7,1.016569
G-91,354,CEE,Haris Malik,Male,4.05,G-91-7,1.096449
G-91,3450,SSS,Lyra Tsai,Female,4.06,G-91-7,1.176425
G-91,5104,SPMS,Samuel Lim,Male,4.11,G-91-7,1.256425
G-91,4656,CoB (NBS),Exiang,Female,4.05,G-91-8,0.336449
G-91,3579,CoE,Landon Liu,Male,4.05,G-91-8,1.016449
G-91,4986,CEE,Xander Wang,Male,4.14,G-91-8,1.096521
G-91,1834,SSS,Ha Tran,Female,4.15,G-91-8,1.176569
G-91,3085,ADM,Andrew Wong,Male,4.03,G-91-8,1.256521
G-91,3584,CEE,Xing Wei,Male,4.1,G-91-9,1.096409
G-91,4692,CoB (NBS),Lily Rogers,Female,4.2,G-91-9,0.336929
G-91,5760,EEE,Zane Chen,Male,4.01,G-91-9,1.096625
G-91,5845,CCDS,Yoko Taniguchi,Female,3.85,G-91-9,1.138609
G-91,3519,SoH,Parker Martin,Male,4.22,G-91-9,1.217129
G-91,474,CoB (NBS),Vikram Rao,Male,3.82,G-91-10,0.299209
G-91,4971,CoE,Charlotte Anderson,Female,4,G-91-10,1.056689
G-91,1749,CEE,Aiyun Zhou,Male,4.2,G-91-10,1.096929
G-91,1695,CoB (NBS),Zainab Binti Musa,Female,4.15,G-91-10,0.336569
G-91,4084,NIE,Xavier Cox,Male,4.19,G-91-10,1.216841
G-92,175,WKW SCI,Sara Zhang,Female,4.17,G-92-1,0.335798
G-92,2210,CCDS,Ilya Semyonov,Male,4.09,G-92-1,1.055604
G-92,1199,NIE,Tariq Khan,Male,4,G-92-1,1.095997
G-92,2900,SBS,Leo Turner,Male,4.19,G-92-1,1.175927
G-92,4344,SSS,Tatiana Ivanovna,Female,4.16,G-92-1,1.255746
G-92,2304,CoB (NBS),Erica Chen,Female,4.17,G-92-2,0.335798
G-92,904,CCDS,Harris Rahman,Male,4,G-92-2,1.055997
G-92,5135,CCEB,Quin Tsang,Male,4.22,G-92-2,1.09618
G-92,2848,CEE,Kuzaimi Bin Rahman,Male,4,G-92-2,1.175997
G-92,4369,SSS,Megan Tan,Female,4.15,G-92-2,1.255702
G-92,4073,CoB (NBS),Anum Iqbal,Female,4.15,G-92-3,0.335702
G-92,555,CCDS,Ricky Tan,Male,4.02,G-92-3,1.055853
G-92,5806,NIE,Khanh Nguyen,Male,4.18,G-92-3,1.095859
G-92,2681,SBS,Samuel Robinson,Male,4.06,G-92-3,1.175663
G-92,1189,SoH,Aria Patel,Female,4.12,G-92-3,1.255617
G-92,3900,CoB (NBS),Riley Green,Female,4.03,G-92-4,0.335794
G-92,2325,EEE,Xander Yip,Male,4.21,G-92-4,1.056088
G-92,1333,NIE,Vincent Wong,Male,4.02,G-92-4,1.095853
G-92,5470,CEE,Husni Bin Mohd,Male,4.15,G-92-4,1.175702
G-92,4202,SoH,Sasha Lim,Female,4.12,G-92-4,1.255617
G-92,1913,CoB (NBS),Heng Wei,Male,4,G-92-5,0.295997
G-92,4027,EEE,Lucas Lee,Male,4.2,G-92-5,1.056003
G-92,3856,CCDS,Avery Reyes,Female,4.22,G-92-5,1.09618
G-92,4945,CoB (NBS),Sarah Kelly,Female,4.17,G-92-5,0.335798
G-92,4113,SBS,Rania Noor,Female,3.94,G-92-5,1.216619
G-92,4627,WKW SCI,Michael Brown,Male,3.9,G-92-6,0.297194
G-92,4635,CCDS,Qais Bin Mohd,Male,4.25,G-92-6,1.056505
G-92,99,EEE,Abigail Lee,Female,4.09,G-92-6,1.095604
G-92,2063,CCEB,Samantha Evans,Female,4.03,G-92-6,1.135794
G-92,5865,SPMS,Lan Xiu,Female,4.23,G-92-6,1.21628
G-92,2494,CCEB,Jessie Tan,Female,4,G-92-7,1.135997
G-92,3023,EEE,Carter Young,Male,4.1,G-92-7,1.0556
G-92,3013,NIE,Harper Chen,Female,4.12,G-92-7,1.135617
G-92,1185,SPMS,Nicolas Brown,Male,4.08,G-92-7,1.175615
G-92,3768,CoE,Ming Zhou,Male,4.18,G-92-7,1.255859
G-92,4146,CoB (NBS),Amit Chandra,Male,3.85,G-92-8,0.298092
G-92,4400,CCDS,Tobias Li,Male,4.22,G-92-8,1.05618
G-92,5626,EEE,Jing Chen,Female,4.01,G-92-8,1.095921
G-92,3793,CEE,Jett Green,Male,4.19,G-92-8,1.175927
G-92,146,MAE,Jasmine Zhao,Female,4.19,G-92-8,1.255927
G-92,380,CoB (NBS),Ella Ramirez,Female,4.01,G-92-9,0.335921
G-92,2369,CCEB,Hao Jun Lim,Male,4.1,G-92-9,1.0956
G-92,5292,EEE,Shalini Rao,Female,3.92,G-92-9,1.09689
G-92,2301,MAE,Zane Tan,Male,4.2,G-92-9,1.216003
G-92,1391,MSE,Qistina Binti Mohd,Female,4.2,G-92-9,1.296003
G-92,1700,CoB (NBS),Kevin Chang,Male,4.03,G-92-10,0.295794
G-92,1332,CoB (NBS),Lily Smith,Female,3.92,G-92-10,0.33689
G-92,3047,NIE,Nico Lim,Male,4.22,G-92-10,1.09618
G-92,461,CCEB,Fathima Khan,Female,4.25,G-92-10,1.136505
G-92,2236,SPMS,Salina Binti Omar,Female,3.95,G-92-10,1.216495
G-93,4710,EEE,Anjali Joshi,Female,4.15,G-93-1,0.983614
G-93,4653,CCDS,Oliver Wright,Male,4.18,G-93-1,1.143694
G-93,3293,SoH,Sari Rakhmawati,Female,4.79,G-93-1,1.16095
G-93,5862,LKCMedicine,Tanya Mohan,Female,4.06,G-93-1,1.223804
G-93,4752,SBS,Liam Ng,Male,4,G-93-1,1.304291
G-93,2761,CoB (NBS),Anu Joshi,Female,4.48,G-93-2,0.268461
G-93,1948,CCDS,Cika Puspita,Female,4.1,G-93-2,1.023639
G-93,601,EEE,Ulysses Yip,Male,4.01,G-93-2,1.10419
G-93,4065,MAE,Holly Zhang,Female,4.03,G-93-2,1.184011
G-93,5798,CEE,Lucas Ong,Male,4.19,G-93-2,1.263737
G-93,816,CoB (NBS),Khalisah Binti Mohd,Female,3.9,G-93-3,0.265742
G-93,2249,EEE,Omar Khan,Female,4.2,G-93-3,0.983788
G-93,1921,CCDS,Joseph Parker,Male,4.12,G-93-3,1.143605
G-93,1498,NIE,Akemi Saito,Female,4.52,G-93-3,1.14964
G-93,2599,ADM,Charles Cooper,Male,4.02,G-93-3,1.264096
G-93,5001,CoB (NBS),Carter Liu,Male,4.17,G-93-4,0.38366
G-93,5634,CCEB,Willow Bennett,Female,4.1,G-93-4,1.063639
G-93,2185,ADM,Rania Binti Ali,Female,4.1,G-93-4,1.143639
G-93,4597,CoE,Pamela Tan,Female,4.14,G-93-4,1.183603
G-93,1637,CEE,Zane Chan,Male,4.19,G-93-4,1.263737
G-93,1932,CoB (NBS),Niamh Wright,Female,4.09,G-93-5,0.263669
G-93,4176,EEE,Henry Lin,Male,4.09,G-93-5,1.103669
G-93,1857,SSS,Fitriani Rahayu,Female,4.05,G-93-5,1.103865
G-93,5807,CCDS,Benjamin Zhang,Male,4.27,G-93-5,1.144368
G-93,5013,CEE,Rohan Bhatt,Male,4.18,G-93-5,1.263694
G-93,893,CoB (NBS),Sofia Williams,Female,4.09,G-93-6,0.263669
G-93,4610,EEE,Logan Perry,Male,4.08,G-93-6,1.103706
G-93,4972,SSS,Anya Tan,Female,4.02,G-93-6,1.104096
G-93,4907,CCEB,Aman Kumar,Male,4.18,G-93-6,1.183694
G-93,3342,NIE,Chau Tran,Male,4.25,G-93-6,1.264163
G-93,1295,CoB (NBS),Maxwell Li,Male,4.05,G-93-7,0.383865
G-93,5446,CCEB,Meera Iyer,Female,4.18,G-93-7,1.063694
G-93,2064,NIE,Ronghua,Female,4.15,G-93-7,1.143614
G-93,1205,MAE,Zainab Malik,Female,4.19,G-93-7,1.183737
G-93,5307,CoE,Peizhen,Male,4.05,G-93-7,1.303865
G-93,1118,CoB (NBS),Hiroshi Tanaka,Male,4.15,G-93-8,0.383614
G-93,5610,CCDS,Xiu Zhen Tan,Female,4.1,G-93-8,1.023639
G-93,4970,SSS,Tran Thi Luong,Female,3.88,G-93-8,1.106128
G-93,4566,SBS,Sonia Kapoor,Female,4.19,G-93-8,1.183737
G-93,3834,SoH,Adeel Hussain,Male,4.23,G-93-8,1.263989
G-93,22,CCEB,Zara Johnson,Female,4.05,G-93-9,1.063865
G-93,106,CCDS,Lily White,Female,4.18,G-93-9,1.023694
G-93,492,EEE,Darren Yeo,Male,4.2,G-93-9,1.103788
G-93,1394,SoH,Lydia Bennett,Female,4,G-93-9,1.144291
G-93,3751,ADM,Finn Walker,Male,4.1,G-93-9,1.263639
G-93,2172,CoB (NBS),Aisha Binti,Female,4.02,G-93-10,0.264096
G-93,1028,EEE,Kriti Jain,Female,4.2,G-93-10,0.983788
G-93,2651,CoB (NBS),Disha Mehta,Female,3.86,G-93-10,0.266546
G-93,3822,CCEB,Yuan Lei,Male,4.12,G-93-10,1.183605
G-93,1147,SSS,Zhi Zhen,Male,3.92,G-93-10,1.225388
G-94,5203,CoB (NBS),Nikhil Bansal,Male,3.88,G-94-1,0.448484
G-94,4033,CCEB,Maya Huang,Female,4.06,G-94-1,1.046825
G-94,3438,SBS,Layla Alvi,Female,4.09,G-94-1,1.086801
G-94,5719,EEE,Spencer Xu,Male,4.11,G-94-1,1.286825
G-94,727,SPMS,Parker Wu,Male,4.48,G-94-1,1.333035
G-94,4556,CoB (NBS),Peixuan,Female,4.25,G-94-2,0.207886
G-94,1071,CEE,Margaret Tan,Female,4.19,G-94-2,1.007239
G-94,3910,SPMS,Hannah Morris,Female,4.01,G-94-2,1.087026
G-94,3892,CoE,Long Thi Bich,Male,4.11,G-94-2,1.286825
G-94,184,SoH,Adriel Tan,Male,4.03,G-94-2,1.366922
G-94,2551,CoB (NBS),Ivy Lin,Female,4.18,G-94-3,0.207159
G-94,2437,CEE,Charlotte Foster,Female,4,G-94-3,1.00709
G-94,4983,EEE,Ishika Roy,Female,4.19,G-94-3,1.047239
G-94,94,MAE,Ajay Bansal,Male,4.11,G-94-3,1.206825
G-94,551,SBS,Lorenzo Wu,Male,4.04,G-94-3,1.326882
G-94,3495,MAE,Shan Mei,Female,4.03,G-94-4,0.966922
G-94,4232,CCEB,Fatimah Noor,Female,4.14,G-94-4,1.04692
G-94,4082,SoH,Paige Wong,Female,4.06,G-94-4,1.126825
G-94,2240,CCDS,Saanvi Verma,Female,4.18,G-94-4,1.167159
G-94,5179,LKCMedicine,Kade Wu,Male,4.1,G-94-4,1.406809
G-94,3637,MAE,Pallavi Reddy,Female,4.12,G-94-5,0.966848
G-94,2725,SSS,Natalia Chen,Female,4.06,G-94-5,1.046825
G-94,797,MSE,Riya Kapoor,Female,4.06,G-94-5,1.126825
G-94,4530,NIE,Nan Liu,Female,4.04,G-94-5,1.166882
G-94,5133,ADM,Houston Chen,Male,4.14,G-94-5,1.40692
G-94,2899,CoB (NBS),Zainab Rehman,Female,4.14,G-94-6,0.20692
G-94,5484,MAE,Chloe Robinson,Female,3.91,G-94-6,0.968028
G-94,1969,EEE,Riley Turner,Female,4.22,G-94-6,1.047527
G-94,4522,SSS,Caleb Hughes,Male,4.08,G-94-6,1.286801
G-94,4137,CoE,Mason Lee,Male,4.03,G-94-6,1.286922
G-94,579,CEE,James Nelson,Male,4.01,G-94-7,1.247026
G-94,1793,EEE,Ella Tan,Female,4.14,G-94-7,1.04692
G-94,1893,SBS,Nida Javed,Female,4.19,G-94-7,1.087239
G-94,5169,MSE,Gracie Hall,Female,3.85,G-94-7,1.129013
G-94,3432,ASE,Rully Prabowo,Male,4.15,G-94-7,1.406968
G-94,156,CoB (NBS),Scarlett Collins,Female,4.18,G-94-8,0.207159
G-94,1669,CEE,Sofia Cooper,Female,4.03,G-94-8,1.006922
G-94,4230,SSS,Anita Devi,Female,3.85,G-94-8,1.049013
G-94,2499,CoE,Jackson Allen,Male,4.12,G-94-8,1.286848
G-94,5409,SPMS,Wang Wei,Male,4.15,G-94-8,1.326968
G-94,1107,CoB (NBS),Zara Khan,Female,4.09,G-94-9,0.206801
G-94,241,MAE,Chloe Davis,Female,4.15,G-94-9,0.966968
G-94,4891,SSS,Sheela Krishnan,Female,4,G-94-9,1.04709
G-94,1583,CEE,Amir Bin Khair,Male,4.05,G-94-9,1.24685
G-94,5753,CCEB,Ezekiel Li,Male,4.04,G-94-9,1.286882
G-94,63,WKW SCI,Lara Wong,Female,4.05,G-94-10,0.20685
G-94,1751,MAE,Cindy Tan,Female,4.15,G-94-10,0.966968
G-94,998,CoE,Paola Santos,Female,3.95,G-94-10,1.047531
G-94,1481,CoB (NBS),Freddy Wong,Male,4.22,G-94-10,0.447527
G-94,2508,CCEB,Ahmed Choudhary,Male,3.85,G-94-10,1.289013
G-95,4567,CoE,Siddharth Patil,Male,4.11,G-95-1,0.995673
G-95,3545,SSS,Saniya Ali,Female,4.08,G-95-1,1.195607
G-95,1928,NIE,Ming Wei,Male,4.15,G-95-1,1.155874
G-95,4926,SBS,Quinton Young,Male,4.03,G-95-1,1.195655
G-95,191,CCDS,Ying Hui,Female,4.2,G-95-1,1.316305
G-95,1060,CoB (NBS),Igor Kuznetsov,Male,3.9,G-95-2,0.236718
G-95,5710,SoH,Kartik Nair,Male,4.26,G-95-2,1.037087
G-95,3158,CCDS,Jae-Min Park,Male,4.52,G-95-2,1.123801
G-95,251,SoH,Isabella White,Female,3.94,G-95-2,1.236247
G-95,3059,MAE,Emily Ho,Female,3.88,G-95-2,1.317002
G-95,4186,WKW SCI,Aditya Bansal,Male,4.02,G-95-3,0.235689
G-95,1846,CoE,Darren Scott,Male,4.18,G-95-3,0.996109
G-95,1848,SSS,Malaya Chen,Female,4.03,G-95-3,1.195655
G-95,808,CCEB,Lillian Cooper,Female,4.05,G-95-3,1.235612
G-95,3151,EEE,Lijun,Female,4.2,G-95-3,1.236305
G-95,4812,CoB (NBS),Quincy Ramos,Male,4.05,G-95-4,0.235612
G-95,1880,SSS,Christopher Martinez,Male,4.17,G-95-4,0.996023
G-95,2284,SoH,Ailin,Male,4.3,G-95-4,1.037768
G-95,2700,EEE,Layla Tan,Female,3.94,G-95-4,1.236247
G-95,3466,CEE,Li Jing,Female,3.89,G-95-4,1.276856
G-95,5440,CoE,Adil Khan,Male,4.09,G-95-5,0.995621
G-95,5242,CCEB,Rizky Hidayat,Male,4.1,G-95-5,1.035643
G-95,3339,NIE,Koh Tze,Male,3.88,G-95-5,1.157002
G-95,2917,SoH,Manisha Wadhwa,Female,4.17,G-95-5,1.236023
G-95,4704,MAE,Dahlia Cooper,Female,4.1,G-95-5,1.315643
G-95,2501,CoB (NBS),Riku Nakamura,Male,4,G-95-6,0.235781
G-95,5284,CoE,Souta Watanabe,Male,3.8,G-95-6,0.998456
G-95,4085,CCDS,Matthew Baker,Male,4.5,G-95-6,1.123093
G-95,2572,SSS,Madeline Wu,Female,4.11,G-95-6,1.195673
G-95,3734,CEE,Aubrey Collins,Female,3.91,G-95-6,1.276588
G-95,3562,CoE,Saqib Khan,Male,4.16,G-95-7,0.995944
G-95,4615,CCEB,Kenta Matsumoto,Male,3.86,G-95-7,1.037317
G-95,1581,ASE,Kunal Joshi,Male,4.1,G-95-7,1.195643
G-95,591,MSE,Ming Yu,Male,4.12,G-95-7,1.195712
G-95,2480,ADM,Zara Noor,Female,4.04,G-95-7,1.39563
G-95,721,WKW SCI,Carter Li,Male,4.18,G-95-8,0.236109
G-95,3412,EEE,Rishabh Yadav,Male,4.01,G-95-8,1.035731
G-95,3885,MAE,Liam Yu,Male,4.01,G-95-8,1.115731
G-95,3012,SSS,Anam Iqbal,Female,4.14,G-95-8,1.195812
G-95,5407,CEE,Zara Binti Zain,Female,3.91,G-95-8,1.276588
G-95,4480,EEE,Jesse Bennett,Male,4.11,G-95-9,1.035673
G-95,657,CoE,Yong Cheng Tan,Male,4.2,G-95-9,0.996305
G-95,1509,WKW SCI,Nianzu,Male,4,G-95-9,0.235781
G-95,5455,CCEB,Selah Lin,Female,3.95,G-95-9,1.236149
G-95,4733,SoH,Scarlett Lee,Female,3.89,G-95-9,1.236856
G-95,3698,CoB (NBS),Hui Ying Tan,Male,4,G-95-10,0.235781
G-95,2226,SSS,Subhash Yadav,Male,4.19,G-95-10,0.996203
G-95,4439,CEE,Caden Rivera,Male,4.03,G-95-10,1.075655
G-95,3410,CCEB,Raegan Chen,Female,4,G-95-10,1.235781
G-95,1211,EEE,Kanya Setiawati,Female,3.9,G-95-10,1.236718
G-96,511,CoB (NBS),Zhaofeng,Female,4.25,G-96-1,0.270445
G-96,4906,EEE,Caiyun,Female,4,G-96-1,0.869417
G-96,2404,CoB (NBS),Isaiah Li,Male,4.15,G-96-1,0.429433
G-96,5587,CCEB,Aisha Binti Rahman,Female,3.85,G-96-1,1.0712
G-96,5050,SBS,Yun Chen,Male,4.2,G-96-1,1.229839
G-96,5363,CoB (NBS),Chad Dela Cruz,Male,4.02,G-96-2,0.429315
G-96,979,CCDS,Patty Lim,Female,4.12,G-96-2,0.989286
G-96,4488,EEE,Derek Chen,Male,4.1,G-96-2,1.029228
G-96,3617,MAE,Gwen Kwan,Female,4,G-96-2,1.149417
G-96,5196,SoH,Huilin,Female,4.2,G-96-2,1.229839
G-96,4939,CoB (NBS),Sophie Taylor,Female,4.52,G-96-3,0.277171
G-96,4189,EEE,Zahra Lestari,Female,4,G-96-3,0.869417
G-96,5197,EEE,Asher Li,Male,4.04,G-96-3,1.029245
G-96,4693,LKCMedicine,Ellie Bell,Female,3.86,G-96-3,1.151025
G-96,3171,SBS,Cody Evans,Male,4.02,G-96-3,1.229315
G-96,2344,CoB (NBS),Manish Verma,Male,4.05,G-96-4,0.429222
G-96,3738,EEE,Fang Xiu,Female,4.17,G-96-4,0.869572
G-96,3221,CCEB,Una Kaur,Female,4,G-96-4,1.069417
G-96,2888,SSS,Ellie Rivera,Female,4.1,G-96-4,1.149228
G-96,4092,SBS,Kunal Sinha,Male,4.12,G-96-4,1.229286
G-96,558,WKW SCI,Zhao Lei,Male,4.15,G-96-5,0.429433
G-96,3783,CCDS,Ranya Al-Mansoori,Female,4.17,G-96-5,0.989572
G-96,5397,CCEB,Yumiko Watanabe,Female,3.94,G-96-5,1.069914
G-96,5352,MAE,Sophia Smith,Female,4.15,G-96-5,1.149433
G-96,3552,CEE,Dmitri Andreevich,Male,4,G-96-5,1.389417
G-96,2782,CoB (NBS),Samuel Robinson,Male,4.14,G-96-6,0.429376
G-96,4396,CCDS,Zara Ali,Female,4.11,G-96-6,0.989253
G-96,4288,EEE,Oscar Lim,Male,4.17,G-96-6,1.029572
G-96,3447,SSS,Aditi Chai,Female,4.03,G-96-6,1.149276
G-96,1088,LKCMedicine,Liang Bo,Male,3.91,G-96-6,1.310271
G-96,5262,CoB (NBS),Samantha Flores,Female,4.02,G-96-7,0.269315
G-96,5652,EEE,Liam Wang,Male,4.06,G-96-7,1.029207
G-96,5207,SBS,Olive Lim,Female,4.21,G-96-7,1.069944
G-96,215,CCDS,Ayaan Shah,Male,4.02,G-96-7,1.149315
G-96,4037,MSE,Ying Xue,Female,4.02,G-96-7,1.189315
G-96,2826,CoB (NBS),Faisal Bukhari,Female,4.03,G-96-8,0.269276
G-96,4614,EEE,Ethan Harris,Male,4.14,G-96-8,1.029376
G-96,5834,CCEB,Rida Iqbal,Female,4.06,G-96-8,1.069207
G-96,4370,CCDS,Dhruv Srivastava,Male,4.03,G-96-8,1.149276
G-96,5327,MSE,Vera Smith,Female,4.02,G-96-8,1.189315
G-96,4079,EEE,Jack Peterson,Male,3.95,G-96-9,1.029811
G-96,609,CCDS,Marina Tan,Female,4.17,G-96-9,0.989572
G-96,2905,SBS,Ella Wright,Female,3.88,G-96-9,1.070699
G-96,3516,SSS,Nadia Binti Ahmad,Female,4.1,G-96-9,1.149228
G-96,3862,MAE,Jin-Soo Lee,Male,4.17,G-96-9,1.309572
G-96,1544,CoB (NBS),Jessica Tan,Female,4.04,G-96-10,0.269245
G-96,2909,EEE,Alexander Green,Male,4.1,G-96-10,1.029228
G-96,3224,CCEB,Ritika Mehta,Female,4.08,G-96-10,1.069202
G-96,717,CCDS,Victor Santos,Male,4.1,G-96-10,1.149228
G-96,5278,LKCMedicine,Anjali Tiwari,Female,3.94,G-96-10,1.149914
G-97,5159,CoB (NBS),Akira Kobayashi,Female,4.14,G-97-1,0.194163
G-97,4714,CCDS,Kiran Iyer,Female,3.9,G-97-1,0.875242
G-97,854,SSS,Emily Evans,Female,4.19,G-97-1,0.954518
G-97,394,CCEB,Lachlan Thompson,Male,4.03,G-97-1,1.274085
G-97,3266,CoB (NBS),Chao Zhang,Male,4.12,G-97-1,0.554077
G-97,2058,CoB (NBS),Alexander Mitchell,Male,4.06,G-97-2,0.55401
G-97,935,CCEB,Ayesha Siddiqui,Female,4.16,G-97-2,0.914281
G-97,3954,EEE,Kira Dewi,Female,4,G-97-2,0.994232
G-97,4618,CEE,Tanya Acharya,Female,4.2,G-97-2,1.034613
G-97,1953,SPMS,Wei Fang,Male,4.01,G-97-2,1.474175
G-97,4703,CoB (NBS),Scarlett Evans,Female,4.2,G-97-3,0.194613
G-97,862,CCEB,Violet Lee,Female,4.05,G-97-3,0.914027
G-97,408,SSS,Bohan,Female,4.1,G-97-3,0.954023
G-97,3176,CEE,Lola Zhao,Female,4.19,G-97-3,1.034518
G-97,3694,EEE,Grayson Wright,Male,3.89,G-97-3,1.355387
G-97,1836,CoB (NBS),Bella Ramirez,Female,4.26,G-97-4,0.195351
G-97,3816,CCEB,Rongxian,Female,4.3,G-97-4,0.916003
G-97,5648,SBS,Hannah Rogers,Female,3.9,G-97-4,0.995242
G-97,3284,SSS,Quade Cruz,Male,3.89,G-97-4,1.315387
G-97,1786,CEE,Tony Tsang,Male,4.07,G-97-4,1.394002
G-97,4757,CCDS,Kaira Lim,Female,4.01,G-97-5,0.874175
G-97,4356,CCEB,Keira Martinez,Female,4.26,G-97-5,0.915351
G-97,3218,SBS,Savannah Wood,Female,4.06,G-97-5,0.99401
G-97,2771,CoE,Margo Wang,Female,3.91,G-97-5,1.115105
G-97,4602,SPMS,Bodhi Yang,Male,4.17,G-97-5,1.474352
G-97,1860,CoB (NBS),Maya Gupta,Female,4.14,G-97-6,0.194163
G-97,1155,CCDS,Kinsley Price,Female,3.87,G-97-6,0.875701
G-97,1707,SSS,Mei Liu,Female,4.25,G-97-6,0.955208
G-97,1711,CCDS,Bashir Raza,Male,4.11,G-97-6,1.234046
G-97,5560,SBS,Zhou Wei,Male,4.02,G-97-6,1.354126
G-97,1924,CoB (NBS),Mei Xuan Tan,Female,4,G-97-7,0.194232
G-97,2380,CCDS,Siti Aminah Binti Ibrahim,Female,4.1,G-97-7,0.874023
G-97,2122,SSS,Zohra Khan,Female,4.18,G-97-7,0.954431
G-97,127,CCDS,Wicaksono Adi,Male,4.2,G-97-7,1.234613
G-97,595,EEE,Ali Raza,Male,3.89,G-97-7,1.355387
G-97,3336,CCDS,Jin-Ah Kim,Female,3.86,G-97-8,0.87587
G-97,1915,CCEB,Maya Wood,Female,4.06,G-97-8,0.91401
G-97,5239,SBS,Maya Chua,Female,4.21,G-97-8,0.994716
G-97,3442,ADM,Diana Khan,Female,4,G-97-8,1.114232
G-97,2989,CoE,Jayden Chen,Male,4.2,G-97-8,1.474613
G-97,2111,CCDS,Olive Wong,Female,4.18,G-97-9,0.874431
G-97,86,SSS,Asha Rahman,Female,3.89,G-97-9,0.955387
G-97,2168,EEE,Priti Choudhary,Female,4.26,G-97-9,0.995351
G-97,3917,MAE,Jasmine Wong,Female,4.01,G-97-9,1.154175
G-97,118,ASE,Adrian Chen,Male,3.97,G-97-9,1.514451
G-97,1222,EEE,Long Thi Bich,Male,4.17,G-97-10,1.354352
G-97,185,CCEB,Xiu Ying,Female,4.17,G-97-10,0.914352
G-97,863,SBS,Aria Thompson,Female,3.86,G-97-10,0.99587
G-97,5829,ADM,Layla Zhao,Female,4.1,G-97-10,1.114023
G-97,1901,CEE,Quinn Yip,Male,4.04,G-97-10,1.394052
G-98,5010,CCDS,Haru Yamaguchi,Male,4.14,G-98-1,0.803317
G-98,107,EEE,Paige Wang,Female,3.88,G-98-1,1.124897
G-98,1280,CEE,Jason Lam,Male,4.14,G-98-1,1.163317
G-98,738,MSE,Judah Hall,Male,4.03,G-98-1,1.203325
G-98,5855,NIE,Nianzu,Female,4.3,G-98-1,1.365032
G-98,3220,CCDS,Asher Wang,Male,4.27,G-98-2,0.804554
G-98,4747,CCDS,Jae-Suk Jung,Male,3.97,G-98-2,0.803738
G-98,276,EEE,Zoe Lee,Female,4.03,G-98-2,1.123325
G-98,1537,NIE,Josh Thompson,Male,4.18,G-98-2,1.203553
G-98,1612,SSS,Mindy Kwan,Female,4.02,G-98-2,1.323374
G-98,4310,CCDS,Caleb Lim,Male,4.02,G-98-3,0.803374
G-98,529,EEE,Uriah Salazar,Male,4.15,G-98-3,0.963364
G-98,5550,SoH,Alexander King,Male,4,G-98-3,1.163496
G-98,4691,SPMS,Carter Lee,Male,4.11,G-98-3,1.203223
G-98,3695,CCEB,Pei Li,Female,4.18,G-98-3,1.403553
G-98,4172,CCDS,Dhruv Singh,Male,4.14,G-98-4,0.803317
G-98,568,EEE,Finnley Brooks,Male,4.02,G-98-4,0.963374
G-98,4414,MAE,Colton Bailey,Male,4.12,G-98-4,1.163246
G-98,3491,MSE,Ryusei Nakamura,Male,4.09,G-98-4,1.203201
G-98,3983,SBS,Leah Wilson,Female,4.08,G-98-4,1.363201
G-98,1777,WKW SCI,Henry Hill,Male,4.1,G-98-5,0.283208
G-98,5605,CCDS,Dawn Lim,Female,4.2,G-98-5,0.96372
G-98,4243,EEE,Emily Li,Female,4.01,G-98-5,1.123431
G-98,3167,SoH,Hugo Yang,Male,4.26,G-98-5,1.164411
G-98,3122,MAE,Diana Binti Mohd,Female,3.88,G-98-5,1.324897
G-98,417,CCDS,Budi Santoso,Male,4.05,G-98-6,0.803252
G-98,4927,EEE,Aiden Chen,Male,4.01,G-98-6,0.963431
G-98,5545,CCDS,Asha Devi,Female,4.52,G-98-6,0.970734
G-98,3960,SPMS,Henry Bennett,Male,3.85,G-98-6,1.205428
G-98,4793,SBS,Kaiming,Female,4,G-98-6,1.363496
G-98,2875,CoB (NBS),Hana Wong,Female,4.01,G-98-7,0.443431
G-98,4447,CCDS,Gage Fisher,Male,4.22,G-98-7,0.803918
G-98,5369,SoH,Jay Patel,Male,4.03,G-98-7,1.163325
G-98,1447,SSS,Avery Smith,Female,4.12,G-98-7,1.323246
G-98,3105,ADM,Maya Lewis,Female,4.05,G-98-7,1.363252
G-98,5097,CoB (NBS),Katherine Young,Female,4.14,G-98-8,0.443317
G-98,2335,CCDS,Logan Taylor,Male,4.02,G-98-8,0.803374
G-98,4199,CEE,Malachi Foster,Male,4.26,G-98-8,1.164411
G-98,4035,CoE,Umar Sembiring,Male,3.9,G-98-8,1.244584
G-98,5866,ASE,Ritika Sharma,Female,4.06,G-98-8,1.403227
G-98,4160,CoB (NBS),Abigail King,Female,4.02,G-98-9,0.443374
G-98,3942,CCDS,Siddharth Mehta,Male,4.21,G-98-9,0.803815
G-98,1639,EEE,Matthew Evans,Male,4.11,G-98-9,0.963223
G-98,2517,ADM,Liu Chen,Male,4.14,G-98-9,1.203317
G-98,2289,MAE,Victoria Reed,Female,3.89,G-98-9,1.324737
G-98,947,CoB (NBS),Zhi Xuan,Male,4.04,G-98-10,0.283285
G-98,3041,CCDS,Syahrul Bin Omar,Male,4.2,G-98-10,0.80372
G-98,2934,EEE,Tara Menon,Female,4.03,G-98-10,1.123325
G-98,1126,CEE,Nina Lin,Female,4.08,G-98-10,1.323201
G-98,4412,SSS,Michelle Lee,Female,4.02,G-98-10,1.323374
G-99,5329,CoB (NBS),Ali Zain,Male,3.94,G-99-1,0.414213
G-99,481,CCDS,Katherine Morales,Female,4.18,G-99-1,1.01414
G-99,5482,CEE,Joanna Tan,Female,4.02,G-99-1,1.133677
G-99,4009,EEE,Zachary Chen,Male,4.19,G-99-1,1.174237
G-99,771,CoE,Michael Walker,Male,4.14,G-99-1,1.293832
G-99,283,WKW SCI,Nobu Yamamoto,Male,4.06,G-99-2,0.413601
G-99,2282,SSS,Natalia Fedorova,Female,4,G-99-2,0.973763
G-99,5085,CCEB,Rina Tan,Female,4.13,G-99-2,1.053775
G-99,4892,CCDS,Ikram Tan,Male,4.11,G-99-2,1.173685
G-99,4630,ADM,Natalia Wong,Female,4.11,G-99-2,1.213685
G-99,2981,SSS,Lian Chen,Female,4.26,G-99-3,0.97514
G-99,5561,EEE,Fatima Iqbal,Female,3.96,G-99-3,1.014031
G-99,885,MAE,Aki Yoshida,Female,3.9,G-99-3,1.134673
G-99,1063,ASE,Maya Hughes,Female,4.27,G-99-3,1.215301
G-99,1238,NIE,Daniel White,Male,4,G-99-3,1.373763
G-99,4819,CoB (NBS),Aaliyah Howard,Female,4,G-99-4,0.253763
G-99,1403,SSS,Meera Shah,Female,4.25,G-99-4,0.974987
G-99,4855,CCEB,Maya Morgan,Female,4.03,G-99-4,1.053646
G-99,1653,CCDS,Travis Wong,Male,4.02,G-99-4,1.173677
G-99,2578,CEE,Qasim Bin Noor,Male,4.05,G-99-4,1.293608
G-99,122,CoB (NBS),Samuel Wright,Male,4.08,G-99-5,0.41361
G-99,253,EEE,Aria Wadhwa,Female,4.03,G-99-5,1.013646
G-99,2897,SoH,Ella Santos,Female,4.03,G-99-5,1.133646
G-99,1944,CCEB,Vikas Mehta,Male,4.01,G-99-5,1.213716
G-99,1478,MAE,Kylan Yang,Male,4.18,G-99-5,1.29414
G-99,66,CoB (NBS),Layla Turner,Female,4.12,G-99-6,0.253726
G-99,1058,SSS,Karla Bautista,Female,4.15,G-99-6,0.973897
G-99,943,CCEB,Farah Binti Omar,Female,4,G-99-6,1.053763
G-99,2443,CCDS,Manoj Patel,Male,4,G-99-6,1.173763
G-99,4718,CEE,Niko Setiawan,Male,4.05,G-99-6,1.293608
G-99,2264,WKW SCI,Phan Duc Minh,Male,4.05,G-99-7,0.413608
G-99,5762,CCDS,Ruby Nelson,Female,4.08,G-99-7,1.01361
G-99,1845,CCEB,Xiaoling Zhang,Female,4.17,G-99-7,1.054051
G-99,2439,EEE,Ronin Huang,Male,4.15,G-99-7,1.173897
G-99,5402,MAE,Matthew Garcia,Male,3.86,G-99-7,1.295261
G-99,4739,SSS,Sophie Rivera,Female,4.06,G-99-8,0.973601
G-99,5249,CCDS,Hana Binti Ali,Female,4.1,G-99-8,1.013652
G-99,1554,SSS,Zion Tan,Male,4,G-99-8,1.133763
G-99,4913,SPMS,Amaya Tan,Female,3.92,G-99-8,1.174427
G-99,5841,CoE,William Yang,Male,4.2,G-99-8,1.294342
G-99,3607,SSS,Kiran Malhotra,Female,4.08,G-99-9,0.97361
G-99,3509,EEE,Sana Tan,Female,4.02,G-99-9,1.013677
G-99,4797,SoH,Mai Tran,Female,4.14,G-99-9,1.133832
G-99,1865,MSE,Naoko Ueda,Female,3.86,G-99-9,1.175261
G-99,740,SPMS,Nash Li,Male,4.08,G-99-9,1.33361
G-99,766,WKW SCI,Hassan Shah,Male,4.01,G-99-10,0.413716
G-99,1472,EEE,Queenie Li,Female,4.12,G-99-10,1.013726
G-99,2766,SoH,Nisha Malik,Female,4.03,G-99-10,1.133646
G-99,4342,CoE,Samantha Rogers,Female,3.88,G-99-10,1.134951
G-99,1586,MSE,Rafael De Leon,Male,4.11,G-99-10,1.333685
G-100,3242,WKW SCI,Aiden Brown,Male,3.9,G-100-1,0.375109
G-100,4268,CCEB,Nadia Binti Azhar,Female,4.15,G-100-1,1.093725
G-100,1795,SSS,Tao Wang,Female,4.12,G-100-1,1.133627
G-100,4425,ASE,Carla Wang,Female,4.12,G-100-1,1.213627
G-100,424,CEE,Ashok Nair,Male,4.52,G-100-1,1.300852
G-100,2332,CoB (NBS),Maya Ong,Female,4.14,G-100-2,0.253684
G-100,4857,EEE,Jordan Chen,Male,4.06,G-100-2,1.053647
G-100,1547,CCEB,Margaret Li,Female,4.2,G-100-2,1.094048
G-100,2698,CCDS,Owen Hill,Male,4.03,G-100-2,1.213765
G-100,2603,CoE,Ali Rehman,Male,4.14,G-100-2,1.253684
G-100,701,CoB (NBS),Ameer Bin Rahman,Male,4.2,G-100-3,0.374048
G-100,1145,CCEB,Fay Tan,Female,4.09,G-100-3,1.093601
G-100,1683,SSS,Diya Nair,Female,4.11,G-100-3,1.13361
G-100,4283,ADM,Hassan Farooq,Female,4.1,G-100-3,1.213601
G-100,5953,SBS,Orlando Wu,Male,4.01,G-100-3,1.293884
G-100,5945,CoB (NBS),Fergus Mendoza,Male,4.11,G-100-4,0.37361
G-100,2346,EEE,Fiona Clark,Female,4.15,G-100-4,0.933725
G-100,438,MAE,Iris Rivera,Female,3.95,G-100-4,1.134432
G-100,967,SBS,Mia Phillips,Female,4.17,G-100-4,1.17383
G-100,745,CEE,Khalid Rahman,Male,4.1,G-100-4,1.293601
G-100,3280,CoB (NBS),Alina Malik,Female,4.19,G-100-5,0.253967
G-100,370,EEE,Mia Wong,Female,4.03,G-100-5,0.933765
G-100,5534,SSS,Neelam Bhatia,Female,4.05,G-100-5,1.133678
G-100,1875,SoH,Rachel Lee,Female,4.11,G-100-5,1.17361
G-100,4888,NIE,Carter Moore,Male,4.1,G-100-5,1.293601
G-100,491,CoB (NBS),Fangling,Female,4.05,G-100-6,0.253678
G-100,5791,EEE,Peter Choi,Male,4.19,G-100-6,1.053967
G-100,1176,CCDS,Mia Hall,Female,3.95,G-100-6,1.094432
G-100,356,CoE,Yasir Qureshi,Male,4.08,G-100-6,1.253608
G-100,861,MSE,Hua Zhang,Male,4.17,G-100-6,1.29383
G-100,5800,CoB (NBS),Yumi Nishikawa,Female,4.14,G-100-7,0.253684
G-100,4274,EEE,Tommy Wu,Male,4.03,G-100-7,1.053765
G-100,4061,CCEB,Naina Gupta,Female,4.2,G-100-7,1.094048
G-100,4043,CCDS,Adrian King,Male,4.12,G-100-7,1.213627
G-100,2017,CoE,Caiyun,Male,3.91,G-100-7,1.254957
G-100,2097,CoB (NBS),Siti Maryam,Female,4.03,G-100-8,0.253765
G-100,5743,EEE,Bradley Huang,Male,4.01,G-100-8,1.053884
G-100,2009,CCDS,Isabella Thomas,Female,3.9,G-100-8,1.095109
G-100,5269,MSE,Anjali Nair,Female,4.27,G-100-8,1.174836
G-100,2040,SoH,Wesley Turner,Male,4.17,G-100-8,1.29383
G-100,2089,CoB (NBS),Han Zhang,Male,4.02,G-100-9,0.37382
G-100,2468,EEE,Bella Perry,Female,3.9,G-100-9,0.935109
G-100,412,MAE,Seema Kapoor,Female,4.19,G-100-9,1.133967
G-100,3137,LKCMedicine,Raquel Huang,Female,4.18,G-100-9,1.213894
G-100,4743,SPMS,Jack Foster,Male,4.05,G-100-9,1.293678
G-100,731,WKW SCI,Tae-Soo Kim,Male,4.05,G-100-10,0.373678
G-100,347,EEE,Meera Menon,Female,3.92,G-100-10,0.934814
G-100,1824,MAE,Yuanqing,Female,4.25,G-100-10,1.134571
G-100,111,SPMS,Ying Liu,Female,4.03,G-100-10,1.173765
G-100,2000,NIE,Danty Susanto,Male,4.05,G-100-10,1.293678
G-101,5291,CoB (NBS),Rachel Choi,Female,4.12,G-101-1,0.327206
G-101,1353,MAE,Kieran Harris,Male,3.91,G-101-1,1.048768
G-101,23,CCEB,Daphne Tan,Female,4.26,G-101-1,1.128124
G-101,437,CoE,Xiao Ming,Male,4.17,G-101-1,1.167354
G-101,4173,SBS,Evelyn Cheung,Female,4.48,G-101-1,1.212735
G-101,3382,CoB (NBS),Madiha Ali,Female,3.9,G-101-2,0.328931
G-101,2425,SPMS,Asher Nelson,Male,4.21,G-101-2,1.087616
G-101,757,CCEB,Savannah Torres,Female,4.2,G-101-2,1.127539
G-101,2349,EEE,Sandeep Rao,Male,4.14,G-101-2,1.207241
G-101,5015,ASE,Fatima Bhatia,Female,4.19,G-101-2,1.247469
G-101,3593,MAE,Minghao,Male,4.15,G-101-3,1.047271
G-101,1545,SPMS,Carter Thompson,Male,4.03,G-101-3,1.087443
G-101,5191,CCEB,Khayla Rahayu,Female,4.15,G-101-3,1.127271
G-101,5741,SBS,Isla Young,Female,4.17,G-101-3,1.207354
G-101,5468,CCDS,Lucas Chen,Male,4.12,G-101-3,1.127206
G-101,456,MAE,Wani Binti Jalil,Female,4,G-101-4,1.047667
G-101,35,SoH,Riley Lim,Male,4.48,G-101-4,1.252735
G-101,2986,CCDS,Rishi Tan,Male,4.08,G-101-4,1.127231
G-101,2828,NIE,Nguyen Hoang Long,Male,4.05,G-101-4,1.207335
G-101,1839,LKCMedicine,Kexin,Female,4,G-101-4,1.287667
G-101,2337,CoB (NBS),Sophia Jones,Female,4.18,G-101-5,0.327407
G-101,665,SPMS,Qi Chen,Male,4.04,G-101-5,1.087385
G-101,5633,CCEB,Ning Li,Female,4.09,G-101-5,1.127213
G-101,4896,EEE,Jaxon Lewis,Male,4.12,G-101-5,1.207206
G-101,849,SSS,Ethan Taylor,Male,4.15,G-101-5,1.247271
G-101,746,MAE,Alani Lin,Female,4.03,G-101-6,1.047443
G-101,621,CCDS,Christopher Cox,Male,4.12,G-101-6,1.127206
G-101,5809,CoE,Hannah Smith,Female,4.11,G-101-6,1.1672
G-101,4346,SBS,Manish Singh,Male,4.1,G-101-6,1.207203
G-101,3088,MSE,Eli Cruz,Male,4.11,G-101-6,1.2872
G-101,5461,CoB (NBS),Suraj Mishra,Male,4.08,G-101-7,0.327231
G-101,2753,MAE,Zadie Harris,Female,4.52,G-101-7,1.05399
G-101,4526,CCDS,Hope Chen,Female,4.04,G-101-7,1.127385
G-101,696,NIE,Wyatt Price,Male,3.95,G-101-7,1.208199
G-101,715,ASE,Zoe King,Female,3.88,G-101-7,1.249279
G-101,410,CoB (NBS),Jin Yang Tan,Male,3.95,G-101-8,0.328199
G-101,615,SPMS,Gia Tsai,Female,3.89,G-101-8,1.089101
G-101,1235,CCDS,Nguyen Thi Binh,Female,4.21,G-101-8,1.127616
G-101,4393,EEE,Kevin Brown,Male,4.18,G-101-8,1.207407
G-101,1346,SSS,Lola Tan,Female,4.2,G-101-8,1.247539
G-101,5987,MAE,Owen Nugroho,Male,4.15,G-101-9,1.047271
G-101,4928,SPMS,Weijun,Male,3.85,G-101-9,1.089863
G-101,5210,CoE,Amaya Sharma,Female,4.15,G-101-9,1.167271
G-101,2852,NIE,Shayla Wang,Female,4.01,G-101-9,1.207584
G-101,3886,ADM,Ajay Iyer,Male,4.2,G-101-9,1.287539
G-101,4045,MAE,Sofia Reddy,Female,4.09,G-101-10,1.047213
G-101,4167,SPMS,Farhan Bin Azhar,Male,4.2,G-101-10,1.087539
G-101,1293,CCEB,Jasper Wang,Male,4.08,G-101-10,1.127231
G-101,762,CoE,Kate Tan,Female,4.03,G-101-10,1.167443
G-101,3546,SoH,Ying Wong,Female,3.88,G-101-10,1.249279
G-102,4379,MAE,Zoe Martinez,Female,4.21,G-102-1,1.028882
G-102,5447,CCDS,Lan Nguyen,Female,4.15,G-102-1,1.068499
G-102,2595,CoE,Fariha Noor,Female,4.14,G-102-1,1.148463
G-102,4386,WKW SCI,Riku Takeda,Male,4.01,G-102-1,0.388725
G-102,2376,MSE,Hao Yang Tan,Male,4.3,G-102-1,1.269997
G-102,448,SSS,Margarita Sokolova,Female,4.03,G-102-2,1.028597
G-102,613,SBS,Nina Phillips,Female,4.11,G-102-2,1.108404
G-102,3043,CoE,Maya Sari,Female,4.15,G-102-2,1.148499
G-102,5690,CCEB,Maharani Sari,Female,4.3,G-102-2,1.149997
G-102,2315,SPMS,Cheng Fang Tan,Male,4.05,G-102-2,1.308501
G-102,714,CoB (NBS),Nisha Gupta,Female,4.21,G-102-3,0.268882
G-102,3717,EEE,Nafisa Ali,Female,3.95,G-102-3,1.069302
G-102,4404,MAE,Omar Farooq,Male,4.2,G-102-3,1.148798
G-102,956,SBS,Raj Tan,Male,4.17,G-102-3,1.228595
G-102,1768,SoH,Travis Lim,Male,4,G-102-3,1.268802
G-102,828,SSS,Sakshi Singh,Female,4.14,G-102-4,1.028463
G-102,4862,CCDS,Melati Ahmad,Female,3.88,G-102-4,1.07034
G-102,5144,CCEB,Aria Murphy,Female,4.2,G-102-4,1.148798
G-102,3957,CEE,Megan Walker,Female,4.06,G-102-4,1.188465
G-102,2373,NIE,Elisha Wu,Male,4.23,G-102-4,1.309074
G-102,5928,SSS,Anjali Kumar,Female,3.95,G-102-5,1.029302
G-102,1634,CCDS,Sofia Hernandez,Female,4.26,G-102-5,1.069421
G-102,5913,MAE,Ulysses Salazar,Male,4.2,G-102-5,1.148798
G-102,5147,SoH,Min-Ji Park,Female,4.03,G-102-5,1.148597
G-102,103,CoE,Maximus Wright,Male,4.05,G-102-5,1.268501
G-102,337,CoB (NBS),Kanwal Bukhari,Female,4.16,G-102-6,0.268543
G-102,3592,EEE,Alina Awan,Female,4.1,G-102-6,1.0684
G-102,818,SSS,Hansel Bautista,Male,4.06,G-102-6,1.148465
G-102,1362,MAE,Yong Hui,Male,4.21,G-102-6,1.148882
G-102,1688,MSE,Pranata Santoso,Male,3.95,G-102-6,1.269302
G-102,2079,CoB (NBS),Gina Lau,Female,4.15,G-102-7,0.268499
G-102,39,EEE,Lyric Tan,Female,4.04,G-102-7,1.068545
G-102,2403,MAE,Henry Tan,Male,4.12,G-102-7,1.148416
G-102,5578,CCDS,Minh Tran,Male,4.03,G-102-7,1.188597
G-102,2246,SoH,Luca Torres,Male,4.12,G-102-7,1.268416
G-102,2720,WKW SCI,Nira Gupta,Female,4.12,G-102-8,0.268416
G-102,3168,MAE,Sakshi Iyer,Female,3.94,G-102-8,1.029427
G-102,3820,SSS,Felix Wong,Male,4.14,G-102-8,1.148463
G-102,783,CCDS,Ajay Bhatt,Male,4.22,G-102-8,1.188974
G-102,3439,SBS,Asher Clark,Male,4.03,G-102-8,1.228597
G-102,3413,SSS,Kiran Shah,Female,4.12,G-102-9,1.028416
G-102,2221,EEE,Levi Huang,Male,4.04,G-102-9,1.188545
G-102,3909,CCEB,Zara Lim,Female,4.1,G-102-9,1.1484
G-102,5023,LKCMedicine,Svetlana Chernyshova,Female,4.06,G-102-9,1.228465
G-102,2013,NIE,Wyatt Thompson,Male,4.09,G-102-9,1.308404
G-102,3692,EEE,Harsh Kumar,Male,4.05,G-102-10,1.188501
G-102,2560,SBS,Simran Singh,Female,4.03,G-102-10,1.108597
G-102,902,MSE,Layla Cooper,Female,4.03,G-102-10,1.148597
G-102,2192,SPMS,Liu Fang,Female,4.03,G-102-10,1.188597
G-102,5888,CEE,Bradley Yang,Male,4.09,G-102-10,1.308404
G-103,4181,CoB (NBS),Simon Lee,Male,4.02,G-103-1,0.323885
G-103,4427,EEE,Willow Wong,Female,4.19,G-103-1,1.083893
G-103,2099,CCDS,Fahim Hussein,Male,4.03,G-103-1,1.123821
G-103,1202,SSS,Maya Gonzales,Female,4.22,G-103-1,1.164135
G-103,1847,CoE,Talha Iqbal,Male,4.11,G-103-1,1.243601
G-103,397,CoB (NBS),Chong Wang,Male,4.25,G-103-2,0.324448
G-103,4559,EEE,Sofia Kim,Female,4.17,G-103-2,1.083772
G-103,1292,SoH,Queenie Lee,Female,4.06,G-103-2,1.163679
G-103,1879,MSE,Naim Bin Hashim,Male,4.2,G-103-2,1.203966
G-103,4616,ASE,Eli Tan,Male,3.88,G-103-2,1.245614
G-103,778,CoB (NBS),Selina Loh,Female,3.91,G-103-3,0.325112
G-103,1787,CEE,Xiao Wei Tan,Male,3.95,G-103-3,1.044554
G-103,5627,SSS,Anjali Singh,Female,4.16,G-103-3,1.163724
G-103,5483,MAE,Camila Li,Female,4.27,G-103-3,1.204697
G-103,5040,ASE,Dev Sharma,Male,4.26,G-103-3,1.244568
G-103,2189,CoB (NBS),Zachary Lee,Male,4.11,G-103-4,0.323601
G-103,3251,EEE,Emily Scott,Female,4.07,G-103-4,1.083647
G-103,4964,CCDS,Hannah Sanders,Female,4.2,G-103-4,1.123966
G-103,925,MSE,Saad Malik,Male,4.05,G-103-4,1.203718
G-103,5493,CCEB,Amna Bukhari,Female,4.11,G-103-4,1.243601
G-103,1911,CEE,Mansoor Qureshi,Male,4.12,G-103-5,1.04361
G-103,4809,EEE,Vikram Singh,Male,4.13,G-103-5,1.083626
G-103,835,SoH,Maya Wilson,Female,4.13,G-103-5,1.163626
G-103,4612,MAE,Kylie Chen,Female,4.15,G-103-5,1.203683
G-103,4678,SPMS,Irfan Bin Hassan,Male,4,G-103-5,1.284036
G-103,344,CEE,Tyler Hall,Male,4.11,G-103-6,1.043601
G-103,4132,EEE,Aria Martinez,Female,4.18,G-103-6,1.083829
G-103,4842,SoH,Carmen Ong,Female,4.09,G-103-6,1.163608
G-103,5970,SBS,Layla Fisher,Female,4.01,G-103-6,1.203956
G-103,3497,NIE,Hikaru Sato,Male,4.14,G-103-6,1.283651
G-103,3932,WKW SCI,Vy Nguyen,Male,4.11,G-103-7,0.323601
G-103,2302,CEE,Yvonne Ng,Female,3.8,G-103-7,1.047306
G-103,3554,CCDS,Asha Mehta,Female,4.52,G-103-7,1.130509
G-103,2601,SSS,Tommy Wu,Male,4.22,G-103-7,1.164135
G-103,952,MSE,Nadia Binti Zulkifli,Female,3.87,G-103-7,1.205798
G-103,2559,CEE,Everett Harris,Male,4.14,G-103-8,1.043651
G-103,1553,EEE,Isaac Thompson,Male,4.03,G-103-8,1.083821
G-103,4224,SoH,Ethan White,Male,4.11,G-103-8,1.163601
G-103,4051,MAE,Fatima Malik,Female,4.18,G-103-8,1.203829
G-103,40,LKCMedicine,Shiloh Lin,Female,4.05,G-103-8,1.283718
G-103,4821,CoB (NBS),Samantha Khan,Female,4.19,G-103-9,0.323893
G-103,18,CEE,Alan Chan,Male,4,G-103-9,1.044036
G-103,1495,CCDS,Amira Tan,Female,4.15,G-103-9,1.123683
G-103,1613,SBS,Graham Jackson,Male,3.97,G-103-9,1.204323
G-103,2165,CoE,David Young,Male,4.19,G-103-9,1.243893
G-103,1618,CEE,Dallas Huang,Male,4.09,G-103-10,1.043608
G-103,2602,CCDS,Fatima Baig,Female,4.25,G-103-10,1.124448
G-103,2679,SSS,Khalil Bin Ismail,Male,4.09,G-103-10,1.163608
G-103,4837,SBS,Yuna Wong,Female,4.07,G-103-10,1.203647
G-103,1551,CCEB,Maggie Kwan,Female,3.91,G-103-10,1.245112
G-104,2622,EEE,Priya Roy,Female,4.11,G-104-1,1.035273
G-104,2898,SSS,Nancy Yeo,Female,4.08,G-104-1,1.035206
G-104,4001,SoH,Ashna Mehta,Female,4.06,G-104-1,1.075202
G-104,3665,CCDS,Shahid Ali,Male,4.11,G-104-1,1.115273
G-104,3595,NIE,Eamon Liu,Male,4.16,G-104-1,1.275543
G-104,5962,CoB (NBS),Madison Scott,Female,3.92,G-104-2,0.236069
G-104,3937,SSS,Nisha Yadav,Female,4.18,G-104-2,1.035707
G-104,5020,NIE,Xena Reed,Female,4.11,G-104-2,1.075273
G-104,4988,CCDS,Rafael Wong,Male,4.11,G-104-2,1.115273
G-104,1395,SoH,Anil Reddy,Male,4.14,G-104-2,1.275411
G-104,1600,WKW SCI,Sophia Taylor,Female,4.06,G-104-3,0.235202
G-104,2653,CCDS,Chloe Tan,Female,4.17,G-104-3,0.915621
G-104,2562,SoH,Zainab Noor,Female,4,G-104-3,1.075382
G-104,5540,EEE,Kamran Farooq,Male,4.01,G-104-3,1.235332
G-104,1891,MAE,Ryder Ward,Male,4.15,G-104-3,1.275473
G-104,3268,CoB (NBS),Gideon Torres,Male,4.04,G-104-4,0.43523
G-104,2273,SSS,Samantha Ong,Female,4.1,G-104-4,1.035243
G-104,1446,NIE,Dahlia Chen,Female,4.04,G-104-4,1.07523
G-104,5596,CCDS,Jason Tan,Male,4.16,G-104-4,1.115543
G-104,238,CCEB,Prashant Joshi,Male,4.03,G-104-4,1.315256
G-104,3873,CoB (NBS),Leo Pranata,Male,4.2,G-104-5,0.435903
G-104,2932,SSS,Gracelyn Dela Cruz,Female,3.96,G-104-5,1.035661
G-104,2556,MAE,Chloe Wu,Female,4.03,G-104-5,1.075256
G-104,4187,SBS,Isha Verma,Female,4.03,G-104-5,1.155256
G-104,33,ASE,Waleed Malik,Male,4.15,G-104-5,1.355473
G-104,4349,WKW SCI,Benjamin Huang,Male,4.11,G-104-6,0.435273
G-104,2204,EEE,Anaya Singh,Female,4,G-104-6,1.035382
G-104,1649,MAE,Vera Ong,Female,4.09,G-104-6,1.07522
G-104,3050,CCEB,Nia Wong,Female,3.95,G-104-6,1.115751
G-104,2962,CoE,Jun Zhang,Male,4.19,G-104-6,1.355801
G-104,5263,CoB (NBS),Lily Ong,Female,3.93,G-104-7,0.235955
G-104,4039,CCDS,Anita Lim,Female,4.06,G-104-7,0.915202
G-104,1950,MAE,Lila Wu,Female,4.06,G-104-7,1.075202
G-104,759,CCDS,Daniel Adams,Male,4.05,G-104-7,1.115212
G-104,3335,EEE,William Yip,Male,4.22,G-104-7,1.236131
G-104,4894,CCDS,Fitri Binti Mohd,Female,4,G-104-8,0.915382
G-104,82,SSS,Giselle Wu,Female,4.14,G-104-8,1.035411
G-104,5685,CCEB,Maya Rahman,Female,4.06,G-104-8,1.115202
G-104,1375,CEE,Pallavi Mehta,Female,4.09,G-104-8,1.19522
G-104,5570,SPMS,Gideon Zhang,Male,4.01,G-104-8,1.355332
G-104,1542,WKW SCI,John Lim,Male,3.95,G-104-9,0.435751
G-104,4403,EEE,Ying Zhang,Female,4.18,G-104-9,1.035707
G-104,5684,SoH,Emily Johnson,Female,4.03,G-104-9,1.075256
G-104,832,SPMS,Sarah Liu,Female,4.09,G-104-9,1.15522
G-104,4664,CoE,Lance Alvarado,Male,4.04,G-104-9,1.35523
G-104,5905,CCDS,Emi Yamashita,Female,4.22,G-104-10,0.916131
G-104,5317,CoB (NBS),Zhen Zhang,Male,4.06,G-104-10,0.435202
G-104,3080,NIE,Tara Wati,Female,3.85,G-104-10,1.077091
G-104,2233,SBS,Chloe Scott,Female,3.85,G-104-10,1.157091
G-104,90,ASE,Chandra Menon,Male,4.03,G-104-10,1.355256
G-105,3970,CoB (NBS),Cora Zhang,Female,4.15,G-105-1,0.305734
G-105,5377,CCDS,Yang Jun,Male,4.17,G-105-1,1.065842
G-105,5909,SSS,Aditi Kumar,Female,4.01,G-105-1,1.06587
G-105,2010,CEE,Trung Le,Male,4.06,G-105-1,1.185641
G-105,2392,SoH,Max Johnson,Male,4.21,G-105-1,1.226155
G-105,4758,CoB (NBS),Ping An,Female,4.1,G-105-2,0.305602
G-105,1529,CCDS,Devansh Mehta,Male,4,G-105-2,1.06594
G-105,3728,MAE,Lola Zhang,Female,4.22,G-105-2,1.066253
G-105,1974,CEE,Ronald Tan,Male,4.05,G-105-2,1.185671
G-105,5339,SoH,Callum Williams,Male,4.19,G-105-2,1.225983
G-105,500,CoB (NBS),Vincent Wong,Male,4.01,G-105-3,0.34587
G-105,2732,SSS,Addison Lin,Female,4.02,G-105-3,1.065809
G-105,2728,EEE,Daphne Li,Female,4.26,G-105-3,1.106726
G-105,4589,CCEB,Sabrina Zhao,Female,4.11,G-105-3,1.225613
G-105,4869,SPMS,Kiran Rao,Male,4.15,G-105-3,1.305734
G-105,401,CoB (NBS),Haruki Suzuki,Male,4.01,G-105-4,0.34587
G-105,951,SSS,Nisha Bansal,Female,4.15,G-105-4,1.065734
G-105,1564,EEE,Amina Binti Zain,Female,4.15,G-105-4,1.105734
G-105,2913,SoH,Kunal Mehta,Male,4.12,G-105-4,1.225631
G-105,800,CoE,Ricky Chen,Male,4.09,G-105-4,1.3056
G-105,5355,CoB (NBS),Nicolas Ramos,Male,4.14,G-105-5,0.345691
G-105,5218,MAE,Julia Tan,Female,4.04,G-105-5,1.065709
G-105,2161,EEE,Tessa Li,Female,4.14,G-105-5,1.105691
G-105,5950,CEE,James Jackson,Male,4.09,G-105-5,1.1856
G-105,5565,ASE,Yumi Tanaka,Female,4.03,G-105-5,1.265755
G-105,4744,CCDS,Alyssa Tan,Female,4.1,G-105-6,1.025602
G-105,1141,SSS,Mei Chen,Female,4.02,G-105-6,1.065809
G-105,5797,MAE,Shahid Raza,Male,4.02,G-105-6,1.105809
G-105,4431,SBS,Chen Li,Female,4.12,G-105-6,1.225631
G-105,3668,ADM,Saad Javed,Male,4.15,G-105-6,1.305734
G-105,1007,CoB (NBS),Jonathan Wu,Male,4.09,G-105-7,0.3456
G-105,3108,SSS,Pallavi Kumar,Female,4.1,G-105-7,1.065602
G-105,5003,CCDS,Imran Bin Zahid,Male,4.3,G-105-7,1.067327
G-105,1803,EEE,Isabella Rodriguez,Female,3.86,G-105-7,1.107757
G-105,1789,NIE,Dallas Liu,Male,4.05,G-105-7,1.265671
G-105,28,CoB (NBS),Claudia Tan,Female,4.09,G-105-8,0.3056
G-105,5816,CCDS,Bennett Liu,Male,4.14,G-105-8,1.065691
G-105,4364,MAE,Charlotte Gonzalez,Female,4.22,G-105-8,1.066253
G-105,1490,EEE,Amit Agarwal,Male,4.15,G-105-8,1.145734
G-105,3345,CCEB,Vira Dwi,Female,3.8,G-105-8,1.229015
G-105,3415,CCDS,Tatum Roberts,Female,4.06,G-105-9,1.025641
G-105,4188,SSS,Sophie Reed,Female,4.23,G-105-9,1.06636
G-105,463,MAE,Arjun Nair,Male,3.92,G-105-9,1.106786
G-105,4510,SBS,Kylie Zhang,Female,4.04,G-105-9,1.225709
G-105,1927,MSE,Dao Tran,Male,4.15,G-105-9,1.305734
G-105,5029,WKW SCI,Olivia Miller,Female,3.87,G-105-10,0.307575
G-105,333,CCDS,Maya Torres,Female,3.92,G-105-10,1.026786
G-105,1043,MAE,Logan Martin,Male,4.12,G-105-10,1.105631
G-105,1550,CEE,Chen Bo,Male,4.17,G-105-10,1.185842
G-105,5770,NIE,Qiana Lestari,Female,4.25,G-105-10,1.226596
G-106,5898,CCEB,Quinn Larson,Female,4.12,G-106-1,0.983651
G-106,5093,MAE,Megan Zhao,Female,4.01,G-106-1,1.02382
G-106,4783,MAE,Rahul Mehta,Male,4.08,G-106-1,1.063601
G-106,113,MAE,Fahad Ali,Male,4.19,G-106-1,1.064048
G-106,3330,SSS,Jingyi,Female,4.15,G-106-1,1.303773
G-106,4387,CCEB,Kathy Tan,Female,4.05,G-106-2,0.983647
G-106,1929,EEE,Kavitha Tan,Female,4.3,G-106-2,0.985463
G-106,2370,MAE,Zedrick Ong,Male,4.05,G-106-2,1.063647
G-106,4581,SPMS,Jai Mehta,Male,4,G-106-2,1.223884
G-106,1168,NIE,Eun-Hee Kim,Female,4.14,G-106-2,1.263725
G-106,1580,WKW SCI,Nikhil Sharma,Male,4.11,G-106-3,0.383627
G-106,4934,CCEB,Arya Kapoor,Female,3.97,G-106-3,0.984122
G-106,3551,EEE,Harrison Moore,Male,4.19,G-106-3,1.024048
G-106,3654,CCDS,Aria Tan,Female,4.04,G-106-3,1.183678
G-106,2588,SoH,Mira Binti Zaki,Female,4.2,G-106-3,1.224136
G-106,1730,CoB (NBS),Siddharth Gupta,Male,4.14,G-106-4,0.383725
G-106,4753,EEE,Zara Malik,Female,3.9,G-106-4,0.984957
G-106,1294,MAE,Nolan Reyes,Male,4.16,G-106-4,1.06383
G-106,1888,CoE,Guofeng,Female,4.15,G-106-4,1.223773
G-106,2112,SoH,Noah Morris,Male,4.11,G-106-4,1.263627
G-106,4317,CoB (NBS),Oliver Martinez,Male,4.12,G-106-5,0.383651
G-106,5088,CCEB,Neelam Rani,Female,3.95,G-106-5,0.98432
G-106,4438,EEE,Noel Pineda,Male,4.19,G-106-5,1.024048
G-106,3001,CCDS,Piper Chen,Female,4.15,G-106-5,1.183773
G-106,1415,NIE,Cleo Morales,Female,4.02,G-106-5,1.263765
G-106,5676,EEE,Akemi Takahashi,Female,4.12,G-106-6,0.983651
G-106,3583,CCEB,Aria Lee,Female,3.88,G-106-6,0.985268
G-106,2713,MAE,Kevin Wang,Male,4.09,G-106-6,1.063601
G-106,4201,SPMS,Reyansh Iyer,Male,4.14,G-106-6,1.223725
G-106,2144,CoE,Oscar Villanueva,Male,4.19,G-106-6,1.264048
G-106,2147,WKW SCI,Hafiz Ahmad,Male,4.14,G-106-7,0.383725
G-106,5885,EEE,Jun Liu,Female,3.9,G-106-7,0.984957
G-106,3471,CCEB,Gandhi Saputra,Male,3.95,G-106-7,1.02432
G-106,850,CCDS,Sienna Lee,Female,3.88,G-106-7,1.185268
G-106,930,CoE,Jason Robinson,Male,4.52,G-106-7,1.271197
G-106,1002,CCEB,Priya Nair,Female,4.12,G-106-8,0.983651
G-106,1785,MAE,Gabriella Dela Cruz,Female,4.01,G-106-8,1.02382
G-106,4732,EEE,Albert Wang,Male,4.01,G-106-8,1.02382
G-106,5983,SPMS,Sergei Ivanovich,Male,4,G-106-8,1.223884
G-106,164,LKCMedicine,Nisha Verma,Female,4.18,G-106-8,1.303967
G-106,623,CoB (NBS),Minghao,Female,4,G-106-9,0.343884
G-106,3054,CCEB,Om Tan,Male,4.15,G-106-9,1.023773
G-106,3686,EEE,Cole Huang,Male,4.19,G-106-9,1.024048
G-106,5657,SPMS,Charlotte Harris,Female,4.02,G-106-9,1.183765
G-106,3008,CCDS,Thomas Harris,Male,3.95,G-106-9,1.22432
G-106,1470,CCEB,Tania Ng,Female,4.15,G-106-10,0.983773
G-106,5089,MAE,Isla Lee,Female,4.15,G-106-10,1.023773
G-106,330,EEE,Dylan Li,Male,3.9,G-106-10,1.024957
G-106,5670,SoH,Miyu Nishimura,Female,4.06,G-106-10,1.223623
G-106,2385,ADM,Hoang Nguyen,Male,4.02,G-106-10,1.343765
G-107,4749,WKW SCI,Nina Zhao,Female,4.15,G-107-1,0.224269
G-107,1541,CCEB,Zulaikha Binti Rahman,Female,4,G-107-1,0.984185
G-107,4901,MAE,Victoria Reyes,Female,4.2,G-107-1,1.024697
G-107,4336,EEE,Xiangqi,Male,4,G-107-1,1.184185
G-107,5335,SPMS,Qiang Zhang,Male,4.2,G-107-1,1.264697
G-107,5212,EEE,Sana Menon,Female,4.22,G-107-2,0.944924
G-107,830,CCDS,Samreen Ali,Female,4.07,G-107-2,1.024
G-107,1968,SBS,Yumi Hayashi,Female,3.89,G-107-2,1.145267
G-107,598,MSE,Riana Binti Abdul,Female,4.25,G-107-2,1.185325
G-107,1979,NIE,Archer Powell,Male,4.12,G-107-2,1.384108
G-107,3973,WKW SCI,Karan Patel,Male,4.14,G-107-3,0.464207
G-107,4040,CCEB,Rina Ali,Female,4.09,G-107-3,0.984019
G-107,754,MAE,Bria Tsai,Female,4.23,G-107-3,1.02505
G-107,2445,SPMS,Chad Dela Cruz,Male,4.02,G-107-3,1.264092
G-107,4074,CEE,Daniel Tan,Male,4,G-107-3,1.304185
G-107,2334,EEE,Meera Gupta,Female,4.04,G-107-4,0.944031
G-107,1308,CCEB,Vera Chan,Female,4.1,G-107-4,0.984041
G-107,2292,CEE,Lily Lim,Female,4.19,G-107-4,1.064595
G-107,3849,CCDS,Zane Wong,Male,4.03,G-107-4,1.264058
G-107,2916,SSS,Omar Rivera,Male,4.12,G-107-4,1.344108
G-107,112,CoB (NBS),Misha Malik,Female,4.14,G-107-5,0.224207
G-107,5790,CCEB,Cheryl Ong,Female,4,G-107-5,0.984185
G-107,3344,CCDS,Lana Tan,Female,4,G-107-5,1.024185
G-107,5767,EEE,Carter Hall,Male,4.14,G-107-5,1.184207
G-107,5804,SPMS,Liu Yang,Male,4.16,G-107-5,1.264339
G-107,2941,EEE,Xiaoling Chen,Female,4.02,G-107-6,0.944092
G-107,2877,CCDS,Hayden Wu,Female,4.12,G-107-6,1.024108
G-107,2196,SBS,Jia Li,Female,4.03,G-107-6,1.144058
G-107,89,CoE,Suresh Bhat,Female,4.14,G-107-6,1.184207
G-107,4677,NIE,Emery Wu,Male,4.1,G-107-6,1.384041
G-107,768,CoB (NBS),Kavita Singh,Female,3.89,G-107-7,0.225267
G-107,895,CCEB,Saanvi Roy,Female,4.25,G-107-7,0.985325
G-107,4621,SPMS,Amelia Lewis,Female,4.22,G-107-7,1.024924
G-107,1463,EEE,Xiao Zhang,Male,4.02,G-107-7,1.184092
G-107,4716,MAE,Joko Susanto,Male,3.9,G-107-7,1.265129
G-107,1212,CoB (NBS),Samantha Sanchez,Female,4.25,G-107-8,0.225325
G-107,5645,CCEB,Le Van Minh,Female,4.02,G-107-8,0.984092
G-107,2471,CCDS,Nguyen Thi Hoa,Female,3.87,G-107-8,1.025568
G-107,4572,EEE,Arjun Sinha,Male,4.09,G-107-8,1.184019
G-107,2715,MAE,Harvey Lim,Male,3.88,G-107-8,1.265414
G-107,3867,CoB (NBS),Zane Navarro,Male,4.18,G-107-9,0.464502
G-107,149,MAE,Ananya Roy,Female,4.08,G-107-9,1.024006
G-107,2012,SSS,Charu Iyer,Female,3.92,G-107-9,1.104876
G-107,5132,ASE,Min-Jung Kim,Female,3.85,G-107-9,1.145901
G-107,180,CEE,Kai Qiang,Male,4.04,G-107-9,1.304031
G-107,1033,WKW SCI,Tanishq Reddy,Male,3.92,G-107-10,0.464876
G-107,2475,SPMS,Madison Torres,Female,4.12,G-107-10,1.024108
G-107,992,SSS,Amara Siti,Female,4.03,G-107-10,1.104058
G-107,937,ASE,Nina Binti Noor,Female,3.86,G-107-10,1.145731
G-107,5960,CEE,Yuri Grigorev,Male,4.1,G-107-10,1.304041
G-108,3276,CCDS,Shahril Bin Hamid,Male,4.1,G-108-1,1.018011
G-108,3128,EEE,Harini Nair,Female,4.02,G-108-1,1.05816
G-108,3913,SSS,Randy Lim,Male,3.88,G-108-1,1.099652
G-108,2597,CCEB,Renee Lee,Female,4.01,G-108-1,1.178214
G-108,3985,SPMS,Asher Thompson,Male,4.52,G-108-1,1.305632
G-108,1678,CCDS,Cameron Ward,Male,4.19,G-108-2,1.018456
G-108,2564,EEE,Tara Lim,Female,4.19,G-108-2,1.058456
G-108,3972,CEE,Malia Tan,Female,4.08,G-108-2,1.138
G-108,2509,CoE,Hugo Long,Male,4.06,G-108-2,1.218022
G-108,3921,ADM,Camila Allen,Female,4,G-108-2,1.298277
G-108,5266,WKW SCI,Julian Wu,Male,4.12,G-108-3,0.338054
G-108,4574,CCDS,Hina Waseem,Female,3.95,G-108-3,1.01871
G-108,2130,SSS,Kendrick Alvarado,Male,4.18,G-108-3,1.098375
G-108,3184,CCEB,Lindsey Lin,Female,4.1,G-108-3,1.178011
G-108,5733,MAE,Chen Ming,Male,4.11,G-108-3,1.218029
G-108,1923,CoB (NBS),Noah Gray,Male,4.06,G-108-4,0.338022
G-108,5469,CCDS,Sakura Yamamoto,Female,4.21,G-108-4,1.018643
G-108,1538,EEE,Shreya Rani,Female,4.22,G-108-4,1.058749
G-108,2141,CEE,Raj Patel,Male,3.8,G-108-4,1.141208
G-108,4297,MAE,Rizqi Bin Farhan,Male,4.15,G-108-4,1.218178
G-108,2027,CCDS,Mason King,Male,4.18,G-108-5,1.018375
G-108,2511,EEE,Hana Watanabe,Female,4.18,G-108-5,1.058375
G-108,4495,CEE,Rajendra Kumar,Male,4.01,G-108-5,1.138214
G-108,5576,MAE,Pooja Nair,Female,4.03,G-108-5,1.218113
G-108,2663,NIE,Liam Reddy,Male,4.02,G-108-5,1.29816
G-108,2303,CCDS,Ruby Diaz,Female,4.12,G-108-6,1.018054
G-108,2362,EEE,Zheng Guo,Male,4.08,G-108-6,1.058
G-108,5244,CEE,Nguyen Van Cuong,Male,4.02,G-108-6,1.13816
G-108,4720,CoE,Qing Liu,Female,4.11,G-108-6,1.218029
G-108,1905,MSE,Nadya Zainal,Female,4.09,G-108-6,1.298002
G-108,2470,CoB (NBS),Riya Mehta,Female,4.02,G-108-7,0.33816
G-108,2926,CCDS,Aarav Nair,Male,3.89,G-108-7,1.019493
G-108,1339,SSS,Shun Takahashi,Male,4.11,G-108-7,1.098029
G-108,1941,CCEB,Sophia Lee,Female,4.22,G-108-7,1.178749
G-108,5110,SBS,Sheng Liu,Female,4.14,G-108-7,1.258129
G-108,3252,CoB (NBS),Samuel Lee,Male,4.02,G-108-8,0.33816
G-108,1590,CCDS,Yan Mei,Female,3.87,G-108-8,1.019818
G-108,1809,SSS,Ivy Wang,Female,3.89,G-108-8,1.099493
G-108,3933,CEE,Matthew Martinez,Male,4.57,G-108-8,1.147479
G-108,3193,SoH,Siti Aisya Binti Ibrahim,Female,4,G-108-8,1.258277
G-108,5153,CoB (NBS),Caleb Parker,Male,4.18,G-108-9,0.338375
G-108,4881,EEE,Maya Devi,Female,4,G-108-9,1.058277
G-108,2614,SSS,Vidya Menon,Female,4.07,G-108-9,1.098007
G-108,3362,CCEB,Zeeshan Ahmed,Male,4.06,G-108-9,1.178022
G-108,1643,SBS,Mae Chang,Female,4.02,G-108-9,1.25816
G-108,4890,WKW SCI,Rafika Binti Harun,Female,3.9,G-108-10,0.339342
G-108,5588,EEE,Shoji Takahashi,Male,4.11,G-108-10,1.058029
G-108,2616,SSS,Priya Menon,Female,4.09,G-108-10,1.098002
G-108,2716,CoE,Liang Bo,Male,4.19,G-108-10,1.218456
G-108,5322,SoH,Rajiv Nair,Male,4.02,G-108-10,1.25816
G-109,446,CoB (NBS),Hanh Pham,Female,4.09,G-109-1,0.266801
G-109,3377,CCEB,Zoey Chen,Female,4.15,G-109-1,0.906974
G-109,4933,EEE,Hussain Bin Mohd,Male,4,G-109-1,1.027082
G-109,1135,CEE,Sofia Wong,Female,4.2,G-109-1,1.187338
G-109,225,NIE,Shahril Bin Muni,Male,4.05,G-109-1,1.386846
G-109,3577,CoB (NBS),Hana Takemura,Female,4.11,G-109-2,0.266827
G-109,1409,CCEB,Miriam Tan,Female,4.02,G-109-2,0.906964
G-109,892,EEE,Phan Van Hoa,Male,4.17,G-109-2,1.027096
G-109,3273,MAE,Kanti Gupta,Female,4.17,G-109-2,1.147096
G-109,3662,CCDS,Nitin Chaudhary,Male,4.01,G-109-2,1.227019
G-109,4098,WKW SCI,Shahrir Bin Rahman,Male,3.9,G-109-3,0.468154
G-109,4376,CCEB,Carmen Tan,Female,4.3,G-109-3,0.908666
G-109,2958,CCDS,Ophelia Santos,Female,4.01,G-109-3,1.027019
G-109,973,EEE,Zhi Wei Lim,Male,4.22,G-109-3,1.02754
G-109,3169,SoH,Alina Smith,Female,4.01,G-109-3,1.227019
G-109,5299,CoB (NBS),Ifti Binti Rahman,Female,4.2,G-109-4,0.267338
G-109,263,CCEB,Norah Ng,Female,4.14,G-109-4,0.906925
G-109,224,EEE,Alvin Dela Cruz,Male,3.96,G-109-4,1.027415
G-109,2533,SPMS,Lina Teo,Female,4.14,G-109-4,1.186925
G-109,3016,CEE,Kendrick White,Male,4,G-109-4,1.387082
G-109,3658,EEE,Alia Mohd,Female,3.91,G-109-5,0.828011
G-109,5595,CCDS,Sana Rehman,Female,4.11,G-109-5,1.026827
G-109,5059,EEE,Logan Harris,Male,4.22,G-109-5,1.02754
G-109,4029,SSS,Nova Ong,Female,4.08,G-109-5,1.226801
G-109,3953,CoE,James Taylor,Male,4.09,G-109-5,1.426801
G-109,1426,CoB (NBS),Wendy Cheung,Female,4.18,G-109-6,0.267169
G-109,4225,CCEB,Liu Hong,Female,4.12,G-109-6,0.906852
G-109,1744,EEE,Fangling,Male,4.05,G-109-6,1.026846
G-109,4327,CCDS,Arav Singh,Female,3.89,G-109-6,1.028305
G-109,1960,SPMS,Ajay Reddy,Male,4.17,G-109-6,1.387096
G-109,1661,CoB (NBS),Suriya Tan,Female,4.19,G-109-7,0.267249
G-109,1956,CCEB,Zarina Binti Ibrahim,Female,3.9,G-109-7,0.908154
G-109,150,EEE,Kong Wei Tan,Male,4.22,G-109-7,1.02754
G-109,5313,MSE,Nia Carter,Female,4.14,G-109-7,1.186925
G-109,686,NIE,Rameez Shah,Male,3.96,G-109-7,1.387415
G-109,3429,CoB (NBS),Samantha Wilson,Female,4.22,G-109-8,0.26754
G-109,458,CCEB,Harlow Chen,Female,4.26,G-109-8,0.908039
G-109,5018,EEE,Raj Patel,Male,4.05,G-109-8,1.026846
G-109,5620,MAE,Riya Verma,Female,3.85,G-109-8,1.14899
G-109,3729,CCDS,Kenta Suzuki,Male,4.02,G-109-8,1.226964
G-109,4796,CoB (NBS),Cassidy Wang,Female,4.12,G-109-9,0.266852
G-109,695,CCEB,Xuefeng,Female,4,G-109-9,0.907082
G-109,1330,EEE,Cheng Wei Yeo,Male,4.2,G-109-9,1.027338
G-109,3406,MAE,Ritika Joshi,Female,3.9,G-109-9,1.148154
G-109,5411,CCDS,Cole Moore,Male,4.17,G-109-9,1.227096
G-109,4954,CoB (NBS),Nori Matsuda,Female,4.2,G-109-10,0.267338
G-109,1442,CCEB,Maya Binti Rahim,Female,3.95,G-109-10,0.907518
G-109,114,EEE,Noah Harris,Male,4.01,G-109-10,1.027019
G-109,293,SBS,Claire Bennett,Female,4.06,G-109-10,1.226823
G-109,1482,MSE,Asad Ali,Male,4.11,G-109-10,1.386827
G-110,4135,CCDS,Anjali Sharma,Female,4.1,G-110-1,0.98682
G-110,6000,SSS,Alaina Chang,Female,4.15,G-110-1,1.02701
G-110,4221,CCEB,Emma Black,Female,4.03,G-110-1,1.106891
G-110,3313,CEE,Nash Tan,Male,4.06,G-110-1,1.266812
G-110,2481,NIE,Rohan Shah,Male,4.18,G-110-1,1.307219
G-110,1019,CoB (NBS),Cheng Wu,Female,4.01,G-110-2,0.226983
G-110,812,CCDS,Quang Vu,Female,4.14,G-110-2,0.986956
G-110,581,EEE,Wendy Chia,Female,4.19,G-110-2,1.067305
G-110,4303,MAE,Jason Lam,Male,4,G-110-2,1.227041
G-110,3485,CEE,Nashit Lee,Male,4.15,G-110-2,1.26701
G-110,2044,CoB (NBS),Avery Chan,Female,4.21,G-110-3,0.227501
G-110,5940,MAE,Zara Binti,Female,4.03,G-110-3,1.026891
G-110,4607,CoE,Fatima Binti,Female,4.02,G-110-3,1.106933
G-110,2800,SSS,Eric Wong,Male,4.01,G-110-3,1.226983
G-110,547,MSE,Tobias Alonzo,Male,4.16,G-110-3,1.307072
G-110,3908,CoB (NBS),Alana Lee,Female,4.19,G-110-4,0.227305
G-110,1015,SSS,Nurul Izzah,Female,4.03,G-110-4,1.026891
G-110,4858,CCEB,Ashlyn Wu,Female,4.01,G-110-4,1.106983
G-110,2275,MAE,Shi Wei Lim,Male,4.1,G-110-4,1.22682
G-110,5376,NIE,Vincent Lim,Male,4.08,G-110-4,1.3068
G-110,4423,CoB (NBS),Laila Thomas,Female,4.18,G-110-5,0.227219
G-110,183,MAE,Madison Edwards,Female,4,G-110-5,1.027041
G-110,5776,MSE,Olga Reyes,Female,4.06,G-110-5,1.106812
G-110,5221,CCDS,Faisal Malik,Male,4.15,G-110-5,1.18701
G-110,2347,NIE,Gage Yang,Male,4.01,G-110-5,1.306983
G-110,5662,CoB (NBS),Rina Ahmad,Female,4.01,G-110-6,0.226983
G-110,5666,CCDS,Anya Bogdanova,Female,3.94,G-110-6,0.987557
G-110,4295,SBS,Aubrey Davis,Female,4.17,G-110-6,1.107142
G-110,3664,SSS,Kevin Ross,Male,4.11,G-110-6,1.226842
G-110,2975,EEE,Jia Wei,Male,4.16,G-110-6,1.267072
G-110,827,CCDS,Sukanya Das,Female,4.03,G-110-7,0.986891
G-110,3578,SSS,Yuna Takahashi,Female,4.11,G-110-7,1.026842
G-110,3277,SBS,Akemi Watanabe,Female,3.87,G-110-7,1.108524
G-110,3249,CEE,Wei Jun,Male,4.1,G-110-7,1.26682
G-110,1313,CoE,Silas Kim,Male,4.27,G-110-7,1.308281
G-110,4591,WKW SCI,Jaxon Lee,Male,4.06,G-110-8,0.426812
G-110,5349,MAE,Ying Mei,Female,4.11,G-110-8,1.026842
G-110,3031,CCEB,Brianna Foster,Female,4.09,G-110-8,1.106806
G-110,2531,EEE,Anthony Liu,Male,4.06,G-110-8,1.266812
G-110,941,MSE,Jamal Bin Rahman,Male,4.01,G-110-8,1.306983
G-110,3138,CCDS,Mizuki Yamashita,Female,4.03,G-110-9,0.986891
G-110,5569,EEE,Riley Baker,Female,4.03,G-110-9,1.066891
G-110,1511,SBS,Nadia Binti,Female,4.03,G-110-9,1.106891
G-110,3396,SoH,Wren Tsai,Female,4.16,G-110-9,1.187072
G-110,3986,ASE,Glenn Wong,Male,4.05,G-110-9,1.38683
G-110,4761,CoB (NBS),Rajesh Desai,Male,3.95,G-110-10,0.427451
G-110,1985,CEE,Chloe Turner,Female,4.01,G-110-10,1.066983
G-110,1186,CoE,Sarah Wang,Female,4.17,G-110-10,1.107142
G-110,1402,SPMS,Nora Alia,Female,4.08,G-110-10,1.1868
G-110,1262,LKCMedicine,Samuel Cook,Male,4.02,G-110-10,1.386933
G-111,3700,CoB (NBS),Shreya Iyer,Female,4.08,G-111-1,0.359202
G-111,2043,EEE,Liam Wright,Male,4.17,G-111-1,0.999473
G-111,343,CEE,Raghav Reddy,Male,4.03,G-111-1,1.159332
G-111,2754,CCDS,Ethan James,Male,4.15,G-111-1,1.159357
G-111,377,ADM,Gina Wong,Female,4.17,G-111-1,1.239473
G-111,3295,CoB (NBS),Panshi,Male,4.3,G-111-2,0.281008
G-111,5553,EEE,Tyler Reddy,Male,4.15,G-111-2,0.999357
G-111,4994,SSS,Madison Bailey,Female,4.03,G-111-2,1.159332
G-111,2952,SPMS,Deng Jian,Male,4.17,G-111-2,1.159473
G-111,582,CCDS,Sophie Mendoza,Female,3.9,G-111-2,1.240605
G-111,1466,CoB (NBS),Kartik Reddy,Male,4.3,G-111-3,0.281008
G-111,2865,EEE,Parker Martin,Male,3.8,G-111-3,1.002504
G-111,5599,MAE,Violet Perez,Female,4.15,G-111-3,1.119357
G-111,1149,SoH,Thomas Harris,Male,4.15,G-111-3,1.159357
G-111,5663,ADM,Manisha Gupta,Female,4.15,G-111-3,1.239357
G-111,5698,WKW SCI,Tristan Young,Male,3.89,G-111-4,0.280759
G-111,5074,EEE,Willow Chen,Female,4.25,G-111-4,1.080258
G-111,4762,MAE,Nisha Malhotra,Female,4.1,G-111-4,1.119206
G-111,5754,SoH,Gideon Green,Male,4.15,G-111-4,1.159357
G-111,444,CoE,Hao Xun,Male,4.14,G-111-4,1.239311
G-111,2541,CoB (NBS),Wang Ming,Male,4.22,G-111-5,0.279903
G-111,2238,EEE,Hong Mei,Female,4.22,G-111-5,1.079903
G-111,5638,MAE,Haojun,Female,4,G-111-5,1.119506
G-111,3771,SPMS,Oliver Chan,Male,4.02,G-111-5,1.159382
G-111,4682,ADM,Lily Scott,Female,4.03,G-111-5,1.239332
G-111,1318,CoB (NBS),Mila Cook,Female,4.12,G-111-6,0.359243
G-111,5012,MAE,Silas Wu,Male,4.02,G-111-6,1.039382
G-111,5213,SSS,Trisha Joshi,Female,4.12,G-111-6,1.159243
G-111,3119,CEE,Xiong Wei Tan,Male,4.2,G-111-6,1.159707
G-111,2187,NIE,Dewi Sari,Female,4.02,G-111-6,1.279382
G-111,5554,EEE,Caleb Gray,Male,4.1,G-111-7,0.999206
G-111,3846,SSS,Mateo Huang,Male,4.52,G-111-7,1.086686
G-111,203,SSS,Angela Lim,Female,4.04,G-111-7,1.15929
G-111,5127,NIE,Hiroshi Matsumoto,Male,3.87,G-111-7,1.201091
G-111,2874,SBS,Harper Tan,Female,3.92,G-111-7,1.320321
G-111,221,CoB (NBS),Jasmine Rivera,Female,4.04,G-111-8,0.35929
G-111,3481,MAE,Afreen Bukhari,Male,4.12,G-111-8,1.039243
G-111,5350,CEE,Tian Hua,Male,4.09,G-111-8,1.1592
G-111,1621,ASE,Shinichi Nakagawa,Male,4.17,G-111-8,1.199473
G-111,4057,CCEB,Samira Khan,Female,3.9,G-111-8,1.280605
G-111,2276,WKW SCI,Haruto Suzuki,Male,4.04,G-111-9,0.27929
G-111,3532,EEE,Deena Binti Mohd,Female,4.15,G-111-9,1.079357
G-111,1902,SSS,Dylan Wang,Male,4.02,G-111-9,1.079382
G-111,2822,SPMS,Aisha Ali,Female,4.13,G-111-9,1.239273
G-111,4568,CCDS,Chandni Verma,Female,3.9,G-111-9,1.240605
G-111,2491,CoB (NBS),Penny Wong,Female,4.25,G-111-10,0.360258
G-111,4962,MAE,Tae-Jin Kim,Male,3.91,G-111-10,1.040459
G-111,2103,SoH,Jaxon Wu,Male,4.18,G-111-10,1.159543
G-111,1682,ASE,Jaxon Green,Male,4.02,G-111-10,1.199382
G-111,4798,CCEB,Siti Nurhaliza Binti Idris,Female,3.8,G-111-10,1.282504
G-112,2625,CCDS,Layla Reddy,Female,4.52,G-112-1,0.945269
G-112,5830,MAE,Alice Wang,Female,4.05,G-112-1,0.978524
G-112,1159,EEE,Caleb Mitchell,Male,4.09,G-112-1,1.17841
G-112,5151,CoE,Owais Javed,Male,4.15,G-112-1,1.218479
G-112,1021,LKCMedicine,Linda Thomas,Female,3.86,G-112-1,1.220813
G-112,5019,CCDS,Farah Binti Ibrahim,Female,4.25,G-112-2,0.939234
G-112,4503,CoE,Rowena Mendoza,Female,4.12,G-112-2,1.018408
G-112,5343,SBS,Ursula Turner,Female,4.04,G-112-2,1.138572
G-112,2257,EEE,Min Zhang,Male,4.3,G-112-2,1.179912
G-112,1500,ASE,Jagdeep Singh,Male,3.92,G-112-2,1.419778
G-112,5890,CoB (NBS),Ella Zhao,Female,4.22,G-112-3,0.258923
G-112,1838,MAE,Sofia Khanna,Female,4.01,G-112-3,0.978766
G-112,1120,CCDS,Lincoln Yang,Male,4.15,G-112-3,1.138479
G-112,1723,EEE,Ashton Lee,Male,4.03,G-112-3,1.178629
G-112,2229,CoE,Dong Chen,Male,4.2,G-112-3,1.218756
G-112,3967,CCDS,Uma Lopez,Female,4.22,G-112-4,0.938923
G-112,2451,MAE,Fatima Noor,Female,4.21,G-112-4,0.978836
G-112,4680,SSS,Laila Shah,Female,4,G-112-4,1.138846
G-112,5966,EEE,Kyle Yip,Male,4.02,G-112-4,1.178693
G-112,1450,MSE,Zeke Yang,Male,4.09,G-112-4,1.41841
G-112,5487,MAE,Asha Tan,Female,4.1,G-112-5,0.978401
G-112,2745,CCEB,Sakura Watanabe,Female,4.17,G-112-5,1.098566
G-112,5038,CCDS,Ravi Deshmukh,Male,4.2,G-112-5,1.138756
G-112,4938,ADM,Keiko Mori,Female,3.9,G-112-5,1.180091
G-112,799,NIE,Sanjay Kapoor,Male,4.15,G-112-5,1.418479
G-112,5296,CCDS,Penny Kwan,Female,4.09,G-112-6,0.93841
G-112,4234,EEE,Emma Davis,Female,4.13,G-112-6,0.978424
G-112,1251,SSS,Ngoc Ho,Female,4.08,G-112-6,1.138426
G-112,1044,CoE,Cameron Tan,Male,4.11,G-112-6,1.218401
G-112,5882,CCEB,Ryuu Tanaka,Male,4.1,G-112-6,1.298401
G-112,1622,CCDS,Talia Li,Female,4.18,G-112-7,0.938621
G-112,583,MAE,Mackenzie Russell,Female,4.03,G-112-7,0.978629
G-112,4150,SBS,Bridgette Villanueva,Female,4.15,G-112-7,1.138479
G-112,2073,EEE,Chen Yu,Male,4.06,G-112-7,1.178483
G-112,486,SSS,Rocco Ong,Male,4.09,G-112-7,1.33841
G-112,3437,CoB (NBS),Bingqi,Male,4.05,G-112-8,0.458524
G-112,44,EEE,Irene Cheung,Female,4.15,G-112-8,0.978479
G-112,3042,CCEB,Elena Brown,Female,4.2,G-112-8,1.098756
G-112,1032,MAE,Fadli Hidayat,Male,4.2,G-112-8,1.178756
G-112,3457,CoE,Theo Cooper,Male,3.9,G-112-8,1.220091
G-112,2654,MAE,Charlotte Robinson,Female,4.09,G-112-9,0.97841
G-112,239,CCEB,Katia Tan,Female,4.04,G-112-9,1.098572
G-112,1936,SoH,Mai Le,Female,4.09,G-112-9,1.17841
G-112,4083,ADM,Sophia Moore,Female,4.03,G-112-9,1.178629
G-112,5042,CEE,Tarun Nair,Male,4.17,G-112-9,1.418566
G-112,502,CCDS,Fern Adams,Female,4.14,G-112-10,0.938447
G-112,1022,CoE,Riley Jackson,Female,4.15,G-112-10,1.018479
G-112,3907,SBS,Ritika Patel,Female,4.16,G-112-10,1.138518
G-112,369,SoH,Maris Tsai,Female,3.88,G-112-10,1.180436
G-112,1492,SPMS,Jackson Yang,Male,4.04,G-112-10,1.418572
G-113,5910,WKW SCI,Amina Rahman,Female,3.85,G-113-1,0.284865
G-113,5959,CCDS,Kendall Zhang,Female,4.17,G-113-1,0.963738
G-113,4350,CCDS,Isaac Wright,Male,4.11,G-113-1,1.083325
G-113,2955,SPMS,Diana Prince,Female,4.15,G-113-1,1.163569
G-113,5465,CEE,Ahmad bin Ismail,Male,4.07,G-113-1,1.28321
G-113,3726,SoH,Diana Binti Azhar,Female,3.95,G-113-2,1.083633
G-113,2261,CCDS,Sadia Noor,Female,4.14,G-113-2,0.963496
G-113,5170,SSS,Oscar Lee,Male,4.15,G-113-2,1.083569
G-113,1042,EEE,Jasper Wang,Male,4.3,G-113-2,1.165621
G-113,4056,SPMS,Han Chen Lim,Male,3.8,G-113-2,1.285781
G-113,2906,CoB (NBS),Yara Chen,Female,3.88,G-113-3,0.284411
G-113,5232,SSS,Samantha Yang,Female,4.2,G-113-3,0.964053
G-113,3990,CCDS,Brayden Torres,Male,4.09,G-113-3,1.083252
G-113,5214,SoH,Zahid Bin Rahman,Male,4.1,G-113-3,1.203285
G-113,5457,CEE,Leonardo Thomas,Male,4.06,G-113-3,1.283201
G-113,5030,SSS,Lara Lim,Female,4.09,G-113-4,0.963252
G-113,3520,EEE,Suman Singh,Female,3.95,G-113-4,1.043633
G-113,5843,SoH,Taojie,Female,4.05,G-113-4,1.083201
G-113,3327,CCEB,Maya Rahayu,Female,4.2,G-113-4,1.164053
G-113,2114,MAE,Farrell Mendoza,Male,4.04,G-113-4,1.363208
G-113,1631,CoB (NBS),Fatima Khan,Female,4.06,G-113-5,0.283201
G-113,2217,CCDS,Clara Yang,Female,4.12,G-113-5,0.963374
G-113,5346,SSS,Jamal Santos,Male,4.08,G-113-5,1.083227
G-113,4460,EEE,Zhang Bo,Male,4.03,G-113-5,1.163223
G-113,5853,NIE,Sonia Iyer,Female,4.03,G-113-5,1.243223
G-113,2539,SoH,Kimi Wibowo,Female,4.05,G-113-6,1.083201
G-113,2922,SSS,Violet Ward,Female,4.01,G-113-6,0.963277
G-113,1496,CCDS,Adrian Tan,Male,4.02,G-113-6,1.083246
G-113,4655,EEE,Zahrah Binti Noor,Male,4.15,G-113-6,1.163569
G-113,1248,CoE,Natalie Chen,Female,4.05,G-113-6,1.243201
G-113,357,CoB (NBS),Vikram Joshi,Male,4.01,G-113-7,0.403277
G-113,338,SSS,Elizaveta Antonova,Female,3.89,G-113-7,0.964276
G-113,3228,CCDS,Yusuf Bin Sulaiman,Male,4.1,G-113-7,1.083285
G-113,5000,CCEB,Tess Tsai,Female,4.22,G-113-7,1.164302
G-113,5544,ADM,Isaiah Murphy,Male,4.05,G-113-7,1.323201
G-113,4565,CoB (NBS),Rohan Tan,Male,4.17,G-113-8,0.403738
G-113,475,EEE,Zara Price,Female,3.85,G-113-8,1.044865
G-113,5247,SoH,Alya Binti Mohd,Female,3.94,G-113-8,1.08372
G-113,5992,CEE,Zain Malik,Female,4.18,G-113-8,1.163835
G-113,447,CCEB,Logan Green,Male,4.09,G-113-8,1.283252
G-113,3191,SSS,Gia Price,Female,4.12,G-113-9,0.963374
G-113,2364,EEE,Kaitlyn Carter,Female,3.94,G-113-9,1.04372
G-113,2536,CoB (NBS),Lydia Wang,Female,4.07,G-113-9,0.28321
G-113,647,ADM,Sherry Tan,Female,4.15,G-113-9,1.203569
G-113,3076,MSE,Rajiv Mehta,Male,3.88,G-113-9,1.364411
G-113,3705,CoB (NBS),Isaac Wong,Male,4.04,G-113-10,0.403208
G-113,913,SSS,Siti binti Ahmad,Female,4.14,G-113-10,0.963496
G-113,5045,CoB (NBS),Grace Young,Female,4.01,G-113-10,0.283277
G-113,5740,CCDS,Bharat Menon,Male,3.78,G-113-10,1.086203
G-113,415,SPMS,Maximus Wright,Male,4.12,G-113-10,1.283374
G-114,366,CoB (NBS),Troy Wong,Male,4.52,G-114-1,0.524555
G-114,4028,CCDS,Svetlana Petrovna,Female,3.94,G-114-1,0.918114
G-114,3540,CoE,Rida Khan,Female,4.02,G-114-1,1.077403
G-114,3391,NIE,Aubree King,Female,4.14,G-114-1,1.117295
G-114,3367,MSE,Isaac Lee,Male,4.01,G-114-1,1.397464
G-114,2258,MAE,Zachary Tan,Male,4.02,G-114-2,1.237403
G-114,4687,CCEB,Sophie Patel,Female,4.02,G-114-2,0.957403
G-114,5810,ASE,Alia Zainal,Female,4.14,G-114-2,1.117295
G-114,5393,SBS,Jueqi,Female,4.2,G-114-2,1.157673
G-114,901,CEE,Orion Setiawan,Male,4.22,G-114-2,1.437864
G-114,4546,CCDS,Cheng Zhang,Female,4.08,G-114-3,0.917205
G-114,3787,CCEB,Misha Rani,Female,4.14,G-114-3,0.957295
G-114,3478,SSS,Maya Zhao,Female,4.12,G-114-3,1.117233
G-114,5647,SPMS,Hannah Tan,Female,4.04,G-114-3,1.157305
G-114,1410,NIE,Amit Sharma,Male,4.21,G-114-3,1.437765
G-114,2640,CCDS,Lily Tan,Female,4.1,G-114-4,0.917203
G-114,5032,CCEB,Mira Khan,Female,4.03,G-114-4,0.95735
G-114,5416,MSE,Iris Lim,Female,4.03,G-114-4,1.07735
G-114,2633,SSS,Lia Harum,Female,4.25,G-114-4,1.118209
G-114,1906,ASE,Azman bin Rahman,Male,4.15,G-114-4,1.437338
G-114,2519,CoB (NBS),Ariana Richardson,Female,4.18,G-114-5,0.197515
G-114,3528,MAE,Gloria Li,Female,4.02,G-114-5,0.917403
G-114,1493,EEE,Kira Foster,Female,3.85,G-114-5,0.999527
G-114,1627,CCEB,Ravi Chandran,Male,3.95,G-114-5,1.277997
G-114,4157,CoE,Rohan Sharma,Male,4.48,G-114-5,1.403247
G-114,1030,CoB (NBS),Thea Wang,Female,4.05,G-114-6,0.197268
G-114,5574,MAE,Gauri Mehta,Female,4.14,G-114-6,0.917295
G-114,51,EEE,Wani Binti Azhar,Female,4.05,G-114-6,0.997268
G-114,5062,CCDS,Dong-Wook Choi,Male,4.14,G-114-6,1.237295
G-114,1770,ADM,Xiao Wei,Male,4.03,G-114-6,1.39735
G-114,454,MAE,Luna Tsai,Female,4.09,G-114-7,0.9172
G-114,2907,CCEB,Abigail Lewis,Female,4.06,G-114-7,0.957239
G-114,5017,ADM,Sofia Cheng,Female,4.04,G-114-7,1.077305
G-114,2324,CEE,Sana Malik,Female,4.15,G-114-7,1.117338
G-114,4874,CoE,Rei Takahashi,Male,4.02,G-114-7,1.397403
G-114,2208,CoB (NBS),Saira Raza,Female,4.08,G-114-8,0.197205
G-114,1382,CCDS,Deepa Sharma,Female,4.12,G-114-8,0.917233
G-114,648,CCEB,Bella Goh,Female,3.95,G-114-8,0.957997
G-114,2218,MAE,Guixiang,Male,4.1,G-114-8,1.237203
G-114,1191,EEE,Oki Andri,Male,4.1,G-114-8,1.317203
G-114,1837,WKW SCI,Mila Wang,Female,3.88,G-114-9,0.198984
G-114,3400,CCDS,Kabir Singh,Female,4.19,G-114-9,0.91759
G-114,5405,MSE,Li Chan,Female,4.19,G-114-9,1.07759
G-114,5891,MAE,Alan Chan,Male,4.02,G-114-9,1.237403
G-114,5926,EEE,Xander Morris,Male,4.03,G-114-9,1.31735
G-114,9,MAE,Nguyen Thi Thanh,Female,4.08,G-114-10,0.917205
G-114,4464,CCDS,Rosa Tan,Female,4.06,G-114-10,0.917239
G-114,3725,ADM,Miho Nishimura,Female,4.08,G-114-10,1.077205
G-114,561,CoB (NBS),Shawn Ng,Male,4.03,G-114-10,0.51735
G-114,319,EEE,Tariq Khan,Male,4.02,G-114-10,1.317403
G-115,4330,CoB (NBS),Oliver Lim,Male,4.12,G-115-1,0.350425
G-115,2920,CCEB,Fiona Li,Female,4.09,G-115-1,1.070401
G-115,3571,EEE,Nathan Davis,Male,4.22,G-115-1,1.111027
G-115,4737,SPMS,Alya Binti Zainal,Female,4.03,G-115-1,1.190568
G-115,3854,ASE,Kohei Tanaka,Male,4.13,G-115-1,1.27045
G-115,4508,CoB (NBS),Hina Bukhari,Female,4.04,G-115-2,0.27052
G-115,1722,CoB (NBS),Jaxon Young,Male,4,G-115-2,0.350759
G-115,27,MAE,Caleb Wright,Male,4.22,G-115-2,1.111027
G-115,5406,SSS,Mira Agustina,Female,4.2,G-115-2,1.150843
G-115,5839,CoE,Kieran Zhao,Male,4.12,G-115-2,1.230425
G-115,5016,CoB (NBS),Sophie Tsai,Female,4.08,G-115-3,0.270409
G-115,2427,CoB (NBS),Mukesh Kumar,Male,4.15,G-115-3,0.350522
G-115,1910,CCEB,Aoi Tanaka,Female,4.17,G-115-3,1.070626
G-115,2871,CCDS,Shaista Iqbal,Female,4.04,G-115-3,1.15052
G-115,2921,SoH,Hendrix Yang,Male,4.1,G-115-3,1.230401
G-115,78,CoB (NBS),Jai Singh,Male,4.04,G-115-4,0.35052
G-115,4599,CCEB,Rhea Wu,Female,4.12,G-115-4,1.070425
G-115,5914,SSS,Yui Kobayashi,Female,4.12,G-115-4,1.150425
G-115,70,SPMS,Luna Flores,Female,4.05,G-115-4,1.19048
G-115,1367,MSE,Talha Malik,Male,4.18,G-115-4,1.31069
G-115,1774,WKW SCI,Saira Iqbal,Female,4.17,G-115-5,0.270626
G-115,441,EEE,Lilly Wong,Female,4.02,G-115-5,1.030624
G-115,3648,MAE,Ryoji Yamamoto,Male,3.87,G-115-5,1.112421
G-115,5095,CoE,Sanya Ahuja,Female,4.29,G-115-5,1.151924
G-115,4946,CCDS,Ryan Edwards,Male,4.15,G-115-5,1.230522
G-115,1146,WKW SCI,Layla Carter,Female,4.01,G-115-6,0.270688
G-115,2999,WKW SCI,Nathan Diaz,Male,4.01,G-115-6,0.350688
G-115,1123,MAE,David Stewart,Male,4.17,G-115-6,1.110626
G-115,3462,SSS,Anaya Shah,Female,4.19,G-115-6,1.150763
G-115,2842,SBS,Ling Liu,Female,4.11,G-115-6,1.190409
G-115,3207,CoB (NBS),Miyuki Nishimura,Female,4.22,G-115-7,0.271027
G-115,821,MAE,Isabella Ward,Female,3.88,G-115-7,1.032246
G-115,824,EEE,Gordon Yip,Male,4.17,G-115-7,1.110626
G-115,5150,ASE,Nida Rehman,Female,4.07,G-115-7,1.190425
G-115,3626,CEE,Zhi Yi Lim,Male,4.1,G-115-7,1.310401
G-115,4207,CoB (NBS),Ananya Doshi,Female,4.02,G-115-8,0.270624
G-115,4287,EEE,Samantha Lim,Female,4.12,G-115-8,1.030425
G-115,2786,MAE,Alexander Phillips,Male,4.19,G-115-8,1.110763
G-115,482,CCEB,Daiki Matsumoto,Male,4.18,G-115-8,1.15069
G-115,1221,SoH,Derrick Lim,Male,3.9,G-115-8,1.231918
G-115,275,CoB (NBS),Siti Nora,Female,4.02,G-115-9,0.270624
G-115,1392,MAE,Amber Chen,Female,4.25,G-115-9,1.031363
G-115,3627,EEE,Harry Li,Male,4.05,G-115-9,1.11048
G-115,3807,SoH,Pooja Mehra,Female,3.85,G-115-9,1.152797
G-115,548,CCDS,Weimin,Male,4.2,G-115-9,1.230843
G-115,3556,CoB (NBS),Meghan Carter,Female,4.11,G-115-10,0.270409
G-115,5254,EEE,Anna Kim,Female,4.04,G-115-10,1.03052
G-115,305,CCEB,Nguyen Van Loc,Male,4.08,G-115-10,1.150409
G-115,2695,SBS,Ella Chen,Female,4.19,G-115-10,1.190763
G-115,5081,CoE,James Wright,Male,3.89,G-115-10,1.232078
G-116,1971,MAE,Samuel Patel,Male,4.13,G-116-1,1.002036
G-116,4492,CCDS,Rina Patel,Female,3.9,G-116-1,1.083603
G-116,5679,CEE,Nguyen Minh Quang,Male,4.11,G-116-1,1.122004
G-116,2644,SSS,Serena Xiao,Female,4.01,G-116-1,1.162325
G-116,4736,CoE,Nicolas Ramos,Male,4.52,G-116-1,1.249049
G-116,3401,MAE,Zoe Brown,Female,4.06,G-116-2,1.042065
G-116,505,MAE,Sophie Martinez,Female,4.22,G-116-2,1.042574
G-116,2734,CEE,Eric Liu,Male,4.02,G-116-2,1.122257
G-116,5395,MSE,Fern Ng,Female,4.05,G-116-2,1.242101
G-116,3622,ADM,Dongmei,Male,4.3,G-116-2,1.283597
G-116,4642,MAE,Aarav Verma,Male,4.16,G-116-3,1.002143
G-116,1484,CCDS,Willow Li,Female,4.05,G-116-3,1.082101
G-116,4725,EEE,Suman Verma,Female,4.05,G-116-3,1.122101
G-116,5274,CCEB,Hikaru Matsumoto,Male,4.48,G-116-3,1.20777
G-116,2970,SPMS,Aarav Gupta,Male,3.88,G-116-3,1.28394
G-116,5341,CoB (NBS),Derek Lee,Male,4.2,G-116-4,0.322398
G-116,2847,MAE,Charlotte Walker,Female,4.03,G-116-4,1.042197
G-116,1112,CCDS,Anu Iyer,Female,4.01,G-116-4,1.082325
G-116,1082,CEE,Zain Ali,Male,4,G-116-4,1.122402
G-116,2379,CoE,Ashok Nair,Male,4.3,G-116-4,1.243597
G-116,3302,CoB (NBS),Fengguo,Female,4.1,G-116-5,0.362
G-116,174,CCDS,Ahmad Raza,Male,4.01,G-116-5,1.042325
G-116,1813,EEE,Gavin Smith,Male,4,G-116-5,1.082402
G-116,5083,SSS,Lucy Chen,Female,4.17,G-116-5,1.162195
G-116,876,MSE,Kimberly Lim,Female,4.2,G-116-5,1.242398
G-116,1801,CCDS,Jovian Liu,Male,4.1,G-116-6,1.042
G-116,2752,MAE,Nguyen Thi Thao,Female,4.03,G-116-6,1.042197
G-116,2951,EEE,Sophia Yang,Female,4.15,G-116-6,1.122099
G-116,2894,CCEB,Riley Lin,Female,4.14,G-116-6,1.242063
G-116,779,SBS,Adrian Zhang,Male,4.04,G-116-6,1.282145
G-116,2868,CoB (NBS),Lorenzo Wu,Male,4.06,G-116-7,0.322065
G-116,5302,MAE,Sonia Verma,Female,4.17,G-116-7,1.042195
G-116,281,EEE,Dong Chen,Male,4.03,G-116-7,1.082197
G-116,3141,SSS,Zahra Yousaf,Female,4.14,G-116-7,1.162063
G-116,5825,NIE,Harlan Perdana,Male,4.05,G-116-7,1.242101
G-116,4391,MAE,Mohammed Hafiz,Male,4.19,G-116-8,1.002323
G-116,890,EEE,Gabriel Edwards,Male,4.12,G-116-8,1.082016
G-116,540,CEE,Hao Wei Tan,Male,4.2,G-116-8,1.122398
G-116,2465,SSS,Amina Begum,Female,3.88,G-116-8,1.16394
G-116,2593,SoH,Nina Khan,Female,4.02,G-116-8,1.322257
G-116,1173,WKW SCI,Tina Ho,Female,4.09,G-116-9,0.362004
G-116,4055,CCDS,Quinn Lim,Male,3.95,G-116-9,1.042902
G-116,982,SSS,Derek Adams,Male,4.2,G-116-9,1.122398
G-116,4087,CEE,Amira Hasan,Female,4.12,G-116-9,1.162016
G-116,1530,CCEB,Nurul Aini,Female,4.01,G-116-9,1.242325
G-116,2693,CoB (NBS),Nafisa Shah,Female,4.12,G-116-10,0.362016
G-116,4044,EEE,Henry Liu,Male,4.05,G-116-10,1.082101
G-116,1100,CCDS,Maya Ali,Female,4.09,G-116-10,1.082004
G-116,3261,MSE,Asher Hill,Male,4.3,G-116-10,1.203597
G-116,1646,NIE,Jueqi,Male,3.8,G-116-10,1.245605
G-117,5886,CCDS,Pamela Reyes,Female,4.06,G-117-1,0.857694
G-117,4332,SSS,Maira Binti Rahman,Female,4.73,G-117-1,0.993046
G-117,117,CEE,Farah Binti,Female,3.95,G-117-1,1.058606
G-117,3709,MSE,Vina Ratnasari,Female,4.2,G-117-1,1.177934
G-117,4625,CoE,Dylan Li,Male,3.95,G-117-1,1.338606
G-117,3000,CCDS,Gita Ayu,Female,4,G-117-2,0.858072
G-117,4517,CCEB,Leah Tan,Female,4.15,G-117-2,1.057669
G-117,1563,EEE,Kavita Desai,Female,4.03,G-117-2,1.137847
G-117,3999,SBS,Nisha Rani,Female,4.21,G-117-2,1.218011
G-117,2719,MAE,Ihsan Rahma,Male,4.3,G-117-2,1.419065
G-117,3677,CoB (NBS),Katherine Ho,Female,4.22,G-117-3,0.258096
G-117,3384,SSS,Isabella Miller,Female,3.92,G-117-3,0.979023
G-117,5650,CCDS,Felix Lim,Male,4.18,G-117-3,1.057804
G-117,3503,CCEB,Dhruv Sharma,Male,4.03,G-117-3,1.257847
G-117,4770,NIE,Hao Chen Lee,Male,4.3,G-117-3,1.299065
G-117,4873,CCDS,Ying Yi,Female,4.11,G-117-4,0.8576
G-117,760,SSS,Evelyn Rodriguez,Female,4.18,G-117-4,0.977804
G-117,2796,CCEB,Maira Malik,Female,4.03,G-117-4,1.057847
G-117,5261,SPMS,Aurora Price,Female,4.12,G-117-4,1.177605
G-117,789,EEE,Aditya Tan,Male,4.11,G-117-4,1.3376
G-117,3435,CoB (NBS),Ulysses Chan,Male,4,G-117-5,0.458072
G-117,5608,SSS,Qori Putri,Female,4.2,G-117-5,0.977934
G-117,245,CCDS,Yuki Sato,Male,4.17,G-117-5,1.057751
G-117,3586,MSE,Shanice Tan,Female,4.05,G-117-5,1.177737
G-117,1638,CoE,Liam Ali,Male,4.12,G-117-5,1.337605
G-117,3081,CCDS,Aminah Safwan,Female,4.19,G-117-6,0.857865
G-117,5814,CEE,Ember Chang,Female,4.09,G-117-6,1.057614
G-117,5965,CoE,Hani Suharni,Female,4.05,G-117-6,1.137737
G-117,3205,ADM,Chen Ya,Female,4.12,G-117-6,1.217605
G-117,5536,SPMS,Zane Navarro,Male,4.09,G-117-6,1.377614
G-117,3372,CoB (NBS),Fuzheng,Female,4.05,G-117-7,0.257737
G-117,1366,CCDS,Chloe Zhang,Female,4.22,G-117-7,0.858096
G-117,2813,CCDS,Aidan Scott,Male,4.04,G-117-7,1.057788
G-117,2102,SSS,Dustin Zhao,Male,4.05,G-117-7,1.177737
G-117,5522,NIE,Derek Martinez,Male,4.11,G-117-7,1.2976
G-117,3113,CoB (NBS),Claudia Wang,Female,4.18,G-117-8,0.257804
G-117,1799,CCDS,Kylie Roberts,Female,3.8,G-117-8,0.861409
G-117,5514,CCEB,Tian Yi Tan,Female,4.2,G-117-8,1.057934
G-117,2388,CEE,Mingyu,Male,4.2,G-117-8,1.257934
G-117,265,NIE,Adrian Lee,Male,4.08,G-117-8,1.297633
G-117,1938,CoB (NBS),Miyuki Takeda,Female,4.11,G-117-9,0.2576
G-117,3472,CCDS,Jun Yi Tan,Male,4.15,G-117-9,1.057669
G-117,699,CCEB,Farah Ahmed,Female,4.04,G-117-9,1.057788
G-117,5466,SSS,Daniel Patel,Male,4.05,G-117-9,1.177737
G-117,2041,CEE,Zhi Wei Lim,Male,4,G-117-9,1.258072
G-117,4519,CoB (NBS),Jin Yu Tan,Male,4.2,G-117-10,0.457934
G-117,4917,SSS,Kiran Reddy,Female,3.9,G-117-10,0.979341
G-117,2389,CEE,Rizwan Raza,Female,4.18,G-117-10,1.057804
G-117,115,EEE,Zelda Ong,Female,4,G-117-10,1.138072
G-117,1027,NIE,Hikaru Tanaka,Male,4.01,G-117-10,1.297989
G-118,4251,EEE,Kylie Torres,Female,3.9,G-118-1,1.028104
G-118,4975,CCDS,Dane Santos,Male,4.08,G-118-1,1.026428
G-118,3971,CEE,Seth Li,Male,4.26,G-118-1,1.147344
G-118,3343,LKCMedicine,Guang Li,Male,4.26,G-118-1,1.227344
G-118,1228,ADM,Eliana Tan,Female,4.25,G-118-1,1.387225
G-118,5478,EEE,Kendall Smith,Male,4.04,G-118-2,0.866576
G-118,3945,CCDS,Cameron Carter,Male,4.12,G-118-2,1.026407
G-118,3596,CEE,David Phillips,Male,4.18,G-118-2,1.146617
G-118,3563,CoE,Kiran Reddy,Male,4.09,G-118-2,1.186411
G-118,4227,MAE,Olive James,Female,4.17,G-118-2,1.306562
G-118,1623,EEE,Marcus Lim,Male,4.18,G-118-3,0.866617
G-118,3386,CCDS,Noah Yang,Male,4.05,G-118-3,1.026527
G-118,5462,MAE,Isaiah Huang,Male,4.08,G-118-3,1.146428
G-118,4688,SPMS,Ravi Reddy,Male,4.03,G-118-3,1.226633
G-118,3206,CEE,Ika Putri,Female,4.25,G-118-3,1.307225
G-118,2742,CoB (NBS),Uriah Howard,Male,4.52,G-118-4,0.273243
G-118,4525,EEE,Chen Liu,Male,3.89,G-118-4,0.868273
G-118,5315,SSS,Luca Torres,Male,4.11,G-118-4,1.106401
G-118,689,SSS,Aki Nishimura,Female,4.09,G-118-4,1.266411
G-118,1532,SBS,Gwen Alvarado,Female,3.95,G-118-4,1.267378
G-118,2838,WKW SCI,Hugo Wong,Male,4.08,G-118-5,0.266428
G-118,1940,EEE,Riya Bhatia,Female,4.19,G-118-5,1.02668
G-118,5511,CCEB,Sandeep Sharma,Male,4.03,G-118-5,1.106633
G-118,4626,CCDS,Divya Mehta,Female,4,G-118-5,1.186853
G-118,678,SoH,Qing Zhao,Female,4.22,G-118-5,1.266916
G-118,2105,CoB (NBS),Theodore Yang,Male,4.12,G-118-6,0.266407
G-118,4726,EEE,Tanya Tan,Female,4.15,G-118-6,1.026476
G-118,2495,CCDS,Rafiq Bin Omar,Male,3.85,G-118-6,1.02903
G-118,5075,SSS,Lan Liu,Female,4.15,G-118-6,1.266476
G-118,960,SBS,Addison Young,Female,4.22,G-118-6,1.266916
G-118,469,HASS,Dorian Yang,Male,4.09,G-118-7,0.266411
G-118,3180,EEE,Linh Vu,Female,4.19,G-118-7,1.02668
G-118,5533,SoH,Dylan Tan,Male,4.04,G-118-7,1.106576
G-118,5489,CCDS,Sonya Tan,Female,4.14,G-118-7,1.186445
G-118,5116,CCEB,Radhika Iyer,Female,4.02,G-118-7,1.266699
G-118,4769,CoB (NBS),Shreya Mehta,Female,4.14,G-118-8,0.426445
G-118,494,EEE,Feng Zhao,Male,4.01,G-118-8,0.866772
G-118,4792,SoH,Sufyan Bin Ramli,Male,4.2,G-118-8,1.10675
G-118,65,MAE,Maximus Davis,Male,3.92,G-118-8,1.14779
G-118,4253,SBS,Autumn Chen,Female,4.19,G-118-8,1.26668
G-118,472,CoB (NBS),Peyton Simmons,Female,3.87,G-118-9,0.428635
G-118,3304,EEE,Ningyi,Male,4.33,G-118-9,0.8684
G-118,5427,SSS,Zeke Villanueva,Male,4.12,G-118-9,1.106407
G-118,2859,CoE,Aleksey Ivanov,Male,4.12,G-118-9,1.186407
G-118,5643,CCEB,Neha Gupta,Female,4,G-118-9,1.266853
G-118,4514,CoB (NBS),Liam Zhang,Male,4.04,G-118-10,0.266576
G-118,123,EEE,Jacob Edwards,Male,4.02,G-118-10,0.866699
G-118,5577,SoH,Randy Lim,Male,4.26,G-118-10,1.107344
G-118,5723,SBS,Luna Chen,Female,4.1,G-118-10,1.266402
G-118,286,CCEB,Aaliyah Brooks,Female,4.01,G-118-10,1.266772
G-119,3027,EEE,Seth Li,Male,4.18,G-119-1,1.108674
G-119,5867,SSS,Ravi Kumar,Female,4.05,G-119-1,1.068489
G-119,250,CCDS,Siti Aida,Female,4.15,G-119-1,1.148512
G-119,3558,ADM,Linh Tran,Female,4.19,G-119-1,1.228744
G-119,1408,SPMS,Adam Patterson,Male,4.18,G-119-1,1.308674
G-119,2730,CoB (NBS),Jing Li,Female,4.08,G-119-2,0.268412
G-119,5498,EEE,Sophie Garcia,Female,4.19,G-119-2,0.988744
G-119,1435,SoH,Ravi Tan,Male,4.1,G-119-2,1.1484
G-119,891,SSS,Jackson Yang,Male,4.03,G-119-2,1.188581
G-119,2047,NIE,Malcolm Chen,Male,4.19,G-119-2,1.228744
G-119,1973,CoB (NBS),Shayla Wu,Female,4.25,G-119-3,0.269334
G-119,1412,SoH,Siti Nur,Female,3.87,G-119-3,1.030465
G-119,4731,EEE,Luming,Male,4.1,G-119-3,1.1084
G-119,2798,CEE,Christopher Martinez,Male,4.05,G-119-3,1.228489
G-119,750,SBS,Kaitlyn Morris,Female,4.27,G-119-3,1.229594
G-119,1629,CoB (NBS),Felix Wong,Male,4.15,G-119-4,0.388512
G-119,5519,SoH,Lana Cooper,Female,4.06,G-119-4,1.028455
G-119,2674,NIE,Tania Lim,Female,4.12,G-119-4,1.108421
G-119,1970,CEE,Ryan James,Male,4.15,G-119-4,1.228512
G-119,4547,CoE,Nguyen Van Phuc,Male,4.02,G-119-4,1.268638
G-119,4952,CoB (NBS),Shazwan Bin Rahman,Male,4.15,G-119-5,0.388512
G-119,4315,SoH,Mariah Mendoza,Female,4.1,G-119-5,1.0284
G-119,5528,MAE,Mila Torres,Female,4,G-119-5,1.108778
G-119,724,CEE,Manoj Pillai,Male,4.18,G-119-5,1.228674
G-119,1655,CoE,Karthik Nair,Male,4.06,G-119-5,1.268455
G-119,1444,EEE,Irina Petrovna,Female,4.12,G-119-6,0.988421
G-119,1328,SSS,Sora Nishimura,Female,4.09,G-119-6,1.068402
G-119,3772,CCDS,Qiao Yu,Female,4.12,G-119-6,1.148421
G-119,2450,CCEB,Katrina Tan,Female,4.05,G-119-6,1.228489
G-119,3529,MSE,Ben Tan,Male,4.1,G-119-6,1.3084
G-119,414,CoB (NBS),Adriel Chen,Male,4.19,G-119-7,0.388744
G-119,1831,SSS,Emma Lee,Female,4.03,G-119-7,1.068581
G-119,711,NIE,Carmen Li,Female,3.88,G-119-7,1.110287
G-119,2224,MAE,Nikhil Kumar,Male,4.15,G-119-7,1.228512
G-119,1133,CCDS,Malcolm Tan,Male,4.2,G-119-7,1.268823
G-119,2797,CoB (NBS),Clara Lee,Female,4.04,G-119-8,0.268531
G-119,4158,EEE,Truong Thi Hai,Female,4.03,G-119-8,0.988581
G-119,2430,MAE,Amelia Young,Female,4.26,G-119-8,1.10946
G-119,875,SoH,Kamran Shah,Male,4.22,G-119-8,1.149003
G-119,2067,CEE,Cai Wei,Male,3.9,G-119-8,1.229956
G-119,3707,EEE,Mila Sanchez,Female,4.08,G-119-9,0.988412
G-119,1389,SSS,Felicity Tan,Female,4.12,G-119-9,1.068421
G-119,2804,MAE,Sabrina Tan,Female,3.82,G-119-9,1.111474
G-119,3844,MSE,Sabrina Lee,Female,4.2,G-119-9,1.188823
G-119,4509,CoE,Dante Wong,Male,4.17,G-119-9,1.268612
G-119,1289,WKW SCI,Liam Walker,Male,4.1,G-119-10,0.3884
G-119,5704,SoH,Anoushka Rao,Female,4.1,G-119-10,1.0284
G-119,1305,EEE,Cassandra Wu,Female,4.03,G-119-10,0.988581
G-119,2378,SPMS,Priya Reddy,Female,4.14,G-119-10,1.188473
G-119,541,NIE,Andrew Wong,Male,3.85,G-119-10,1.230844
G-120,3721,CoB (NBS),Samantha Lee,Female,4.52,G-120-1,0.3836
G-120,5835,MAE,Samuel Cook,Male,4.02,G-120-1,1.0176
G-120,2805,EEE,Nolan Foster,Male,4.14,G-120-1,1.097216
G-120,440,CEE,Levi Parker,Male,4.04,G-120-1,1.137456
G-120,1179,LKCMedicine,Yasmin Kaur,Female,4.04,G-120-1,1.337456
G-120,5220,CoB (NBS),Rishi Singh,Male,4.08,G-120-2,0.297264
G-120,1856,CCDS,Derek Tan,Male,4.04,G-120-2,0.977456
G-120,3187,MAE,Fauzi Bin Zain,Male,4.52,G-120-2,1.0236
G-120,822,CCEB,Riku Tanaka,Female,4.03,G-120-2,1.097524
G-120,2507,SSS,Yani Rahmadani,Female,4,G-120-2,1.337776
G-120,2008,CoB (NBS),Jasmine Khan,Female,4.1,G-120-3,0.377216
G-120,641,CCEB,Joni Setiawan,Male,3.9,G-120-3,1.019136
G-120,3229,EEE,Victor Andreyev,Male,4.08,G-120-3,1.097264
G-120,2420,CEE,Faisal Bin Yusof,Male,4.57,G-120-3,1.1453
G-120,4611,SBS,Sophia White,Female,4.02,G-120-3,1.3376
G-120,1256,CoB (NBS),Omar Chen,Male,4.14,G-120-4,0.297216
G-120,775,CCDS,Ashok Patil,Male,4.23,G-120-4,0.977684
G-120,1182,CCEB,Jessica Lee,Female,4.1,G-120-4,1.097216
G-120,350,EEE,Janet Ng,Female,4.15,G-120-4,1.177236
G-120,3859,CoE,Kai Wei,Male,4.01,G-120-4,1.217684
G-120,2769,WKW SCI,Jayden Clark,Male,4.2,G-120-5,0.297456
G-120,2703,MAE,Ravi Gupta,Male,4.03,G-120-5,1.017524
G-120,1957,CCDS,Yani Santoso,Female,4.2,G-120-5,1.057456
G-120,2004,CCEB,Rachel Yeo,Female,4.25,G-120-5,1.097876
G-120,2945,NIE,Yasir Shah,Male,3.95,G-120-5,1.258356
G-120,5148,CoB (NBS),Isaac Wu,Male,4.1,G-120-6,0.297216
G-120,4218,CCDS,Marcus Chen,Male,4.1,G-120-6,0.977216
G-120,1568,MAE,Briar Young,Female,4.1,G-120-6,1.097216
G-120,5205,CCEB,Yara Price,Female,4.2,G-120-6,1.097456
G-120,2553,CoE,Lucas Gonzalez,Male,4.08,G-120-6,1.217264
G-120,3750,CoB (NBS),Janelle Huang,Female,4.12,G-120-7,0.3772
G-120,5908,CCEB,Taro Suzuki,Male,4.16,G-120-7,1.017264
G-120,3222,CCDS,Kang Lei,Female,4.04,G-120-7,1.057456
G-120,163,EEE,Jing Chen,Male,4.05,G-120-7,1.097396
G-120,390,ASE,Sneha Chakraborty,Female,4.2,G-120-7,1.337456
G-120,4719,CoB (NBS),Jackson Moore,Male,4.11,G-120-8,0.297204
G-120,5006,CCDS,Dong-Il Kim,Male,4.1,G-120-8,0.977216
G-120,3174,CCEB,Yan Li,Female,4.18,G-120-8,1.097344
G-120,1317,MAE,Tina Sun,Female,4,G-120-8,1.097776
G-120,92,CEE,Victoria Choi,Female,4.14,G-120-8,1.217216
G-120,4882,CoB (NBS),Charlotte Alexander,Female,4.14,G-120-9,0.377216
G-120,2685,MAE,Oliver Wu,Male,4.08,G-120-9,1.017264
G-120,2696,CCDS,Samantha Cooper,Female,4.03,G-120-9,1.057524
G-120,1475,CEE,Deng Li,Male,4.2,G-120-9,1.137456
G-120,116,SoH,Ava Rodriguez,Female,4.04,G-120-9,1.337456
G-120,3175,WKW SCI,Christopher Harris,Male,4.02,G-120-10,0.2976
G-120,4070,MAE,John Walker,Male,4.26,G-120-10,1.017984
G-120,3840,CCDS,Giselle Bautista,Female,4.04,G-120-10,1.057456
G-120,4631,EEE,Samantha Patel,Female,4,G-120-10,1.177776
G-120,5563,MSE,Ruiwen,Male,4.15,G-120-10,1.257236
